country_code,year,NE.CON.PRVT.PC.KD,NY.GDP.PCAP.KD
ABW,1960,NA,NA
ABW,1961,NA,NA
ABW,1962,NA,NA
ABW,1963,NA,NA
ABW,1964,NA,NA
ABW,1965,NA,NA
ABW,1966,NA,NA
ABW,1967,NA,NA
ABW,1968,NA,NA
ABW,1969,NA,NA
ABW,1970,NA,NA
ABW,1971,NA,NA
ABW,1972,NA,NA
ABW,1973,NA,NA
ABW,1974,NA,NA
ABW,1975,NA,NA
ABW,1976,NA,NA
ABW,1977,NA,NA
ABW,1978,NA,NA
ABW,1979,NA,NA
ABW,1980,NA,NA
ABW,1981,NA,NA
ABW,1982,NA,NA
ABW,1983,NA,NA
ABW,1984,NA,NA
ABW,1985,NA,NA
ABW,1986,NA,17354.4211506779
ABW,1987,NA,20407.620205072
ABW,1988,NA,24143.1712840053
ABW,1989,NA,26573.6479138613
ABW,1990,NA,26609.3840748633
ABW,1991,NA,27358.0217070709
ABW,1992,NA,27662.2034052006
ABW,1993,NA,27798.3553265013
ABW,1994,NA,28563.2336087935
ABW,1995,NA,28479.6452657341
ABW,1996,NA,27701.0504117279
ABW,1997,NA,28526.0975674511
ABW,1998,NA,28387.1299566371
ABW,1999,NA,28351.3719022982
ABW,2000,NA,30199.6612772816
ABW,2001,NA,31169.7969138989
ABW,2002,NA,30662.3217145204
ABW,2003,NA,30651.9457560917
ABW,2004,NA,32192.7919471291
ABW,2005,NA,31249.2780373413
ABW,2006,NA,31038.8898666583
ABW,2007,NA,31759.8232024833
ABW,2008,NA,32097.0402243555
ABW,2009,NA,28157.1489891095
ABW,2010,NA,27324.5554259804
ABW,2011,NA,28037.8697927378
ABW,2012,NA,27341.2274279996
ABW,2013,NA,28668.7204196265
ABW,2014,NA,27914.8433440348
ABW,2015,15193.5209074482,27458.2253310273
ABW,2016,NA,27719.5007310796
ABW,2017,NA,29671.13582858
ABW,2018,NA,30334.1159488227
ABW,2019,NA,29576.8099423267
ABW,2020,NA,21947.9953301189
ABW,2021,NA,27469.0056215511
ABW,2022,NA,29917.1280287045
ABW,2023,NA,31178.473678762
AFE,1960,NA,1172.31628457958
AFE,1961,NA,1147.2682173762
AFE,1962,NA,1204.74445972811
AFE,1963,NA,1238.40850737334
AFE,1964,NA,1261.07726606026
AFE,1965,NA,1289.3990623898
AFE,1966,NA,1314.12850381894
AFE,1967,NA,1345.9049465569
AFE,1968,NA,1361.87020341746
AFE,1969,NA,1390.43728814715
AFE,1970,NA,1366.13765880983
AFE,1971,NA,1399.97874867348
AFE,1972,NA,1398.43644172902
AFE,1973,NA,1420.75390374678
AFE,1974,NA,1454.62433604228
AFE,1975,NA,1432.58460340251
AFE,1976,NA,1424.54733305453
AFE,1977,NA,1400.34360306221
AFE,1978,NA,1379.61335445605
AFE,1979,NA,1376.29596424181
AFE,1980,NA,1408.5957454907
AFE,1981,NA,1420.49119689592
AFE,1982,NA,1379.8848758756
AFE,1983,NA,1337.86218324164
AFE,1984,NA,1341.57246779422
AFE,1985,NA,1300.10260294073
AFE,1986,NA,1290.42734102138
AFE,1987,NA,1301.85277139395
AFE,1988,NA,1318.61921813824
AFE,1989,NA,1316.42085552177
AFE,1990,763.203090404885,1281.46122178296
AFE,1991,751.577568723424,1245.4743995977
AFE,1992,730.621325035509,1184.31455410794
AFE,1993,726.859438848851,1145.06360643273
AFE,1994,730.316119046533,1136.52231618488
AFE,1995,754.156343549125,1154.82952952235
AFE,1996,762.903390763097,1185.99995587343
AFE,1997,770.226547443155,1200.39810573878
AFE,1998,779.756835783327,1190.19357571922
AFE,1999,777.792700667873,1190.10462296124
AFE,2000,773.825223115555,1196.89512926094
AFE,2001,782.737223987804,1207.19700449299
AFE,2002,784.923991112681,1221.23962370701
AFE,2003,798.039966268838,1224.83925722882
AFE,2004,824.724799420998,1259.18113849332
AFE,2005,852.814881802977,1301.71923382969
AFE,2006,898.014723214955,1350.79588075011
AFE,2007,923.080375779302,1402.32817312956
AFE,2008,916.309798173085,1424.25967703716
AFE,2009,906.228003357751,1397.87315417454
AFE,2010,933.334000033983,1431.32479234312
AFE,2011,929.455526500396,1450.05166056896
AFE,2012,944.837726809317,1436.17300830713
AFE,2013,958.3889855636,1457.90149624789
AFE,2014,969.944717834333,1475.66554498481
AFE,2015,990.563836604294,1479.56412348117
AFE,2016,987.91652753264,1472.63060373892
AFE,2017,989.200621849695,1472.73478268631
AFE,2018,988.239754177062,1471.2250330059
AFE,2019,985.475017474487,1463.13954875332
AFE,2020,930.516741774584,1383.37781834824
AFE,2021,953.314655337664,1408.86083752216
AFE,2022,958.942854521013,1421.58972754715
AFE,2023,950.911923299382,1418.3637366532
AFG,1960,NA,NA
AFG,1961,NA,NA
AFG,1962,NA,NA
AFG,1963,NA,NA
AFG,1964,NA,NA
AFG,1965,NA,NA
AFG,1966,NA,NA
AFG,1967,NA,NA
AFG,1968,NA,NA
AFG,1969,NA,NA
AFG,1970,NA,NA
AFG,1971,NA,NA
AFG,1972,NA,NA
AFG,1973,NA,NA
AFG,1974,NA,NA
AFG,1975,NA,NA
AFG,1976,NA,NA
AFG,1977,NA,NA
AFG,1978,NA,NA
AFG,1979,NA,NA
AFG,1980,NA,NA
AFG,1981,NA,NA
AFG,1982,NA,NA
AFG,1983,NA,NA
AFG,1984,NA,NA
AFG,1985,NA,NA
AFG,1986,NA,NA
AFG,1987,NA,NA
AFG,1988,NA,NA
AFG,1989,NA,NA
AFG,1990,NA,NA
AFG,1991,NA,NA
AFG,1992,NA,NA
AFG,1993,NA,NA
AFG,1994,NA,NA
AFG,1995,NA,NA
AFG,1996,NA,NA
AFG,1997,NA,NA
AFG,1998,NA,NA
AFG,1999,NA,NA
AFG,2000,NA,308.318269746638
AFG,2001,NA,277.118051443941
AFG,2002,NA,338.139973643387
AFG,2003,NA,346.071627096223
AFG,2004,NA,338.637273888197
AFG,2005,NA,363.640141436773
AFG,2006,NA,367.75831169358
AFG,2007,NA,410.757728879097
AFG,2008,NA,417.647282647498
AFG,2009,NA,488.830652491949
AFG,2010,NA,542.871030476037
AFG,2011,NA,525.42698276582
AFG,2012,NA,568.929021458341
AFG,2013,NA,580.603833333096
AFG,2014,NA,575.146245808546
AFG,2015,NA,565.569730408751
AFG,2016,NA,563.872336723147
AFG,2017,NA,562.769574140988
AFG,2018,NA,553.125151688293
AFG,2019,NA,557.861533207459
AFG,2020,NA,527.834554499306
AFG,2021,NA,408.625855217403
AFG,2022,NA,377.665627080705
AFG,2023,NA,379.707497269884
AFW,1960,NA,1110.51384929754
AFW,1961,NA,1107.76204214313
AFW,1962,NA,1124.66105968061
AFW,1963,NA,1178.78717766213
AFW,1964,NA,1215.75086393215
AFW,1965,NA,1238.10396678278
AFW,1966,NA,1192.19360473299
AFW,1967,NA,1060.09510428247
AFW,1968,NA,1052.20814487681
AFW,1969,NA,1184.29670638297
AFW,1970,NA,1358.78593910461
AFW,1971,NA,1466.14602883052
AFW,1972,NA,1475.89572574898
AFW,1973,NA,1496.92545543426
AFW,1974,NA,1604.66230821221
AFW,1975,NA,1528.88685089789
AFW,1976,NA,1613.82857649417
AFW,1977,NA,1642.25822495456
AFW,1978,NA,1566.17485991401
AFW,1979,NA,1600.0274615837
AFW,1980,NA,1585.40190441092
AFW,1981,NA,1436.92903356315
AFW,1982,NA,1350.38603041762
AFW,1983,NA,1230.69504801196
AFW,1984,NA,1205.04535501529
AFW,1985,NA,1235.06519559907
AFW,1986,NA,1218.02077411355
AFW,1987,NA,1202.16175153607
AFW,1988,NA,1224.01449387901
AFW,1989,NA,1210.91972119185
AFW,1990,NA,1247.04787549047
AFW,1991,NA,1226.86276969981
AFW,1992,NA,1221.82126001405
AFW,1993,NA,1173.7255055422
AFW,1994,NA,1139.20170312189
AFW,1995,NA,1129.4175308288
AFW,1996,NA,1150.09173760555
AFW,1997,NA,1168.59229429733
AFW,1998,NA,1177.72201270595
AFW,1999,NA,1163.56122007983
AFW,2000,NA,1175.77484413942
AFW,2001,NA,1202.42388981194
AFW,2002,NA,1285.71218344687
AFW,2003,NA,1319.36053885277
AFW,2004,NA,1385.00978963336
AFW,2005,NA,1424.63880748968
AFW,2006,NA,1459.32809971552
AFW,2007,NA,1497.18807427243
AFW,2008,NA,1546.8522365207
AFW,2009,NA,1598.60092536965
AFW,2010,NA,1663.01583407265
AFW,2011,NA,1695.18785144481
AFW,2012,NA,1733.89775284292
AFW,2013,NA,1791.11398738858
AFW,2014,NA,1846.05094373233
AFW,2015,NA,1845.76780421108
AFW,2016,NA,1799.97494491163
AFW,2017,NA,1793.46529188134
AFW,2018,NA,1798.33978321279
AFW,2019,NA,1811.72758256053
AFW,2020,NA,1751.19501048234
AFW,2021,NA,1779.34015871995
AFW,2022,NA,1804.19814239875
AFW,2023,NA,1820.75474142308
AGO,1960,NA,NA
AGO,1961,NA,NA
AGO,1962,NA,NA
AGO,1963,NA,NA
AGO,1964,NA,NA
AGO,1965,NA,NA
AGO,1966,NA,NA
AGO,1967,NA,NA
AGO,1968,NA,NA
AGO,1969,NA,NA
AGO,1970,NA,NA
AGO,1971,NA,NA
AGO,1972,NA,NA
AGO,1973,NA,NA
AGO,1974,NA,NA
AGO,1975,NA,NA
AGO,1976,NA,NA
AGO,1977,NA,NA
AGO,1978,NA,NA
AGO,1979,NA,NA
AGO,1980,NA,2835.45918525994
AGO,1981,NA,2613.73938612911
AGO,1982,NA,2519.35158518789
AGO,1983,NA,2529.40192266936
AGO,1984,NA,2583.61982616848
AGO,1985,NA,2577.46509177461
AGO,1986,NA,2557.95883799319
AGO,1987,NA,2571.49691872454
AGO,1988,NA,2637.78185527742
AGO,1989,NA,2550.29431304775
AGO,1990,NA,2380.17624300565
AGO,1991,NA,2324.36937619854
AGO,1992,NA,2118.16654532324
AGO,1993,NA,1559.517151584
AGO,1994,NA,1529.994431256
AGO,1995,NA,1701.69727652709
AGO,1996,NA,1867.93503101029
AGO,1997,NA,1936.91619338589
AGO,1998,NA,1961.03722525713
AGO,1999,NA,1938.86184025918
AGO,2000,NA,1932.98847886814
AGO,2001,NA,1947.85672988915
AGO,2002,1096.00545885151,2139.87259662901
AGO,2003,1145.37803909961,2128.19579323903
AGO,2004,1148.69463323304,2277.86696532928
AGO,2005,1163.27504817458,2526.41057941008
AGO,2006,1193.05804415201,2716.25302638209
AGO,2007,1217.95619619754,2983.0418728513
AGO,2008,1268.61427771768,3193.28772270836
AGO,2009,1347.30467873985,3100.60927365473
AGO,2010,1347.15197650051,3114.69608592822
AGO,2011,1428.57764518995,3099.9422899117
AGO,2012,1509.42934551434,3236.57494513146
AGO,2013,1572.48748674619,3268.63890723473
AGO,2014,1706.8640797009,3300.73510980871
AGO,2015,1695.14068129595,3213.90261080059
AGO,2016,1731.98766915102,3020.98332805417
AGO,2017,1720.2179973905,2911.60084214038
AGO,2018,1605.11043188927,2775.74642272991
AGO,2019,1455.87275145266,2664.43850995544
AGO,2020,1249.34831117966,2433.37637275564
AGO,2021,1255.14514633598,2385.44881834294
AGO,2022,1265.34909002783,2382.02263952585
AGO,2023,1265.5674820006,2332.88691268977
ALB,1960,NA,NA
ALB,1961,NA,NA
ALB,1962,NA,NA
ALB,1963,NA,NA
ALB,1964,NA,NA
ALB,1965,NA,NA
ALB,1966,NA,NA
ALB,1967,NA,NA
ALB,1968,NA,NA
ALB,1969,NA,NA
ALB,1970,NA,NA
ALB,1971,NA,NA
ALB,1972,NA,NA
ALB,1973,NA,NA
ALB,1974,NA,NA
ALB,1975,NA,NA
ALB,1976,NA,NA
ALB,1977,NA,NA
ALB,1978,NA,NA
ALB,1979,NA,NA
ALB,1980,NA,1740.50583847766
ALB,1981,NA,1804.01077946774
ALB,1982,NA,1818.36782013759
ALB,1983,NA,1799.87861664229
ALB,1984,NA,1740.3476817517
ALB,1985,NA,1735.2903123439
ALB,1986,NA,1798.01507982468
ALB,1987,NA,1748.57872030222
ALB,1988,NA,1691.53094901661
ALB,1989,NA,1808.64607818532
ALB,1990,NA,1606.29646776458
ALB,1991,NA,1163.49159838489
ALB,1992,NA,1086.4387714304
ALB,1993,NA,1197.58090750054
ALB,1994,NA,1305.00106057165
ALB,1995,NA,1488.02088119627
ALB,1996,1716.33680111076,1633.55200001885
ALB,1997,1416.73718618601,1464.29796254199
ALB,1998,1348.96056543614,1603.64765027651
ALB,1999,1397.36253930689,1821.87313102694
ALB,2000,1493.46258861684,1960.88245974115
ALB,2001,1567.71207934506,2143.52683947815
ALB,2002,1685.20307823169,2247.49808010881
ALB,2003,1867.31943268147,2380.64462078713
ALB,2004,1944.27683797417,2522.44937446209
ALB,2005,2079.20347462531,2675.50863709675
ALB,2006,2237.2436046933,2851.36775919961
ALB,2007,2541.32249451199,3044.89661682055
ALB,2008,2820.27951343061,3298.47890843532
ALB,2009,2859.61518608285,3432.1708719722
ALB,2010,2921.85259991777,3577.11432498868
ALB,2011,2981.61622100155,3678.04770145146
ALB,2012,2990.3965980158,3736.34007957648
ALB,2013,3050.90218633666,3780.69919254096
ALB,2014,3143.25412532029,3855.76074409659
ALB,2015,3189.70532584876,3952.80357364813
ALB,2016,3262.75695885257,4090.37272829183
ALB,2017,3345.55624537542,4249.8200493985
ALB,2018,3461.66437422341,4431.55559506989
ALB,2019,3588.76636651891,4542.26866282892
ALB,2020,3407.20633270386,4417.04105105395
ALB,2021,3595.27589061577,4858.05201500931
ALB,2022,3857.95153379512,5154.8274975368
ALB,2023,4015.93271437686,5419.63779125273
AND,1960,NA,NA
AND,1961,NA,NA
AND,1962,NA,NA
AND,1963,NA,NA
AND,1964,NA,NA
AND,1965,NA,NA
AND,1966,NA,NA
AND,1967,NA,NA
AND,1968,NA,NA
AND,1969,NA,NA
AND,1970,NA,43005.5424060499
AND,1971,NA,41930.1505181051
AND,1972,NA,42354.7451311239
AND,1973,NA,42738.1683147449
AND,1974,NA,42363.4459763575
AND,1975,NA,40073.4103672052
AND,1976,NA,39058.5886579157
AND,1977,NA,38021.8198324994
AND,1978,NA,36647.7020446754
AND,1979,NA,34983.9990925236
AND,1980,NA,34281.7439457496
AND,1981,NA,32958.7650422337
AND,1982,NA,31996.5442021338
AND,1983,NA,31117.1962253069
AND,1984,NA,30392.8420658326
AND,1985,NA,29997.086266705
AND,1986,NA,29680.1329441921
AND,1987,NA,30064.9979674317
AND,1988,NA,30469.3442408022
AND,1989,NA,31180.4123329842
AND,1990,NA,31143.1468745802
AND,1991,NA,29642.305980666
AND,1992,NA,28161.9424927346
AND,1993,NA,26518.2336327363
AND,1994,NA,26587.1383037195
AND,1995,NA,27619.5060608184
AND,1996,NA,28871.2160741757
AND,1997,NA,31140.6896808445
AND,1998,NA,31800.3640667052
AND,1999,NA,32938.6437399807
AND,2000,NA,34113.8173771495
AND,2001,NA,36790.1037072591
AND,2002,NA,38084.4843094685
AND,2003,NA,39620.3201590697
AND,2004,NA,40054.3211516798
AND,2005,NA,40528.1748609004
AND,2006,NA,41322.0529198761
AND,2007,NA,40789.1589682857
AND,2008,NA,37775.1261390552
AND,2009,NA,35604.3840085198
AND,2010,NA,36277.2644412087
AND,2011,NA,37637.4868329126
AND,2012,NA,36206.9784343227
AND,2013,NA,35684.169433471
AND,2014,NA,37300.6244183478
AND,2015,NA,38654.9347203095
AND,2016,NA,40085.0205971586
AND,2017,NA,39361.0622634329
AND,2018,NA,39242.1448960772
AND,2019,NA,39346.2750344286
AND,2020,NA,34536.6499209948
AND,2021,NA,36929.0191515162
AND,2022,NA,39780.3966116268
AND,2023,NA,40227.2335282714
ARB,1960,NA,NA
ARB,1961,NA,NA
ARB,1962,NA,NA
ARB,1963,NA,NA
ARB,1964,NA,NA
ARB,1965,NA,NA
ARB,1966,NA,2385.40035805624
ARB,1967,NA,2475.76128745807
ARB,1968,NA,2665.4802823594
ARB,1969,NA,2782.66684890282
ARB,1970,NA,3319.01249413509
ARB,1971,NA,3465.86433050516
ARB,1972,NA,3837.33539230597
ARB,1973,NA,4220.38283909197
ARB,1974,NA,4526.64385377979
ARB,1975,NA,4389.97356152903
ARB,1976,NA,4860.86250168455
ARB,1977,NA,5022.72248525931
ARB,1978,NA,5003.8324460656
ARB,1979,NA,5345.81131029461
ARB,1980,NA,5489.25355899072
ARB,1981,NA,5360.77197970899
ARB,1982,NA,4889.67666865976
ARB,1983,NA,4562.139602002
ARB,1984,NA,4477.64701743172
ARB,1985,NA,4306.92403020274
ARB,1986,NA,4144.07075939416
ARB,1987,NA,4033.14115775589
ARB,1988,NA,4050.6444067623
ARB,1989,NA,4095.01355434244
ARB,1990,NA,4273.58669094962
ARB,1991,NA,4145.1242428537
ARB,1992,NA,4305.91245163586
ARB,1993,NA,4324.92148985912
ARB,1994,NA,4349.73515231456
ARB,1995,NA,4360.67537473271
ARB,1996,NA,4460.92073264618
ARB,1997,NA,4592.78996559558
ARB,1998,NA,4696.85369986502
ARB,1999,NA,4713.78582913325
ARB,2000,2428.16469612501,4893.6631943178
ARB,2001,2454.1769975603,4876.89837403506
ARB,2002,2481.91501211319,4820.09715958828
ARB,2003,2520.23941341745,4910.13320510263
ARB,2004,2629.95331299933,5232.64310888032
ARB,2005,2710.30110951287,5394.48128910204
ARB,2006,2854.08002607231,5597.07531963926
ARB,2007,3050.01143981663,5709.61638522281
ARB,2008,3231.06454427259,5875.93648183759
ARB,2009,3131.72344858276,5769.66769645566
ARB,2010,3058.13830427805,5929.23053919259
ARB,2011,3056.27254650336,6000.79531315401
ARB,2012,3135.35272114194,6152.57616897
ARB,2013,3139.34356314758,6149.32508537486
ARB,2014,3225.96353300867,6158.30581587356
ARB,2015,3208.08935282567,6203.70263640435
ARB,2016,3230.17451836614,6280.66200783002
ARB,2017,3250.40951949677,6250.57330764312
ARB,2018,3224.71990114189,6301.93583430925
ARB,2019,3270.40393996888,6282.38539738825
ARB,2020,3107.41947174854,5861.7972778436
ARB,2021,3214.14105453285,6006.44027367001
ARB,2022,3309.99266678807,6205.86983685352
ARB,2023,3388.46432069908,6134.9537454339
ARE,1960,NA,NA
ARE,1961,NA,NA
ARE,1962,NA,NA
ARE,1963,NA,NA
ARE,1964,NA,NA
ARE,1965,NA,NA
ARE,1966,NA,NA
ARE,1967,NA,NA
ARE,1968,NA,NA
ARE,1969,NA,NA
ARE,1970,NA,49105.8468168729
ARE,1971,NA,57374.9923763739
ARE,1972,NA,69436.7647863475
ARE,1973,NA,108198.817535085
ARE,1974,NA,110539.679012708
ARE,1975,NA,105792.829744614
ARE,1976,NA,108662.746590635
ARE,1977,NA,114430.052844322
ARE,1978,NA,98826.1017287519
ARE,1979,NA,106042.174170324
ARE,1980,NA,117949.376545514
ARE,1981,NA,113999.509456128
ARE,1982,NA,100275.259935977
ARE,1983,NA,90186.176976892
ARE,1984,NA,88731.2195062013
ARE,1985,NA,81077.2569980622
ARE,1986,NA,64745.4865592002
ARE,1987,NA,62391.5519219188
ARE,1988,NA,56872.3569937591
ARE,1989,NA,60031.8690984066
ARE,1990,NA,66979.1559111514
ARE,1991,NA,63905.6264663297
ARE,1992,NA,62667.1354440337
ARE,1993,NA,60391.4655804681
ARE,1994,NA,61614.341587467
ARE,1995,NA,62860.2773213642
ARE,1996,NA,62334.4066549265
ARE,1997,NA,62177.4283781097
ARE,1998,NA,57785.0311374876
ARE,1999,NA,55354.9439576767
ARE,2000,NA,57365.398325282
ARE,2001,36429.9519875647,54574.8141644088
ARE,2002,36409.628052338,52607.6615070877
ARE,2003,35049.0360379871,54020.4735636716
ARE,2004,36966.87703715,56027.6100352432
ARE,2005,36034.5653087561,55777.9018280487
ARE,2006,38673.7024285805,57053.7895562267
ARE,2007,38678.1226330878,52428.0680658389
ARE,2008,38628.8016758082,48281.3477929691
ARE,2009,26131.2852990148,42991.5535126927
ARE,2010,18543.1347635108,42645.6359569427
ARE,2011,19903.9822352117,43800.1592968488
ARE,2012,16839.6756044564,42868.0975031847
ARE,2013,17532.9609229574,43269.8404646118
ARE,2014,18724.7712186945,43023.1904165525
ARE,2015,18055.0873595146,43534.9972681733
ARE,2016,17734.5395728919,43745.2881662331
ARE,2017,17667.5186509468,42690.2147775401
ARE,2018,17469.8341164974,42679.751908331
ARE,2019,18404.1392033782,42700.1297920702
ARE,2020,18296.7542286876,40776.6308681689
ARE,2021,18406.8369738443,41778.5838745072
ARE,2022,20888.4777188542,42687.7207175669
ARE,2023,22906.4330416988,42507.787339453
ARG,1960,NA,7397.10965495682
ARG,1961,NA,7670.59545571641
ARG,1962,NA,7480.27172420174
ARG,1963,NA,6967.75019555221
ARG,1964,NA,7551.02490778789
ARG,1965,NA,8219.55155637229
ARG,1966,NA,8041.22487411475
ARG,1967,NA,8172.27456469042
ARG,1968,NA,8436.30856351031
ARG,1969,NA,9111.9459748551
ARG,1970,NA,9244.12251785153
ARG,1971,NA,9614.61061692134
ARG,1972,NA,9617.68814943737
ARG,1973,NA,9729.53258885903
ARG,1974,NA,10100.4469136163
ARG,1975,NA,9936.49583447894
ARG,1976,NA,9584.74851751038
ARG,1977,NA,10088.3374871635
ARG,1978,NA,9480.94009490414
ARG,1979,NA,10284.6064087552
ARG,1980,NA,10275.7987023886
ARG,1981,NA,9587.67379423426
ARG,1982,NA,9365.68465387847
ARG,1983,NA,9617.7000569575
ARG,1984,NA,9614.44726215357
ARG,1985,NA,8973.31874865813
ARG,1986,NA,9378.46866394349
ARG,1987,NA,9484.45876638052
ARG,1988,NA,9236.80771302535
ARG,1989,NA,8445.4100923428
ARG,1990,NA,8115.09386370753
ARG,1991,NA,8729.82318518892
ARG,1992,NA,9293.18692251748
ARG,1993,6116.87888674423,9920.67358582437
ARG,1994,6401.70726807443,10359.8927204871
ARG,1995,6041.77397967512,9934.10776139515
ARG,1996,6296.48453158619,10352.1400002191
ARG,1997,6778.85126022464,11056.6881331002
ARG,1998,6932.44804328059,11348.2022124673
ARG,1999,6716.03909226092,10838.3199346387
ARG,2000,6596.5639458779,10631.6503639029
ARG,2001,6149.93705312323,10051.9448463043
ARG,2002,5211.13553090667,8861.56199282278
ARG,2003,5578.89503805421,9545.53194119994
ARG,2004,6047.23318871609,10302.4465316428
ARG,2005,6427.89528361693,11099.7509190602
ARG,2006,7059.1901423301,11870.2791559298
ARG,2007,7642.31712689844,12811.9021206578
ARG,2008,8113.37906478233,13197.3570267029
ARG,2009,7594.53415710634,12285.3784651865
ARG,2010,8355.49290092823,13387.155374845801
ARG,2011,9041.51261019774,14040.6189124444
ARG,2012,9048.43219865067,13754.4254235596
ARG,2013,9285.04973669387,13946.0950832252
ARG,2014,8789.23429905508,13456.1319159151
ARG,2015,9015.67238921452,13679.6264980954
ARG,2016,8859.07204717978,13265.8860639123
ARG,2017,9146.51175823056,13520.1129846159
ARG,2018,8867.82553663996,13058.3285449954
ARG,2019,8265.53268626385,12706.3978108968
ARG,2020,7224.4052811056,11393.0505957877
ARG,2021,7887.28296832706,12549.2811699342
ARG,2022,8606.91056124218,13182.7933950725
ARG,2023,8671.60808018394,12933.2497342121
ARM,1960,NA,NA
ARM,1961,NA,NA
ARM,1962,NA,NA
ARM,1963,NA,NA
ARM,1964,NA,NA
ARM,1965,NA,NA
ARM,1966,NA,NA
ARM,1967,NA,NA
ARM,1968,NA,NA
ARM,1969,NA,NA
ARM,1970,NA,NA
ARM,1971,NA,NA
ARM,1972,NA,NA
ARM,1973,NA,NA
ARM,1974,NA,NA
ARM,1975,NA,NA
ARM,1976,NA,NA
ARM,1977,NA,NA
ARM,1978,NA,NA
ARM,1979,NA,NA
ARM,1980,NA,NA
ARM,1981,NA,NA
ARM,1982,NA,NA
ARM,1983,NA,NA
ARM,1984,NA,NA
ARM,1985,NA,NA
ARM,1986,NA,NA
ARM,1987,NA,NA
ARM,1988,NA,NA
ARM,1989,NA,NA
ARM,1990,NA,1644.02214502158
ARM,1991,NA,1426.82791357144
ARM,1992,NA,840.205259177402
ARM,1993,NA,792.567859246381
ARM,1994,857.783129686411,857.394474812969
ARM,1995,956.792361984591,932.357829471807
ARM,1996,1004.70316936846,995.728275319872
ARM,1997,1096.03804206184,1039.0798243009
ARM,1998,1162.19237255961,1128.09888845227
ARM,1999,1186.06665267294,1180.45341995952
ARM,2000,1261.9635987016,1229.21510436102
ARM,2001,1356.71429921186,1351.12072694555
ARM,2002,1474.5557664368,1535.20452885187
ARM,2003,1590.2176359865,1759.64684829386
ARM,2004,1741.38378782085,1955.22262459229
ARM,2005,1910.83416205558,2240.09273209788
ARM,2006,2082.05047886486,2551.43546358452
ARM,2007,2372.31305241597,2919.3734936373
ARM,2008,2515.96806231766,3141.33193500774
ARM,2009,2420.1309331698,2716.97436280471
ARM,2010,2529.58748808988,2796.08143428043
ARM,2011,2604.75430593466,2943.83687119315
ARM,2012,2844.87429722233,3159.75860786889
ARM,2013,2895.24768245796,3266.29882999873
ARM,2014,2949.57512521014,3393.09252326884
ARM,2015,2736.71114253316,3512.39350276709
ARM,2016,2690.25336046763,3533.88503607007
ARM,2017,3080.16763407266,3815.3747426037
ARM,2018,3239.32297692774,4027.83393010979
ARM,2019,3619.76984270167,4343.45839583019
ARM,2020,3114.05322195928,4032.09043454955
ARM,2021,3197.26896991054,4264.79961505187
ARM,2022,3368.46995222079,4791.00481712183
ARM,2023,3531.2962644005,5151.01273118105
ASM,1960,NA,NA
ASM,1961,NA,NA
ASM,1962,NA,NA
ASM,1963,NA,NA
ASM,1964,NA,NA
ASM,1965,NA,NA
ASM,1966,NA,NA
ASM,1967,NA,NA
ASM,1968,NA,NA
ASM,1969,NA,NA
ASM,1970,NA,NA
ASM,1971,NA,NA
ASM,1972,NA,NA
ASM,1973,NA,NA
ASM,1974,NA,NA
ASM,1975,NA,NA
ASM,1976,NA,NA
ASM,1977,NA,NA
ASM,1978,NA,NA
ASM,1979,NA,NA
ASM,1980,NA,NA
ASM,1981,NA,NA
ASM,1982,NA,NA
ASM,1983,NA,NA
ASM,1984,NA,NA
ASM,1985,NA,NA
ASM,1986,NA,NA
ASM,1987,NA,NA
ASM,1988,NA,NA
ASM,1989,NA,NA
ASM,1990,NA,NA
ASM,1991,NA,NA
ASM,1992,NA,NA
ASM,1993,NA,NA
ASM,1994,NA,NA
ASM,1995,NA,NA
ASM,1996,NA,NA
ASM,1997,NA,NA
ASM,1998,NA,NA
ASM,1999,NA,NA
ASM,2000,NA,NA
ASM,2001,NA,NA
ASM,2002,8695.0545939535,13054.6364326897
ASM,2003,8920.49651554123,13201.7347516166
ASM,2004,9333.40977957505,13291.5356626851
ASM,2005,9242.36729551735,13284.2791128875
ASM,2006,9121.86128109167,12794.7565021718
ASM,2007,9003.19901894781,13092.3111393408
ASM,2008,8797.2947477796,12809.4633079683
ASM,2009,8573.51010293245,12342.0575384016
ASM,2010,8256.36511825689,12446.3086265015
ASM,2011,7885.63796465742,12521.8095058644
ASM,2012,7741.63704849366,12068.2667374983
ASM,2013,8182.82037884518,11871.7937192729
ASM,2014,8472.10250092415,12203.0894714284
ASM,2015,8699.27001777677,12727.4102651386
ASM,2016,8900.79115821869,12665.2829921268
ASM,2017,8956.08757462207,11930.7771236826
ASM,2018,9174.01130835212,12412.6024074562
ASM,2019,9621.78965287544,12524.0160252283
ASM,2020,10172.6426993518,13194.274740128
ASM,2021,11038.3432283362,13233.5784817341
ASM,2022,10346.5862498259,13709.0974895473
ASM,2023,NA,NA
ATG,1960,NA,NA
ATG,1961,NA,NA
ATG,1962,NA,NA
ATG,1963,NA,NA
ATG,1964,NA,NA
ATG,1965,NA,NA
ATG,1966,NA,NA
ATG,1967,NA,NA
ATG,1968,NA,NA
ATG,1969,NA,NA
ATG,1970,NA,NA
ATG,1971,NA,NA
ATG,1972,NA,NA
ATG,1973,NA,NA
ATG,1974,NA,NA
ATG,1975,NA,NA
ATG,1976,NA,NA
ATG,1977,NA,6061.4435657129
ATG,1978,NA,6309.7558667416
ATG,1979,NA,6794.56160156779
ATG,1980,NA,7321.8405159329
ATG,1981,NA,7583.31567928365
ATG,1982,NA,7562.89206381061
ATG,1983,NA,7950.26393459359
ATG,1984,NA,8765.44031635115
ATG,1985,NA,9477.96190681987
ATG,1986,NA,10619.1655866426
ATG,1987,NA,11381.2307700931
ATG,1988,NA,12035.3929909794
ATG,1989,NA,12727.1309126512
ATG,1990,NA,13164.2272092671
ATG,1991,NA,13382.6739017785
ATG,1992,NA,13323.9442876969
ATG,1993,NA,13774.4689520092
ATG,1994,NA,14417.9361441651
ATG,1995,NA,13517.2120795095
ATG,1996,NA,14115.4382832454
ATG,1997,NA,14585.7889477865
ATG,1998,NA,14989.1843884929
ATG,1999,NA,15280.3215843951
ATG,2000,NA,15958.3132753462
ATG,2001,NA,15000.8336257587
ATG,2002,NA,14965.4696892062
ATG,2003,NA,15701.2446362213
ATG,2004,NA,16430.5408564489
ATG,2005,NA,17298.2265678329
ATG,2006,NA,19256.3006281792
ATG,2007,NA,20766.6864243165
ATG,2008,NA,20461.256479537202
ATG,2009,NA,17743.6223972972
ATG,2010,NA,16132.6118723322
ATG,2011,NA,15631.2134928755
ATG,2012,NA,15986.5855542187
ATG,2013,NA,15745.4753067356
ATG,2014,NA,15966.5831000524
ATG,2015,NA,16080.6580495873
ATG,2016,NA,16635.7318893628
ATG,2017,NA,16951.5063540798
ATG,2018,NA,18038.8532949834
ATG,2019,NA,18508.9783729509
ATG,2020,NA,14935.6150238496
ATG,2021,NA,16071.0843222933
ATG,2022,NA,17507.389224109502
ATG,2023,NA,18090.7735177058
AUS,1960,10659.1118765346,19905.3134669222
AUS,1961,10680.2883633198,19997.5450015954
AUS,1962,10684.1525549391,19767.9570765171
AUS,1963,11052.6333594609,20597.9260588196
AUS,1964,11601.5117497047,21607.4922239031
AUS,1965,11944.9324635402,22455.2509839049
AUS,1966,12017.5844722482,22470.5176072033
AUS,1967,12473.9540368982,23587.6281171848
AUS,1968,12864.0518813232,24355.6282531611
AUS,1969,13267.7506390265,25531.5365288498
AUS,1970,13805.2511277957,26829.7630995603
AUS,1971,13864.6735624287,26975.665521972
AUS,1972,14102.5147837719,27520.0005055853
AUS,1973,14541.0222659035,27812.4455074509
AUS,1974,15069.2693772636,28231.0239084901
AUS,1975,15605.1371457934,28258.0654813537
AUS,1976,15568.2572159733,28700.2946314702
AUS,1977,16210.8440235455,29399.0024788699
AUS,1978,16337.7109578655,29318.7463550853
AUS,1979,16405.012632905,30178.3894488631
AUS,1980,16496.5947781673,30717.7780327511
AUS,1981,16770.043673706,31251.8203349363
AUS,1982,17399.8214544561,31736.0447520616
AUS,1983,17576.3792831071,30608.3684024318
AUS,1984,17555.3104864246,31632.3892749783
AUS,1985,17391.4018563154,32861.4162378766
AUS,1986,17990.3949701177,33674.1705521479
AUS,1987,18077.2430817275,34014.7354121968
AUS,1988,18353.5467349465,35389.4553320904
AUS,1989,18883.2721515893,36143.1477787181
AUS,1990,19411.0790948755,36886.1444273767
AUS,1991,19356.2504760286,36279.7540525751
AUS,1992,19594.120578574,36029.4845675544
AUS,1993,19790.52567834,37155.5123959647
AUS,1994,20023.1683808838,38264.146671105
AUS,1995,20673.8581478474,39310.7982327944
AUS,1996,21114.2678263425,40337.1060519133
AUS,1997,21484.4874979166,41464.4982180697
AUS,1998,22357.2181447765,42967.6616681962
AUS,1999,23344.1106456067,44636.9418129494
AUS,2000,24049.3287357216,45859.5162097045
AUS,2001,24530.3536843492,46191.3142366289
AUS,2002,24973.9237778335,47486.2783216389
AUS,2003,25745.9504197365,48394.1269478095
AUS,2004,26825.1581640552,49902.0187022536
AUS,2005,27703.7242787219,50853.1976727529
AUS,2006,28231.1306953661,51553.9685966991
AUS,2007,29184.671275894,52531.7611201084
AUS,2008,29979.799418328,53336.1012157008
AUS,2009,29457.2383139789,53237.0077642312
AUS,2010,30020.5718774553,53578.8125049759
AUS,2011,30806.1001617657,54111.357240336
AUS,2012,31144.9421531988,55257.5739287362
AUS,2013,31200.710861137,55728.0174035719
AUS,2014,31441.5011357696,56327.8533063277
AUS,2015,31813.1070106465,56739.0265346593
AUS,2016,32157.9788329168,57401.0662268939
AUS,2017,32407.6013421225,57750.6482221688
AUS,2018,32829.5339684909,58530.7821697117
AUS,2019,32881.8457961557,58924.733646242
AUS,2020,31416.1194457346,58132.798523626
AUS,2021,31657.5625650411,59276.503107197
AUS,2022,32597.0830138865,61009.8077147403
AUS,2023,33818.7719814376,61583.9188935304
AUT,1960,NA,11894.7440845275
AUT,1961,NA,12484.808698261
AUT,1962,NA,12737.1853190514
AUT,1963,NA,13179.3523970527
AUT,1964,NA,13893.5857879381
AUT,1965,NA,14283.9973249596
AUT,1966,NA,14984.5529746625
AUT,1967,NA,15320.3582690899
AUT,1968,NA,15922.6386016982
AUT,1969,NA,16863.5862812465
AUT,1970,9886.43707698221,18001.7830030928
AUT,1971,10503.6487608872,18838.3155442359
AUT,1972,11077.7173419725,19891.8260269583
AUT,1973,11608.3002365912,20749.3440323726
AUT,1974,11935.3019176823,21530.6341614326
AUT,1975,12355.6133138098,21509.3123873093
AUT,1976,12939.9443790989,22533.8803939277
AUT,1977,13766.6812220133,23669.5086470357
AUT,1978,13542.8461190863,23638.778362566
AUT,1979,14209.8910740717,24947.5270987894
AUT,1980,14567.9527101936,25379.4629438114
AUT,1981,14716.1747624036,25278.2953301423
AUT,1982,14988.4279122389,25768.2192783576
AUT,1983,15828.4950273413,26577.2454979127
AUT,1984,15492.7028137847,26592.5469892204
AUT,1985,15765.8530431271,27244.2147682295
AUT,1986,16101.3569622521,27853.5049571295
AUT,1987,16480.2244027408,28213.6633511624
AUT,1988,16853.1732738908,29102.3223039964
AUT,1989,17379.4188757363,30097.6513408526
AUT,1990,17977.8936444627,31167.1858089051
AUT,1991,18332.3787666278,31919.5572961167
AUT,1992,18762.5836472279,32231.1217246909
AUT,1993,18628.2090256399,32134.8299098991
AUT,1994,18935.7682385117,32780.342031078
AUT,1995,19067.9649008791,33603.4277668346
AUT,1996,19601.8766898424,34301.6562559914
AUT,1997,19661.92794135,34998.0320577293
AUT,1998,20210.9718813646,36180.7490843101
AUT,1999,20659.3447982118,37468.8699525693
AUT,2000,21252.0135794364,38571.0858515901
AUT,2001,21441.9998908602,38929.753817402
AUT,2002,21482.2799380836,39313.7226059057
AUT,2003,21750.471777238,39569.2886405101
AUT,2004,22117.628677025,40333.330706218
AUT,2005,22461.3821185147,40989.013215254
AUT,2006,22818.1789343277,42120.1557756904
AUT,2007,22995.3691352011,43568.8302726368
AUT,2008,23140.4260957776,44063.8642404045
AUT,2009,23276.2178385652,42372.4758387703
AUT,2010,23451.231331976,43035.407467795
AUT,2011,23686.6910457616,44146.1957578601
AUT,2012,23702.0043017186,44221.4600041556
AUT,2013,23544.0998309886,43851.3675464788
AUT,2014,23431.7517992692,43838.8346845363
AUT,2015,23283.6083256759,43915.228020857
AUT,2016,23389.1208081631,44362.6702918145
AUT,2017,23681.6715707122,45056.6386908289
AUT,2018,23827.4848048005,45951.5818951582
AUT,2019,23851.9195197621,46550.5623430785
AUT,2020,21727.1843402849,43428.6983141255
AUT,2021,22544.7809848605,45313.3990043754
AUT,2022,23594.8540897255,47250.969589759
AUT,2023,23298.5288472272,46338.9571249412
AZE,1960,NA,NA
AZE,1961,NA,NA
AZE,1962,NA,NA
AZE,1963,NA,NA
AZE,1964,NA,NA
AZE,1965,NA,NA
AZE,1966,NA,NA
AZE,1967,NA,NA
AZE,1968,NA,NA
AZE,1969,NA,NA
AZE,1970,NA,NA
AZE,1971,NA,NA
AZE,1972,NA,NA
AZE,1973,NA,NA
AZE,1974,NA,NA
AZE,1975,NA,NA
AZE,1976,NA,NA
AZE,1977,NA,NA
AZE,1978,NA,NA
AZE,1979,NA,NA
AZE,1980,NA,NA
AZE,1981,NA,NA
AZE,1982,NA,NA
AZE,1983,NA,NA
AZE,1984,NA,NA
AZE,1985,NA,NA
AZE,1986,NA,NA
AZE,1987,NA,NA
AZE,1988,NA,NA
AZE,1989,NA,NA
AZE,1990,NA,2820.84010307402
AZE,1991,NA,2764.07399346223
AZE,1992,NA,2107.29678414183
AZE,1993,NA,1596.13266566318
AZE,1994,NA,1264.5271891937
AZE,1995,NA,1102.49789007407
AZE,1996,NA,1105.58724229428
AZE,1997,NA,1158.4816576176
AZE,1998,NA,1262.29188712613
AZE,1999,NA,1343.85593869878
AZE,2000,NA,1480.80869072436
AZE,2001,NA,1614.84885813475
AZE,2002,NA,1754.13524132991
AZE,2003,NA,1918.61103696953
AZE,2004,NA,2077.88527047339
AZE,2005,NA,2631.85145279408
AZE,2006,NA,3501.16482500603
AZE,2007,NA,4327.11360468848
AZE,2008,NA,4693.07707968116
AZE,2009,NA,5023.9672905028
AZE,2010,NA,5215.20415429496
AZE,2011,NA,5152.83850244744
AZE,2012,NA,5194.92091665083
AZE,2013,NA,5426.09594155961
AZE,2014,NA,5506.18169600319
AZE,2015,3118.24340673105,5500.50364628486
AZE,2016,NA,5270.738165712
AZE,2017,NA,5229.7098898586
AZE,2018,NA,5262.36870473368
AZE,2019,NA,5348.45318851823
AZE,2020,NA,5083.56025445721
AZE,2021,NA,5345.43986445831
AZE,2022,NA,5595.25578671563
AZE,2023,NA,5651.34563872949
BDI,1960,NA,288.878981794325
BDI,1961,NA,242.941546520881
BDI,1962,NA,258.32430129828
BDI,1963,NA,263.40036642487
BDI,1964,NA,272.062735830387
BDI,1965,NA,275.137917931711
BDI,1966,NA,280.9791596902
BDI,1967,NA,311.798763802316
BDI,1968,NA,303.540804264871
BDI,1969,NA,292.685745718482
BDI,1970,NA,347.474495973999
BDI,1971,NA,348.446416961289
BDI,1972,NA,326.146546923774
BDI,1973,NA,349.110750686492
BDI,1974,NA,338.001655805809
BDI,1975,NA,332.021353354811
BDI,1976,NA,350.45300889241
BDI,1977,NA,380.747850621793
BDI,1978,NA,366.426911477842
BDI,1979,NA,363.382611221262
BDI,1980,NA,351.900419860718
BDI,1981,NA,378.943663862466
BDI,1982,NA,365.710192122894
BDI,1983,NA,369.268854137523
BDI,1984,NA,360.98937587784
BDI,1985,NA,394.902104849267
BDI,1986,NA,400.156015299278
BDI,1987,NA,412.654046294404
BDI,1988,NA,423.919810604935
BDI,1989,NA,421.287694857326
BDI,1990,NA,427.030031561228
BDI,1991,NA,439.186232093461
BDI,1992,NA,431.918861835852
BDI,1993,NA,417.919297574139
BDI,1994,NA,399.309631526324
BDI,1995,NA,346.321302413385
BDI,1996,NA,318.395682563648
BDI,1997,210.015739283815,313.357142719203
BDI,1998,223.85090090843,322.030961886279
BDI,1999,213.036649050208,311.230622126912
BDI,2000,206.231124173702,302.219163799824
BDI,2001,202.688527173899,300.799882759047
BDI,2002,213.269700443706,305.4383585397
BDI,2003,199.90594165813,292.318595090044
BDI,2004,200.294893634409,295.235119511615
BDI,2005,217.452110057875,287.030688980174
BDI,2006,231.63327201415,291.866399549575
BDI,2007,219.955701342396,290.979116170807
BDI,2008,218.382933575655,292.793764973044
BDI,2009,208.245617322359,288.941917826614
BDI,2010,198.216940635638,289.856950614392
BDI,2011,206.277892952941,290.948032142504
BDI,2012,206.916392868635,293.232620547249
BDI,2013,220.637431720084,296.816900573427
BDI,2014,221.315032138233,299.077479357732
BDI,2015,211.899307777663,280.966831311923
BDI,2016,204.757940983323,274.513363399011
BDI,2017,200.31691768719801,269.47688960656
BDI,2018,201.162353185797,265.672394335817
BDI,2019,200.69869654302,261.750180238427
BDI,2020,195.608235266542,255.078218433565
BDI,2021,196.135685391646,255.917950730796
BDI,2022,195.501916222688,253.69164159159
BDI,2023,195.46245030923,253.530723439042
BEL,1960,NA,11715.8268791057
BEL,1961,NA,12258.2997889952
BEL,1962,NA,12845.9669121584
BEL,1963,NA,13305.1271853331
BEL,1964,NA,14096.6677431222
BEL,1965,NA,14466.6269871026
BEL,1966,NA,14822.717578669
BEL,1967,NA,15310.6185547594
BEL,1968,NA,15890.1322595071
BEL,1969,NA,16895.7049007021
BEL,1970,9474.09967265778,17951.3224412717
BEL,1971,9922.05643245329,18632.842381979
BEL,1972,10468.3049622655,19542.8867503369
BEL,1973,11285.8991976624,20724.7406112635
BEL,1974,11565.9569455181,21602.8018297023
BEL,1975,11631.2695078233,21116.9915907667
BEL,1976,12200.7933972107,22270.8535058588
BEL,1977,12506.3759879496,22382.6484676808
BEL,1978,12806.6218658905,22997.2737344199
BEL,1979,13451.6897440125,23514.5118155672
BEL,1980,13327.658362459,24532.4569831129
BEL,1981,13383.7123484672,24464.5870434569
BEL,1982,13713.8020929131,24616.8372881874
BEL,1983,13694.2922494777,24695.564920194
BEL,1984,13745.0339379448,25305.0320984606
BEL,1985,14113.1059624148,25715.3579180372
BEL,1986,14491.6606079088,26174.7551583459
BEL,1987,14730.5748368704,26755.6979944897
BEL,1988,15171.030321326,27930.4859347392
BEL,1989,15616.0189946121,28794.6547979722
BEL,1990,16063.7745077923,29609.6207847014
BEL,1991,16487.5675032808,30040.5508722561
BEL,1992,16734.1461579988,30376.8745233822
BEL,1993,16594.1700799092,29967.3944141531
BEL,1994,16939.3031532071,30839.2414478946
BEL,1995,17170.2756450714,31508.6226413688
BEL,1996,17473.2186190288,31862.6694406461
BEL,1997,17698.2172853622,32991.5010339643
BEL,1998,18214.842423128,33566.9875682096
BEL,1999,18557.074204369,34676.6051727182
BEL,2000,19033.5860831606,35878.3153948197
BEL,2001,19147.151024877,36148.2881160202
BEL,2002,19178.0925920088,36600.862545353
BEL,2003,19235.0670466917,36826.2699200097
BEL,2004,19355.8106439743,37976.697319251
BEL,2005,19527.6535504474,38645.2605555367
BEL,2006,19743.5912248334,39371.0857898642
BEL,2007,20009.2088081513,40520.0843652615
BEL,2008,20124.7187641829,40380.9074712395
BEL,2009,20080.1358815586,39293.6375830961
BEL,2010,20496.239346467,39991.5646228587
BEL,2011,20406.3971454384,40236.9596151297
BEL,2012,20577.8391174039,40074.4928091814
BEL,2013,20822.9550915786,40007.8997697861
BEL,2014,20845.1557220647,40533.9134833922
BEL,2015,21053.2266462899,40893.804537772
BEL,2016,21275.7794687839,41172.8862464509
BEL,2017,21595.0150970053,41619.3286089022
BEL,2018,21915.0432122873,42208.3625852238
BEL,2019,22166.9356931225,43006.4042605622
BEL,2020,20262.9834535023,40769.0218401768
BEL,2021,21449.9342458646,43119.894333477
BEL,2022,21959.1736103304,44583.5767711768
BEL,2023,22070.494585074,44731.0420983801
BEN,1960,567.146907487707,655.913007583172
BEN,1961,567.107954033422,665.431250386116
BEN,1962,550.705126797441,631.420715121743
BEN,1963,585.974236516196,649.260123087059
BEN,1964,626.197616497284,679.356446891344
BEN,1965,658.248294059457,701.332145080299
BEN,1966,710.785108402924,711.858170545949
BEN,1967,713.093376075978,704.83858182989
BEN,1968,722.334374809636,716.640156024272
BEN,1969,708.597376715303,721.53249682281
BEN,1970,703.84907044246,720.605098639345
BEN,1971,694.707963361929,694.034044870461
BEN,1972,705.515300204933,721.876315797797
BEN,1973,715.66993501477,731.313119740378
BEN,1974,702.768817320259,737.948326265499
BEN,1975,672.274814913048,684.9622916152
BEN,1976,655.055469080651,674.040866553735
BEN,1977,716.145846977668,689.85878627034
BEN,1978,716.801752622786,680.651098013071
BEN,1979,734.428295120737,706.10443233261
BEN,1980,753.196904827103,733.490637362705
BEN,1981,798.864908530933,783.925193690297
BEN,1982,685.587075303268,778.638765055681
BEN,1983,654.804992117456,723.483520690178
BEN,1984,687.656989798378,758.36116569662
BEN,1985,742.563001280949,791.727164853419
BEN,1986,709.16836696692906,785.143070133604
BEN,1987,673.619442564499,750.403840624184
BEN,1988,728.168368310562,752.704035007761
BEN,1989,654.715322625199,709.188907731115
BEN,1990,600.438964018518,749.459666604983
BEN,1991,637.428736981842,757.403145130167
BEN,1992,654.050908408082,756.080888188102
BEN,1993,658.766148916349,765.47991446087
BEN,1994,600.866792343023,752.277508762904
BEN,1995,613.168625516232,781.064788483087
BEN,1996,631.564590170639,793.795052719562
BEN,1997,643.970904205474,814.90139546266
BEN,1998,658.450358210055,821.459971457775
BEN,1999,672.33861158808,838.97678700046
BEN,2000,701.076908236178,861.213292038555
BEN,2001,709.816959017637,879.85446379954
BEN,2002,718.304882536271,893.13710098792
BEN,2003,715.606422512315,896.14676322811
BEN,2004,722.082788337184,907.62443123609
BEN,2005,713.738493761699,893.915368726229
BEN,2006,721.996237710948,900.620535813856
BEN,2007,727.3378227722,926.740113781346
BEN,2008,736.315207525245,943.203380331621
BEN,2009,734.801639269032,936.565651099118
BEN,2010,727.806312314161,928.246655356464
BEN,2011,732.91363466119,927.716412864011
BEN,2012,725.101517190316,943.918771558781
BEN,2013,732.531906019296,982.399206319429
BEN,2014,737.408938899052,1014.43300624336
BEN,2015,753.539958736135,1002.41886882564
BEN,2016,745.975972828824,1006.03926635984
BEN,2017,750.157385206046,1032.90471197222
BEN,2018,754.871879885948,1071.50452160085
BEN,2019,760.210662036129,1114.17304529722
BEN,2020,764.146035428606,1126.6540412547
BEN,2021,780.332012285999,1176.37727640735
BEN,2022,798.368920274797,1218.50010515449
BEN,2023,809.875162825331,1263.62565116943
BFA,1960,NA,244.167257873365
BFA,1961,NA,250.394091012667
BFA,1962,NA,261.880916903197
BFA,1963,NA,254.731183016035
BFA,1964,NA,256.568911549561
BFA,1965,268.055431242228,262.001316967784
BFA,1966,267.099040141064,259.130285238002
BFA,1967,298.947567046673,277.313189171404
BFA,1968,299.352842822531,280.960315015046
BFA,1969,301.141771890879,281.73763833434
BFA,1970,278.534360713678,277.184105813715
BFA,1971,279.260110653623,276.290476527029
BFA,1972,262.625315989185,277.846496112942
BFA,1973,255.70210599907,274.152506421818
BFA,1974,266.111708167683,291.303145502961
BFA,1975,277.751637168636,294.050755641012
BFA,1976,290.044382833985,312.385989060691
BFA,1977,315.394110993505,306.319820987094
BFA,1978,305.278898118347,312.546378441226
BFA,1979,305.056057058154,315.71696837442
BFA,1980,318.85505965175,309.805283645997
BFA,1981,323.087517382206,314.286582559959
BFA,1982,319.628397407956,334.96046501527
BFA,1983,312.010247360419,326.730273513319
BFA,1984,283.828953140795,311.788334185274
BFA,1985,288.524274774714,328.715164630481
BFA,1986,320.141743072276,344.993912306641
BFA,1987,295.434325866376,334.888996959212
BFA,1988,303.765140850983,344.904464201203
BFA,1989,290.370054132298,343.089820260752
BFA,1990,274.407478114906,332.153276660935
BFA,1991,281.620641481844,353.206720757378
BFA,1992,276.71106257294,345.401816823349
BFA,1993,287.881110581128,348.581211032689
BFA,1994,224.507768706619,344.371184069503
BFA,1995,255.908565121787,354.841188502861
BFA,1996,295.191585639495,383.973583031147
BFA,1997,294.723482813596,397.838955257373
BFA,1998,324.646869323587,415.273513470241
BFA,1999,368.55961627136,433.104727597234
BFA,2000,359.515772372602,428.309796566198
BFA,2001,353.17025138051,442.914122870048
BFA,2002,360.816750698232,448.128856317091
BFA,2003,367.752066701435,468.263047790124
BFA,2004,379.84050922017,474.086412333459
BFA,2005,388.187650072713,499.192797571217
BFA,2006,392.325657357029,514.113131757062
BFA,2007,386.902375039296,519.26101218434
BFA,2008,402.922715216483,533.471299938288
BFA,2009,395.3849613867,533.470084831931
BFA,2010,404.834291886421,561.847221302489
BFA,2011,415.26967313261,581.603658737407
BFA,2012,441.088975357419,600.731343697818
BFA,2013,455.169832231686,616.741331164082
BFA,2014,447.692218045539,624.576885187665
BFA,2015,450.684820295769,630.124750752312
BFA,2016,456.308911994972,648.420480176012
BFA,2017,459.182455156753,669.276310328333
BFA,2018,457.561639904303,694.492813126351
BFA,2019,461.492996954802,717.021595096634
BFA,2020,459.01958811524,713.8421779224
BFA,2021,465.335419701234,745.472563435144
BFA,2022,473.475232676987,739.363021191451
BFA,2023,494.036093975892,744.165760639938
BGD,1960,740.566585561843,429.398700910166
BGD,1961,784.416839158863,442.754802776645
BGD,1962,748.677102848961,453.534880895558
BGD,1963,762.882007601511,438.497510023828
BGD,1964,819.422454815381,472.526377856783
BGD,1965,799.670719789519,466.297416230715
BGD,1966,789.930790584681,464.560595017134
BGD,1967,763.376973117983,442.631515109653
BGD,1968,763.927094034576,470.576662620963
BGD,1969,772.541446042685,462.973250718686
BGD,1970,818.602734723546,476.495758008963
BGD,1971,776.106490610809,442.581266509865
BGD,1972,714.329269476234,373.483189983357
BGD,1973,596.846196272464,375.01209712721
BGD,1974,552.1269194645,399.510508130505
BGD,1975,513.05441022431,373.260373696999
BGD,1976,499.399087919531,384.509552028714
BGD,1977,426.229823102091,385.08552032014
BGD,1978,481.239658148462,402.385595931712
BGD,1979,484.451112975453,411.669266520237
BGD,1980,492.179745151928,405.226770259517
BGD,1981,463.4256557467,423.537122867473
BGD,1982,436.594379304425,420.872004532951
BGD,1983,436.189544892736,425.646571168568
BGD,1984,455.749016425994,434.782351604307
BGD,1985,450.53140130506,438.382478828439
BGD,1986,452.652648076624,446.08025306417
BGD,1987,454.746393148274,452.659756923731
BGD,1988,462.44740994784,453.839236883479
BGD,1989,457.166687611913,457.254334777705
BGD,1990,482.391036509987,473.444821021085
BGD,1991,471.762086500366,480.673358976087
BGD,1992,481.219939099559,497.371173735323
BGD,1993,488.422119401354,511.193509421294
BGD,1994,497.008323503963,521.323144726555
BGD,1995,506.134238255736,537.931946643983
BGD,1996,496.487005403912,552.077107138767
BGD,1997,492.487677240095,566.271140847632
BGD,1998,491.440576364437,584.448175174047
BGD,1999,501.437261770191,600.232323162952
BGD,2000,516.853053993219,620.560472822105
BGD,2001,529.315681522686,641.288922876274
BGD,2002,526.719059257934,655.672139362272
BGD,2003,540.141968921992,676.826252046427
BGD,2004,564.645031869589,702.656357081873
BGD,2005,595.106012200744,739.203718353409
BGD,2006,629.692590222237,779.419570444998
BGD,2007,669.265515764412,825.508229964537
BGD,2008,688.990572749147,866.45815762135
BGD,2009,698.243146386791,901.729626251937
BGD,2010,724.016350513495,943.66422864236
BGD,2011,764.044000559947,995.579947155662
BGD,2012,787.89165913446,1050.39140404066
BGD,2013,820.553735461623,1103.15695907123
BGD,2014,845.680948186388,1159.40753475981
BGD,2015,886.912376471498,1224.38647668165
BGD,2016,905.423294896181,1299.83091360792
BGD,2017,954.032882081033,1373.75363740186
BGD,2018,1035.30373959093,1462.25050255713
BGD,2019,1076.42245250605,1564.20802445636
BGD,2020,1099.4473259373,1604.6659234742
BGD,2021,1177.93400717848,1702.08028414189
BGD,2022,1253.10179441914,1804.3493461776
BGD,2023,1262.45721547606,1885.37733613545
BGR,1960,NA,NA
BGR,1961,NA,NA
BGR,1962,NA,NA
BGR,1963,NA,NA
BGR,1964,NA,NA
BGR,1965,NA,NA
BGR,1966,NA,NA
BGR,1967,NA,NA
BGR,1968,NA,NA
BGR,1969,NA,NA
BGR,1970,NA,NA
BGR,1971,NA,NA
BGR,1972,NA,NA
BGR,1973,NA,NA
BGR,1974,NA,NA
BGR,1975,NA,NA
BGR,1976,NA,NA
BGR,1977,NA,NA
BGR,1978,NA,NA
BGR,1979,NA,NA
BGR,1980,2174.18482434205,3431.52132914859
BGR,1981,2265.05476974875,3587.69481410253
BGR,1982,2377.57762241572,3660.60732643687
BGR,1983,2426.383592501,3776.74085827275
BGR,1984,2545.50835573803,3895.88975705667
BGR,1985,2542.79041657807,4000.49258137287
BGR,1986,2591.88973836461,4169.92309411374
BGR,1987,2735.99093405327,4415.89069875085
BGR,1988,2912.19599329962,4893.69408403981
BGR,1989,2834.01785783913,4788.39692329463
BGR,1990,3049.97331290409,4431.02891762801
BGR,1991,2308.71168327129,4097.19214824566
BGR,1992,2277.63016163844,3840.24641758088
BGR,1993,2229.2904301425,3813.70211369537
BGR,1994,2138.45123043352,3896.24431360077
BGR,1995,2547.08390060634,4025.64586412341
BGR,1996,2649.48688795732,4257.0951171265
BGR,1997,1803.35593617214,3678.51662422801
BGR,1998,1765.44756261121,3843.46218406876
BGR,1999,1901.26656935666,3540.55611680425
BGR,2000,2082.62947306898,3721.30348182223
BGR,2001,2287.56401779709,3941.27569674232
BGR,2002,2470.84164766743,4264.27177080032
BGR,2003,2652.24036367843,4523.28627075761
BGR,2004,2925.47626273212,4854.27341537934
BGR,2005,3163.19651511359,5236.08638411543
BGR,2006,3459.28568418374,5634.91118964622
BGR,2007,3885.30563059641,6054.23246498563
BGR,2008,4049.25400549584,6470.58971544526
BGR,2009,3901.64504403044,6294.43343149219
BGR,2010,4020.33682423695,6434.55247966718
BGR,2011,4126.67083205857,6611.30386682636
BGR,2012,4305.49063643224,6699.50303013555
BGR,2013,4162.37078573262,6700.53599670634
BGR,2014,4248.1241349136,6802.71036465632
BGR,2015,4394.18390543086,7078.86032298969
BGR,2016,4517.38331570474,7344.44354121172
BGR,2017,4662.3138818464,7601.43845373389
BGR,2018,4867.67546707457,7851.72598908168
BGR,2019,5195.26711059937,8206.78129446627
BGR,2020,5205.32321984266,7990.69254981114
BGR,2021,5696.55170850979,8682.88223826466
BGR,2022,6129.68963180669,9352.32652776208
BGR,2023,6406.54640697518,9819.57352949265
BHR,1960,NA,NA
BHR,1961,NA,NA
BHR,1962,NA,NA
BHR,1963,NA,NA
BHR,1964,NA,NA
BHR,1965,NA,NA
BHR,1966,NA,NA
BHR,1967,NA,NA
BHR,1968,NA,NA
BHR,1969,NA,NA
BHR,1970,NA,17423.5246702283
BHR,1971,NA,17249.0124224571
BHR,1972,NA,18258.3131142924
BHR,1973,NA,19724.6516534591
BHR,1974,NA,20304.8174616131
BHR,1975,NA,17582.5754413652
BHR,1976,NA,21815.0764825317
BHR,1977,NA,23475.826642995
BHR,1978,NA,23251.0531134084
BHR,1979,NA,22978.2198018726
BHR,1980,NA,22551.9860925815
BHR,1981,NA,20521.425016103
BHR,1982,NA,18310.9908591644
BHR,1983,NA,18811.4380955493
BHR,1984,NA,19065.3191478664
BHR,1985,NA,17516.6361043991
BHR,1986,NA,17091.2903016984
BHR,1987,NA,18193.2073441956
BHR,1988,NA,18774.1395172075
BHR,1989,NA,18183.311929769
BHR,1990,NA,18345.8379968815
BHR,1991,NA,20882.5059585425
BHR,1992,NA,21701.2221810674
BHR,1993,NA,23858.1932700978
BHR,1994,NA,23180.3323729315
BHR,1995,NA,23465.7128444519
BHR,1996,NA,23795.2091340679
BHR,1997,NA,23893.1335734362
BHR,1998,NA,24386.5914731011
BHR,1999,NA,24773.8463984048
BHR,2000,9368.91503166115,25407.9695506994
BHR,2001,9705.04666501572,25106.2869597603
BHR,2002,9095.09932137081,24149.0155867095
BHR,2003,8730.76994036582,23857.640497887
BHR,2004,8220.89612834127,23688.1119870174
BHR,2005,7827.6756665173,23439.6704259167
BHR,2006,7329.62117558163,23095.0182544673
BHR,2007,7099.96273414195,23112.4887473872
BHR,2008,8370.73941069031,23127.2147074223
BHR,2009,8697.39373892511,22206.9371565184
BHR,2010,9527.42606932049,22224.0736166249
BHR,2011,10442.9285471727,23288.0449398313
BHR,2012,10439.1954969284,23894.8804447088
BHR,2013,11067.0354051361,24271.6278814506
BHR,2014,10478.5155035464,24135.4991304849
BHR,2015,10310.2029102214,23734.0551143019
BHR,2016,9902.07604967599,23715.2791328712
BHR,2017,9514.4194076415,23606.8867501313
BHR,2018,9630.21405158194,24059.7838641562
BHR,2019,9804.97945642343,24873.6640060134
BHR,2020,9448.4785059092,23586.9309581516
BHR,2021,9785.04821211062,24086.7847803428
BHR,2022,10322.2063313297,25187.1425681324
BHR,2023,10471.8362361327,25076.6545031009
BHS,1960,NA,18789.5115786787
BHS,1961,NA,19793.2294428986
BHS,1962,NA,20790.8003341132
BHS,1963,NA,21857.1700319536
BHS,1964,NA,23053.3240914303
BHS,1965,NA,24351.4507003446
BHS,1966,NA,25373.4870926561
BHS,1967,NA,26541.8716756185
BHS,1968,NA,27453.7700282719
BHS,1969,NA,28592.8868514431
BHS,1970,NA,25956.473942416
BHS,1971,NA,25566.6648968906
BHS,1972,NA,24018.3711889621
BHS,1973,NA,25226.592122645
BHS,1974,NA,20534.6459756631
BHS,1975,NA,17116.1149801236
BHS,1976,NA,17616.2684561503
BHS,1977,NA,18820.503882116
BHS,1978,NA,21047.0102581003
BHS,1979,NA,26028.7000516419
BHS,1980,NA,27207.2129469724
BHS,1981,NA,24270.2737208141
BHS,1982,NA,25465.6139952042
BHS,1983,NA,25941.3170492243
BHS,1984,NA,29121.8177407419
BHS,1985,NA,30010.7056229913
BHS,1986,NA,30030.1868949219
BHS,1987,NA,30407.0574255073
BHS,1988,NA,30582.4522599191
BHS,1989,20053.6241018967,32070.5170498418
BHS,1990,19304.8686535476,31013.4113096277
BHS,1991,18154.6789791289,29209.8799129391
BHS,1992,16934.7547562884,27581.9230250065
BHS,1993,16568.8922950808,27152.8748810207
BHS,1994,16636.9095237012,27519.5438938555
BHS,1995,17559.7721081053,28252.7077066212
BHS,1996,18396.8646453903,28983.8030082001
BHS,1997,19819.6426672108,28919.2895646365
BHS,1998,21813.1885793598,29854.6965869756
BHS,1999,23271.6865751609,31562.5997734386
BHS,2000,23497.5054683384,32443.4821122756
BHS,2001,23379.8388426484,32889.1043697221
BHS,2002,23953.3979094154,33393.907041321
BHS,2003,23492.7651176221,32578.1443340618
BHS,2004,22842.0107362836,32462.8400808186
BHS,2005,24398.6534354454,33163.9593062091
BHS,2006,24793.9928717887,33561.2518428191
BHS,2007,24744.8800945945,33568.7414244241
BHS,2008,23540.3140978599,32350.5258109189
BHS,2009,20909.0660132132,30599.0229081654
BHS,2010,20856.2673534869,30675.1646102905
BHS,2011,20167.952022418,30510.3112586785
BHS,2012,19127.6031925129,31111.9605332274
BHS,2013,18598.8130952413,29943.2833151727
BHS,2014,19420.2691686046,30229.5788172228
BHS,2015,19558.2671157868,30289.4022514831
BHS,2016,19714.8027084762,29788.630398974
BHS,2017,20848.1867703794,30432.0034857242
BHS,2018,20829.2484124255,31054.8232648137
BHS,2019,18564.0348304277,30481.3536731138
BHS,2020,15143.7439226908,23879.3136835653
BHS,2021,18512.7953307561,27522.0226408093
BHS,2022,18898.5199487588,30400.100277377
BHS,2023,20309.2134991088,31053.8006388734
BIH,1960,NA,NA
BIH,1961,NA,NA
BIH,1962,NA,NA
BIH,1963,NA,NA
BIH,1964,NA,NA
BIH,1965,NA,NA
BIH,1966,NA,NA
BIH,1967,NA,NA
BIH,1968,NA,NA
BIH,1969,NA,NA
BIH,1970,NA,NA
BIH,1971,NA,NA
BIH,1972,NA,NA
BIH,1973,NA,NA
BIH,1974,NA,NA
BIH,1975,NA,NA
BIH,1976,NA,NA
BIH,1977,NA,NA
BIH,1978,NA,NA
BIH,1979,NA,NA
BIH,1980,NA,NA
BIH,1981,NA,NA
BIH,1982,NA,NA
BIH,1983,NA,NA
BIH,1984,NA,NA
BIH,1985,NA,NA
BIH,1986,NA,NA
BIH,1987,NA,NA
BIH,1988,NA,NA
BIH,1989,NA,NA
BIH,1990,NA,791.211670918053
BIH,1991,NA,715.689938075882
BIH,1992,NA,704.999683364069
BIH,1993,NA,747.930428983879
BIH,1994,NA,871.142724291713
BIH,1995,NA,1012.92705452504
BIH,1996,NA,1497.56624773882
BIH,1997,NA,1973.47801454223
BIH,1998,NA,2261.36869447791
BIH,1999,NA,2452.13193858336
BIH,2000,2213.18371275023,2566.58782060588
BIH,2001,2305.51376744241,2616.41412523094
BIH,2002,2426.70022755709,2742.33362647095
BIH,2003,2541.58475352593,2854.84504596813
BIH,2004,2648.87675124357,3062.93618997193
BIH,2005,2807.27416407045,3216.86881717187
BIH,2006,2935.02124063835,3418.75501252184
BIH,2007,3130.29598915549,3663.94488965387
BIH,2008,3343.2936527625,3927.87965579966
BIH,2009,3256.38972952218,3876.39718028292
BIH,2010,3317.80320441741,3980.04128344756
BIH,2011,3374.22169000591,4093.05152243746
BIH,2012,3417.66739700125,4138.70218363601
BIH,2013,3475.51936404149,4305.4675564178
BIH,2014,3588.02340660775,4411.38102277262
BIH,2015,3697.44268226887,4662.25883724069
BIH,2016,3828.36237574644,4876.5347244666
BIH,2017,3932.99226975246,5099.81613758953
BIH,2018,4067.90774412786,5360.17443893099
BIH,2019,4213.42551631454,5583.29732033466
BIH,2020,4123.94571730543,5490.75367062899
BIH,2021,4368.31448627568,5995.44817572385
BIH,2022,4506.03256491088,6327.06293910437
BIH,2023,4592.38137624074,6507.01987550791
BLR,1960,NA,NA
BLR,1961,NA,NA
BLR,1962,NA,NA
BLR,1963,NA,NA
BLR,1964,NA,NA
BLR,1965,NA,NA
BLR,1966,NA,NA
BLR,1967,NA,NA
BLR,1968,NA,NA
BLR,1969,NA,NA
BLR,1970,NA,NA
BLR,1971,NA,NA
BLR,1972,NA,NA
BLR,1973,NA,NA
BLR,1974,NA,NA
BLR,1975,NA,NA
BLR,1976,NA,NA
BLR,1977,NA,NA
BLR,1978,NA,NA
BLR,1979,NA,NA
BLR,1980,NA,NA
BLR,1981,NA,NA
BLR,1982,NA,NA
BLR,1983,NA,NA
BLR,1984,NA,NA
BLR,1985,NA,NA
BLR,1986,NA,NA
BLR,1987,NA,NA
BLR,1988,NA,NA
BLR,1989,NA,NA
BLR,1990,809.651712714995,2888.81907069821
BLR,1991,758.799075412459,2852.83689147968
BLR,1992,715.63492934309,2573.30498643864
BLR,1993,679.087797722092,2372.49018343591
BLR,1994,584.817697701396,2097.38630357777
BLR,1995,518.333653375874,1885.36460876549
BLR,1996,547.815930994163,1944.69111376635
BLR,1997,609.899168289382,2175.40833900412
BLR,1998,693.813755540236,2368.78831406642
BLR,1999,760.332870722307,2460.37464166009
BLR,2000,822.960332097714,2615.36929738429
BLR,2001,970.349333887023,2753.03951749076
BLR,2002,1084.35884890323,2910.40552581074
BLR,2003,1170.5146182951,3137.2692460885
BLR,2004,1289.31764374124,3520.41196333398
BLR,2005,1488.22892264065,3877.72558343066
BLR,2006,1687.60019041869,4291.69554039507
BLR,2007,1922.01598492193,4682.21666120022
BLR,2008,2243.6420124729,5177.65628805365
BLR,2009,2249.17074618796,5200.78517563822
BLR,2010,2465.508328915,5616.10598460952
BLR,2011,2527.23633242809,5941.70254722329
BLR,2012,2801.38926872072,6052.65016288478
BLR,2013,3104.08035027807,6115.445804695
BLR,2014,3234.45451991037,6212.92980286522
BLR,2015,3155.22604266257,5967.06856034227
BLR,2016,3051.85727339705,5811.21387285116
BLR,2017,3198.23084463275,5964.90929450138
BLR,2018,3458.5834837613,6165.92623183228
BLR,2019,3641.13819589127,6267.7483339582
BLR,2020,3612.93546084992,6252.00220091446
BLR,2021,3816.42035180074,6457.74418441168
BLR,2022,3837.21701631428,6206.63221336061
BLR,2023,4183.72935449752,6482.80295076287
BLZ,1960,NA,1554.73650901524
BLZ,1961,NA,1590.49534112485
BLZ,1962,NA,1626.44946137565
BLZ,1963,NA,1661.02467035008
BLZ,1964,NA,1694.31090585267
BLZ,1965,NA,1725.67330207481
BLZ,1966,NA,1753.86597663694
BLZ,1967,NA,1784.3741331061
BLZ,1968,NA,1858.36452184413
BLZ,1969,NA,1898.20625159724
BLZ,1970,NA,1945.04198293153
BLZ,1971,NA,1987.98750307575
BLZ,1972,NA,2158.24409919594
BLZ,1973,NA,2241.94064142594
BLZ,1974,NA,2511.38843624041
BLZ,1975,NA,2557.68159806883
BLZ,1976,NA,2504.71434531537
BLZ,1977,NA,2612.70757763821
BLZ,1978,NA,2762.21027233446
BLZ,1979,NA,2907.6940487945
BLZ,1980,2260.50164484375,3183.73545687114
BLZ,1981,1745.23923801317,3139.22709388774
BLZ,1982,1930.20513859114,3058.54265733743
BLZ,1983,1739.4522125496,2921.07446456512
BLZ,1984,1447.38773130182,2909.06007780466
BLZ,1985,1328.31586815417,2871.03040262932
BLZ,1986,1201.57818666823,2934.26574957884
BLZ,1987,1398.6137876232,3177.26856009795
BLZ,1988,1604.96818825219,3411.7709927208
BLZ,1989,1755.58905446676,3771.13384766321
BLZ,1990,2032.10442411649,4111.68186005974
BLZ,1991,2165.37966537967,4498.65988154226
BLZ,1992,3438.79293440249,4966.68328051626
BLZ,1993,3474.17103407294,5165.5406214628
BLZ,1994,3573.94175241757,5055.70052469135
BLZ,1995,3592.46866511275,4966.79958676435
BLZ,1996,3524.07792700694,4874.55662204451
BLZ,1997,3515.49805924685,4914.25622252639
BLZ,1998,3642.58224197027,4930.24629363195
BLZ,1999,3766.99261359369,5212.36550357123
BLZ,2000,3931.94293966307,5662.33419045965
BLZ,2001,4083.39348008161,5763.67721322443
BLZ,2002,4270.51990957948,5893.70035034857
BLZ,2003,4313.88155157964,6273.01058592748
BLZ,2004,4181.17655360375,6381.59597801024
BLZ,2005,4012.40561194231,6335.67777675053
BLZ,2006,3814.60890370915,6434.11864385377
BLZ,2007,3797.14425671873,6465.2193636415705
BLZ,2008,3759.4214149029,6183.93891771798
BLZ,2009,3523.6339296938,5997.24330826644
BLZ,2010,3533.57613730141,5919.55662085777
BLZ,2011,3501.88953626799,5777.83112948952
BLZ,2012,3581.11866194662,5866.25148992843
BLZ,2013,3691.50306362529,5998.17830945783
BLZ,2014,3733.86389258086,6109.47778375326
BLZ,2015,3777.36555413055,6154.49593498217
BLZ,2016,3726.56315711662,6016.49646985703
BLZ,2017,3622.22212244452,5772.92692023491
BLZ,2018,3640.77827018289,5729.21045186202
BLZ,2019,3740.02215750762,5886.9622354935
BLZ,2020,3249.25521204039,5003.87784847193
BLZ,2021,3708.88075551838,5824.30394264153
BLZ,2022,3999.75813900176,6269.37997445105
BLZ,2023,3995.72388559571,6212.26051785042
BMU,1960,NA,39906.0219422945
BMU,1961,NA,40887.2553277031
BMU,1962,NA,41637.3631417601
BMU,1963,NA,41060.9761296957
BMU,1964,NA,44570.9985986152
BMU,1965,NA,45658.5944548796
BMU,1966,NA,51062.4081514285
BMU,1967,NA,56696.1527093867
BMU,1968,NA,56867.5774623567
BMU,1969,NA,57787.6562270768
BMU,1970,NA,60471.255277804
BMU,1971,NA,61975.665563665
BMU,1972,NA,62864.8733493888
BMU,1973,NA,63625.2779332653
BMU,1974,NA,64050.3241864199
BMU,1975,NA,66372.4924551379
BMU,1976,NA,72195.1610959722
BMU,1977,NA,76292.2393841989
BMU,1978,NA,77242.7029002796
BMU,1979,NA,78775.0614273019
BMU,1980,NA,84785.7462251032
BMU,1981,NA,86283.5987978388
BMU,1982,NA,81137.1319313892
BMU,1983,NA,82177.8355724679
BMU,1984,NA,81986.7194401669
BMU,1985,NA,79797.3827166062
BMU,1986,NA,84596.3528723121
BMU,1987,NA,87182.1874028497
BMU,1988,NA,90024.0922838766
BMU,1989,NA,89743.0558156557
BMU,1990,NA,89089.7346423608
BMU,1991,NA,85311.0494288592
BMU,1992,NA,84642.6084927299
BMU,1993,NA,86582.8344997142
BMU,1994,NA,86545.7823557807
BMU,1995,NA,89849.1250139813
BMU,1996,NA,91743.2962338679
BMU,1997,NA,95383.0225110365
BMU,1998,NA,98347.9089816051
BMU,1999,NA,100867.914579743
BMU,2000,NA,109502.763102809
BMU,2001,NA,116809.925253071
BMU,2002,NA,114574.433608566
BMU,2003,NA,118018.831592635
BMU,2004,NA,120432.12052555
BMU,2005,NA,122143.799577518
BMU,2006,NA,128662.931924261
BMU,2007,NA,132595.482654866
BMU,2008,NA,129525.177139097
BMU,2009,NA,121727.584908744
BMU,2010,NA,118382.908990645
BMU,2011,NA,113937.835700983
BMU,2012,NA,108040.575659203
BMU,2013,NA,107860.394791964
BMU,2014,50537.2501274364,103941.982606956
BMU,2015,51016.7654103114,104855.366822135
BMU,2016,54529.0860434402,104190.876720334
BMU,2017,51342.1090260582,107734.608357327
BMU,2018,49180.7226476194,106843.163739391
BMU,2019,48161.8396900347,106708.987911684
BMU,2020,43401.8887949301,98982.425748059
BMU,2021,44721.2556873986,103917.0347374
BMU,2022,46317.9073116712,110427.556780609
BMU,2023,47565.8228870951,110409.810458449
BOL,1960,978.763134870958,1276.96577008225
BOL,1961,1028.7154300492,1277.28494443194
BOL,1962,1009.32250284699,1321.00916077208
BOL,1963,1043.98473987888,1381.64409549157
BOL,1964,1030.58049015248,1406.29044412071
BOL,1965,1081.63746893083,1444.22712246829
BOL,1966,1138.81638698815,1514.70697668936
BOL,1967,1181.65165238952,1575.4963589758
BOL,1968,1189.80075253386,1672.33210422978
BOL,1969,1239.3658573966,1708.50359247124
BOL,1970,1291.39817548358,1758.01016086624
BOL,1971,1307.75988167281,1805.9739206576
BOL,1972,1291.38173700562,1906.55558234817
BOL,1973,1367.08796368404,1971.13271985708
BOL,1974,1378.88343573939,1983.71650104687
BOL,1975,1403.41044589882,2081.06943917612
BOL,1976,1478.90459499582,2127.83294572587
BOL,1977,1519.75439930205,2182.67536700509
BOL,1978,1443.59216377775,2176.90982570093
BOL,1979,1423.1736628596,2130.75447360771
BOL,1980,1417.25237681966,2054.7972663484
BOL,1981,1391.87159200448,2015.24575849298
BOL,1982,1307.24914682366,1894.05947037451
BOL,1983,1220.76061216317,1778.78743254424
BOL,1984,1194.70796026199,1737.6872763946
BOL,1985,1216.23276512005,1672.78977973517
BOL,1986,1250.18635783086,1595.83503236038
BOL,1987,1262.14464191408,1601.01834513147
BOL,1988,1246.6745710543,1613.0484695339
BOL,1989,1242.34285035708,1639.1133381549
BOL,1990,1257.5682205163,1679.40847737071
BOL,1991,1272.56425209319,1731.39513976862
BOL,1992,1291.19925849012,1724.36334306425
BOL,1993,1307.92760548312,1762.66830681419
BOL,1994,1320.48983347655,1809.57064873433
BOL,1995,1333.96743508456,1858.78184965565
BOL,1996,1352.27933566172,1904.28701924027
BOL,1997,1400.18184840729,1962.86404020257
BOL,1998,1447.94443519752,2025.50334413825
BOL,1999,1462.19097904256,1998.94533775903
BOL,2000,1470.40078968393,2014.19024421967
BOL,2001,1464.15561233604,2013.84580846685
BOL,2002,1469.31202331668,2029.66993400326
BOL,2003,1472.12548982513,2050.07133171186
BOL,2004,1489.68490471056,2099.99080817148
BOL,2005,1513.5525424917,2156.18670072156
BOL,2006,1548.5491240781,2221.42722326294
BOL,2007,1585.76064416169,2283.4273330342
BOL,2008,1644.70631836732,2383.2503229842
BOL,2009,1676.95906148637,2422.5757910558
BOL,2010,1715.22346274392,2481.40700559612
BOL,2011,1775.4273467342,2568.52051362119
BOL,2012,1827.72319580769,2657.23884603876
BOL,2013,1905.8261869623,2793.51456770698
BOL,2014,1978.33062254886,2900.90241433528
BOL,2015,2049.86357771741,2996.01289804214
BOL,2016,2088.1663673126,3077.57057479881
BOL,2017,2155.22844141943,3160.16421043125
BOL,2018,2215.94006544285,3246.7643418883
BOL,2019,2265.30692396246,3272.38170834596
BOL,2020,2061.75227543588,2949.81954615545
BOL,2021,2149.85505260317,3098.35062100148
BOL,2022,2196.44944542779,3172.91046271232
BOL,2023,2235.29847669982,3226.08755673382
BRA,1960,1505.15143330241,2603.51901056021
BRA,1961,1595.31971807214,2743.38888857931
BRA,1962,1647.05170980409,2838.47229930842
BRA,1963,1588.06690870737,2772.57994918503
BRA,1964,1595.24506530267,2785.07443226617
BRA,1965,1566.78472010411,2772.67176404659
BRA,1966,1589.151407634,2878.69979364043
BRA,1967,1683.67391555024,2921.37242652577
BRA,1968,1833.62662624425,3126.53548198783
BRA,1969,1713.18300158893,3338.76247452727
BRA,1970,1978.18075156453,3595.9508629887
BRA,1971,2180.88749668945,3907.01225997441
BRA,1972,2373.92448965271,4268.3838471911
BRA,1973,2529.1782077906,4748.26246409377
BRA,1974,2765.74565745449,5013.81724755295
BRA,1975,2558.2015924865,5148.91061899153
BRA,1976,2934.88434192609,5543.43637970313
BRA,1977,3195.01279915365,5679.78591025404
BRA,1978,3178.91325376912,5821.4913127909
BRA,1979,3431.11031063938,6069.054743407
BRA,1980,4272.80718680222,6472.85214624339
BRA,1981,3841.96377195594,6055.097814584
BRA,1982,3848.63325642426,5967.77899616392
BRA,1983,3689.05128511933,5664.96368529589
BRA,1984,3704.26363262568,5841.74986493372
BRA,1985,3725.25675099261,6167.51343689502
BRA,1986,4078.48566875691,6494.28087947056
BRA,1987,3802.85290395058,6591.6088290363105
BRA,1988,3486.07494460866,6463.00545270892
BRA,1989,3377.06806332493,6545.42575605596
BRA,1990,3480.00821027876,6149.86788957152
BRA,1991,3588.12119521275,6107.6488370630595
BRA,1992,3509.52882094078,5973.98285652476
BRA,1993,3529.80469142399,6167.4609220979
BRA,1994,3633.29647636147,6427.16901975862
BRA,1995,3990.73676580138,6596.33572707823
BRA,1996,4057.99033816749,6640.72700688977
BRA,1997,4119.37603302013,6764.85842125167
BRA,1998,4029.3227555635,6687.49523583703
BRA,1999,3986.08072682776,6621.6367628267
BRA,2000,4090.18744227745,6817.78424119813
BRA,2001,4068.36305251854,6823.03397034029
BRA,2002,4071.16326769774,6944.62337530502
BRA,2003,4001.42979729022,6941.44045779811
BRA,2004,4111.70347555236,7258.78185202231
BRA,2005,4246.72193837633,7409.56913269792
BRA,2006,4424.07806377645,7622.04007171401
BRA,2007,4658.76584603965,8003.25413136092
BRA,2008,4912.63241470555,8330.76459882987
BRA,2009,5085.80410286104,8246.09707036353
BRA,2010,5357.37853068852,8792.63436164336
BRA,2011,5570.00720269218,9067.99316393419
BRA,2012,5718.32815243123,9167.49923975685
BRA,2013,5869.0511774241,9366.73932481225
BRA,2014,5952.93021381255,9338.34278324839
BRA,2015,5716.0200503876,8936.19661756825
BRA,2016,5454.96089643837,8577.8437669383
BRA,2017,5522.49377639489,8628.25308951214
BRA,2018,5614.6464433447,8722.33630361577
BRA,2019,5722.93061562937,8771.44051336065
BRA,2020,5430.17399837507,8435.01143297182
BRA,2021,5567.04770442001,8799.22945854927
BRA,2022,5776.98016243189,9032.08481611491
BRA,2023,5933.80746320586,9258.05329063487
BRB,1960,NA,7381.7971438422
BRB,1961,NA,7873.04780157899
BRB,1962,NA,8510.62521839519
BRB,1963,NA,7999.08328047661
BRB,1964,NA,8315.38348028868
BRB,1965,NA,9172.24086694893
BRB,1966,NA,9439.02087637345
BRB,1967,NA,10354.4256371948
BRB,1968,NA,11006.5952048034
BRB,1969,NA,11791.2280425428
BRB,1970,NA,12915.4547220798
BRB,1971,NA,13432.5964951553
BRB,1972,NA,13577.0012203599
BRB,1973,NA,13722.5311626719
BRB,1974,NA,13060.5783482268
BRB,1975,NA,12792.1253941318
BRB,1976,NA,13335.7131391662
BRB,1977,NA,13811.3204153898
BRB,1978,NA,14489.2088041061
BRB,1979,NA,15650.3880247556
BRB,1980,NA,16318.2291040224
BRB,1981,NA,15960.8845873917
BRB,1982,NA,15129.1744290501
BRB,1983,NA,15151.3117660042
BRB,1984,NA,15639.6736406066
BRB,1985,NA,15755.808574781
BRB,1986,NA,16508.5149592767
BRB,1987,NA,16892.7326143465
BRB,1988,NA,17452.0562043171
BRB,1989,NA,18056.0932027769
BRB,1990,NA,17426.9351835134
BRB,1991,NA,16696.22733988
BRB,1992,NA,15691.7053745298
BRB,1993,NA,15770.1013386706
BRB,1994,NA,16050.7397691905
BRB,1995,NA,16347.8193415767
BRB,1996,NA,16982.0088873431
BRB,1997,NA,17779.6524073263
BRB,1998,NA,18439.4684285478
BRB,1999,NA,18495.4685457422
BRB,2000,NA,19351.4637536222
BRB,2001,NA,18867.6490272458
BRB,2002,NA,18892.1731269
BRB,2003,NA,19184.927950959798
BRB,2004,NA,19344.9607588108
BRB,2005,NA,20004.7667883518
BRB,2006,NA,21117.3140469227
BRB,2007,NA,21454.1970493913
BRB,2008,NA,21477.2080975613
BRB,2009,NA,20294.7825842242
BRB,2010,NA,19763.952363572
BRB,2011,NA,19555.7321072204
BRB,2012,NA,19438.2179113021
BRB,2013,NA,19191.4375467197
BRB,2014,NA,19160.122299023
BRB,2015,NA,18954.2913724506
BRB,2016,NA,19251.9834223357
BRB,2017,NA,19237.287488428
BRB,2018,NA,18974.8571786909
BRB,2019,NA,19064.9975884863
BRB,2020,NA,16166.6559507829
BRB,2021,NA,16099.7749737734
BRB,2022,NA,18959.3351638653
BRB,2023,NA,19734.2380260921
BRN,1960,NA,NA
BRN,1961,NA,NA
BRN,1962,NA,NA
BRN,1963,NA,NA
BRN,1964,NA,NA
BRN,1965,NA,NA
BRN,1966,NA,NA
BRN,1967,NA,NA
BRN,1968,NA,NA
BRN,1969,NA,NA
BRN,1970,NA,NA
BRN,1971,NA,NA
BRN,1972,NA,NA
BRN,1973,NA,NA
BRN,1974,NA,64932.0840839357
BRN,1975,NA,62303.4678936059
BRN,1976,NA,72760.0835955631
BRN,1977,NA,77308.8627850426
BRN,1978,NA,80082.6791351614
BRN,1979,NA,96517.1332928907
BRN,1980,NA,84483.3893541681
BRN,1981,NA,63568.3322142571
BRN,1982,NA,63000.6739515813
BRN,1983,NA,61220.7077917469
BRN,1984,NA,57811.7718396773
BRN,1985,NA,54270.0843329089
BRN,1986,NA,49618.4645310336
BRN,1987,NA,49057.0845185838
BRN,1988,NA,46889.4913868888
BRN,1989,4032.82210099004,44296.3388663286
BRN,1990,4107.46786833101,44179.8276912649
BRN,1991,3926.10751865365,44201.1393897195
BRN,1992,4675.53546422062,41672.3707444004
BRN,1993,5339.28345681337,40342.0502418347
BRN,1994,4800.41615610735,39721.4342531039
BRN,1995,4460.79902616917,39274.4977645821
BRN,1996,4850.17078610329,38331.6574507639
BRN,1997,5350.77384698199,39820.2106577615
BRN,1998,4717.39442336497,36331.1811884432
BRN,1999,4482.18019169635,37045.9342090551
BRN,2000,4079.35705708589,37509.5983267664
BRN,2001,4162.5946694457,37269.3097506594
BRN,2002,4108.8873125213,37976.262662486
BRN,2003,4668.3959024374,38595.1686901058
BRN,2004,5148.36934221921,37948.6589495693
BRN,2005,5033.62825982082,37312.2777967112
BRN,2006,5139.06891149855,38229.3564968534
BRN,2007,5154.2186691127,36174.5163676434
BRN,2008,5148.74214997829,34126.6940866315
BRN,2009,5305.03576983791,32855.6020295133
BRN,2010,5298.9178731123,33121.3176732283
BRN,2011,5486.94187111557,33754.3639675001
BRN,2012,5871.56902728072,33544.538880398
BRN,2013,6140.30975621033,32381.0738305277
BRN,2014,5833.76831224542,31148.729616258
BRN,2015,6059.3641371085,30625.128732694
BRN,2016,5904.69393477354,29492.4145383772
BRN,2017,6109.18037355201,29524.65904505
BRN,2018,6170.37994248987,29200.1951241759
BRN,2019,6471.99809129353,29996.2405849189
BRN,2020,7782.75298939976,30015.9587299585
BRN,2021,8136.25900594605,29256.1832859253
BRN,2022,8743.45834108801,28549.175527547
BRN,2023,9641.58741273597,28725.115657314
BTN,1960,NA,NA
BTN,1961,NA,NA
BTN,1962,NA,NA
BTN,1963,NA,NA
BTN,1964,NA,NA
BTN,1965,NA,NA
BTN,1966,NA,NA
BTN,1967,NA,NA
BTN,1968,NA,NA
BTN,1969,NA,NA
BTN,1970,NA,409.399510072882
BTN,1971,NA,406.291418893508
BTN,1972,NA,397.262037460799
BTN,1973,NA,389.593921487176
BTN,1974,NA,395.97778050326
BTN,1975,NA,370.056039458762
BTN,1976,NA,389.665426040691
BTN,1977,NA,406.337368782372
BTN,1978,NA,420.682203200014
BTN,1979,NA,426.159561562814
BTN,1980,NA,432.838643462
BTN,1981,NA,482.235722747426
BTN,1982,NA,483.023534442507
BTN,1983,NA,516.678056127313
BTN,1984,NA,523.422165120676
BTN,1985,NA,527.791600322016
BTN,1986,NA,570.0542881576
BTN,1987,NA,713.587145794947
BTN,1988,NA,725.55491614877
BTN,1989,NA,756.380975631694
BTN,1990,370.144201628993,812.671325538642
BTN,1991,428.176516193182,795.191843708186
BTN,1992,511.653271622118,863.463896126707
BTN,1993,417.514682414334,917.291293474134
BTN,1994,374.33346469662,963.016574811426
BTN,1995,404.004376208681,1043.38748999705
BTN,1996,468.516265610294,1099.85817853784
BTN,1997,479.649009329124,1138.39922383557
BTN,1998,583.610493480215,1182.9878113352
BTN,1999,543.702861215099,1248.61600819794
BTN,2000,502.664442781311,1259.62376434566
BTN,2001,467.37184525346,1321.09878328869
BTN,2002,456.905165475416,1427.25693198024
BTN,2003,544.228428579252,1506.41527569643
BTN,2004,633.935203532253,1552.7391509344
BTN,2005,703.254669480639,1632.021693912
BTN,2006,463.82440078669,1701.11878238422
BTN,2007,765.999016026494,1952.25734668794
BTN,2008,783.844399466959,2017.76018816244
BTN,2009,790.266242799478,2148.56480306587
BTN,2010,800.938377368985,2378.72810818592
BTN,2011,839.221298658567,2552.48871081346
BTN,2012,807.982037071271,2654.7479890751
BTN,2013,1054.63053688252,2671.07460167268
BTN,2014,1343.17468683772,2797.81883896042
BTN,2015,1506.61980175506,2954.04081973327
BTN,2016,1423.82429885709,3173.36773176318
BTN,2017,1448.11429945366,3211.80903329561
BTN,2018,1551.43204015639,3300.55006453134
BTN,2019,1511.65340858846,3467.3859894972
BTN,2020,1548.60261150419,3092.12428419388
BTN,2021,1500.69731036455,3206.20367057183
BTN,2022,1580.11819498649,3349.73309611324
BTN,2023,NA,NA
BWA,1960,NA,393.861742487166
BWA,1961,NA,409.502166469248
BWA,1962,NA,426.901637851857
BWA,1963,NA,441.728045569419
BWA,1964,NA,460.824434130607
BWA,1965,NA,480.490649773385
BWA,1966,NA,508.141727280139
BWA,1967,NA,535.405247145742
BWA,1968,NA,588.907189594904
BWA,1969,NA,674.389989055809
BWA,1970,NA,785.474884442778
BWA,1971,NA,971.592899383618
BWA,1972,NA,1184.47370056075
BWA,1973,NA,1370.73282732856
BWA,1974,NA,1419.44206854257
BWA,1975,763.312100348159,1464.68785200858
BWA,1976,801.789449062624,1539.17387299982
BWA,1977,827.4002284664,1635.51259140874
BWA,1978,878.1326586232,1760.57070364001
BWA,1979,930.088669345889,1859.49457887642
BWA,1980,912.248369638156,2002.99615272235
BWA,1981,864.934717075569,2111.34563888905
BWA,1982,791.41172496246,2276.04982459673
BWA,1983,712.607348022687,2484.51795571067
BWA,1984,738.041148148614,2603.44865679004
BWA,1985,835.77789992351,2693.78188151685
BWA,1986,863.861305357909,2816.7693715823
BWA,1987,837.727967108974,3050.23176245012
BWA,1988,886.092974827841,3536.42325387877
BWA,1989,1078.63953401876,3888.73045113925
BWA,1990,1284.41441603714,4039.46544455099
BWA,1991,1374.43678444055,4224.09857544948
BWA,1992,1319.18119605322,4226.73999498293
BWA,1993,1251.82065332963,4186.14547358363
BWA,1994,1246.23848856839,4219.4408088678
BWA,1995,1419.62161289352,4399.1388580936
BWA,1996,1460.52799924092,4543.2105349273
BWA,1997,1619.26217621817,4809.4439184672
BWA,1998,1616.83233561462,4724.93670942028
BWA,1999,1582.89420891262,5070.94772048729
BWA,2000,1529.36489432223,5062.64289173588
BWA,2001,1431.3615342089,4971.96371794188
BWA,2002,1474.26867788627,5175.47655317231
BWA,2003,1467.84828676917,5320.440295139
BWA,2004,1486.69922903722,5369.42516766112
BWA,2005,1617.60021196286,5514.21742664705
BWA,2006,1861.55791094741,5865.00026521361
BWA,2007,1987.35880995685,6085.6354476126
BWA,2008,2170.43734613163,6158.61629368051
BWA,2009,2233.53562543508,5179.4138607146
BWA,2010,2348.18000423445,5584.62949436356
BWA,2011,2421.27279817189,5850.21717127884
BWA,2012,2582.24960489982,5743.05277966638
BWA,2013,2750.3391250186,6285.11821840855
BWA,2014,2766.82063673071,6547.1232682172
BWA,2015,2824.81608051776,6141.20394726616
BWA,2016,2856.59506258127,6490.83463593483
BWA,2017,2856.78605849791,6662.57549449506
BWA,2018,2967.64374797772,6843.80580621129
BWA,2019,3017.67988505214,6951.71989827806
BWA,2020,3044.01464966204,6254.2461755493
BWA,2021,3073.9318074303,6896.17866856924
BWA,2022,3117.91405949829,7159.8638374729
BWA,2023,3239.42201529893,7235.92910677284
CAF,1960,NA,575.894391468806
CAF,1961,NA,593.189558332525
CAF,1962,NA,560.326768152575
CAF,1963,NA,545.581408664112
CAF,1964,NA,545.874892158702
CAF,1965,NA,539.817040213822
CAF,1966,NA,531.90309134597
CAF,1967,NA,544.747072768765
CAF,1968,NA,540.093413129288
CAF,1969,NA,565.30834319678
CAF,1970,NA,565.812174200598
CAF,1971,NA,560.464655722271
CAF,1972,NA,549.598711724139
CAF,1973,NA,549.35454984184
CAF,1974,NA,573.024209010012
CAF,1975,NA,564.260762473446
CAF,1976,NA,586.137157573357
CAF,1977,NA,602.199701083141
CAF,1978,NA,603.119667759043
CAF,1979,NA,581.982298397451
CAF,1980,NA,549.851069399498
CAF,1981,NA,535.271803204363
CAF,1982,NA,569.909860587753
CAF,1983,NA,517.400561236801
CAF,1984,NA,559.576063736741
CAF,1985,NA,574.324850721819
CAF,1986,NA,587.348322352386
CAF,1987,NA,551.039434586106
CAF,1988,NA,551.209370152878
CAF,1989,NA,547.973638780833
CAF,1990,NA,519.786735961912
CAF,1991,NA,500.991150890901
CAF,1992,NA,454.148968239471
CAF,1993,NA,441.384907508364
CAF,1994,NA,448.784442959801
CAF,1995,NA,468.150527620686
CAF,1996,NA,437.925054761723
CAF,1997,NA,448.634663639551
CAF,1998,NA,457.148858416438
CAF,1999,NA,460.827900216085
CAF,2000,NA,437.168928414826
CAF,2001,NA,446.658634192083
CAF,2002,NA,452.808702217035
CAF,2003,NA,418.240532289858
CAF,2004,NA,433.825227770233
CAF,2005,NA,427.968043155237
CAF,2006,NA,439.294330902768
CAF,2007,NA,450.762785401893
CAF,2008,NA,450.313616886022
CAF,2009,518.918136257212,492.215398914836
CAF,2010,507.081051620211,519.141456408484
CAF,2011,499.296417229015,532.38295493852
CAF,2012,537.025154079982,553.729578314912
CAF,2013,288.405493100422,349.821171688973
CAF,2014,296.824624281021,351.561554911625
CAF,2015,301.950945517928,366.322853938121
CAF,2016,322.920070290638,376.858254120398
CAF,2017,319.696677156768,387.35795131742
CAF,2018,470.670803000621,395.020015455909
CAF,2019,490.965314989506,401.82582161435
CAF,2020,462.480689439679,398.834274122139
CAF,2021,467.533486663464,396.020622931961
CAF,2022,494.139481411463,399.106838645128
CAF,2023,466.601391204032,398.330979969132
CAN,1960,NA,15432.4717832501
CAN,1961,NA,15605.5232231718
CAN,1962,NA,16455.7535157788
CAN,1963,NA,17007.690740283
CAN,1964,NA,17800.8641257816
CAN,1965,NA,18585.8814554728
CAN,1966,NA,19476.0270404506
CAN,1967,NA,19715.0936178811
CAN,1968,NA,20371.1440609775
CAN,1969,NA,21114.287049668
CAN,1970,10880.2665083777,21428.9091562301
CAN,1971,11173.9261823278,21642.5407785898
CAN,1972,11802.48045689,22573.5662845611
CAN,1973,12443.9678820555,23799.6955335027
CAN,1974,12884.6399700748,24257.8167998797
CAN,1975,13182.8901467697,24275.8127521832
CAN,1976,13677.7371357191,25369.4634276064
CAN,1977,13894.3078740457,25960.6392190527
CAN,1978,14167.0934507908,26663.7707119666
CAN,1979,14348.6206409695,27384.677926987
CAN,1980,14406.6134319866,27622.3733827823
CAN,1981,14400.3851926137,28215.5308546984
CAN,1982,13865.1291799449,26999.0790715116
CAN,1983,14071.3377174762,27418.4916003319
CAN,1984,14474.4275724905,28762.9721968164
CAN,1985,15045.4179994774,29851.643282805
CAN,1986,15406.1443979273,30183.4087849598
CAN,1987,15793.7237433206,31001.1298424264
CAN,1988,16233.2998611183,31951.5504814006
CAN,1989,16488.3978045827,32116.9233356971
CAN,1990,16464.339363508,31700.5462697892
CAN,1991,16079.9973121287,30654.3331377446
CAN,1992,16135.8552143757,30563.3788184233
CAN,1993,16256.0127170733,31032.7546013139
CAN,1994,16543.9134647156,32074.1562430473
CAN,1995,16741.0688680116,32595.4515181692
CAN,1996,17058.8506632079,32801.3018549155
CAN,1997,17715.9032075485,33867.0079131743
CAN,1998,18050.433702233,34894.6134280252
CAN,1999,18608.9884316837,36391.5353258957
CAN,2000,19185.796789699,37906.8601153293
CAN,2001,19434.7849057396,38200.4561131358
CAN,2002,19993.8672003615,38921.6672955178
CAN,2003,20358.6365431821,39270.0234544073
CAN,2004,20787.1355960358,40108.758738975
CAN,2005,21399.9373013251,41006.222931999
CAN,2006,22073.3403086624,41663.5123054377
CAN,2007,22824.8226014001,42106.8724267286
CAN,2008,23254.0782756775,42067.5686998623
CAN,2009,23008.940842905,40376.4153677037
CAN,2010,23570.5765269349,41164.3399062659
CAN,2011,23873.3956936973,42043.6419607016
CAN,2012,24063.8747889074,42320.6431282192
CAN,2013,24437.4524498452,42851.1705330235
CAN,2014,24817.6989526538,43643.2356474848
CAN,2015,25201.354183224,43594.1941045394
CAN,2016,25442.1384969614,43551.3426018259
CAN,2017,26064.8390724016,44339.3886692751
CAN,2018,26372.6989765709,44907.3436837248
CAN,2019,26401.6707776648,45100.2914903262
CAN,2020,24482.6770101172,42366.1285192527
CAN,2021,25592.7354056271,44359.6167266713
CAN,2022,26410.648888297,45227.1447354204
CAN,2023,26087.6465545355,44468.7475023539
CEB,1960,NA,NA
CEB,1961,NA,NA
CEB,1962,NA,NA
CEB,1963,NA,NA
CEB,1964,NA,NA
CEB,1965,NA,NA
CEB,1966,NA,NA
CEB,1967,NA,NA
CEB,1968,NA,NA
CEB,1969,NA,NA
CEB,1970,NA,NA
CEB,1971,NA,NA
CEB,1972,NA,NA
CEB,1973,NA,NA
CEB,1974,NA,NA
CEB,1975,NA,NA
CEB,1976,NA,NA
CEB,1977,NA,NA
CEB,1978,NA,NA
CEB,1979,NA,NA
CEB,1980,NA,NA
CEB,1981,NA,NA
CEB,1982,NA,NA
CEB,1983,NA,NA
CEB,1984,NA,NA
CEB,1985,NA,NA
CEB,1986,NA,NA
CEB,1987,NA,NA
CEB,1988,NA,NA
CEB,1989,NA,NA
CEB,1990,NA,6748.56602338588
CEB,1991,NA,6029.79198764708
CEB,1992,NA,5750.78031714943
CEB,1993,NA,5766.45223210585
CEB,1994,NA,5980.2635123296
CEB,1995,3502.7951590553,6330.90188623068
CEB,1996,3723.92442345878,6629.25961772769
CEB,1997,3818.02388447235,6791.22013741326
CEB,1998,3957.33958617904,6982.16872289153
CEB,1999,4093.39575528877,7126.32261033628
CEB,2000,4236.95159244766,7449.96847311714
CEB,2001,4435.28742746882,7730.11591515756
CEB,2002,4692.7574601281,8056.44726855823
CEB,2003,4917.91463101058,8406.09518715575
CEB,2004,5220.04991178285,8924.75713634986
CEB,2005,5471.40860839452,9388.47820166777
CEB,2006,5794.60501775436,10037.6006956507
CEB,2007,6215.74480357813,10713.0904952096
CEB,2008,6531.79356519677,11177.6483552975
CEB,2009,6379.73475700555,10795.078549108
CEB,2010,6453.63329067418,11001.0350997337
CEB,2011,6601.35012766207,11423.6901954319
CEB,2012,6653.73699416857,11547.5465361241
CEB,2013,6610.0215788948,11648.6935337775
CEB,2014,6792.4886990798605,12054.5625901477
CEB,2015,7070.59779102878,12568.2965059245
CEB,2016,7383.48057954089,12953.2602117792
CEB,2017,7836.42490885994,13652.4379376331
CEB,2018,8269.86529550472,14371.0831381743
CEB,2019,8565.87885156759,14969.6879211911
CEB,2020,8282.63061943227,14504.8075525764
CEB,2021,8922.22392622566,15667.0787666085
CEB,2022,9364.27419738569,16362.5281845399
CEB,2023,9358.48224166907,16485.8850768453
CHE,1960,NA,39907.2639481954
CHE,1961,NA,42297.9647391899
CHE,1962,NA,43214.5155148746
CHE,1963,NA,44364.4660520594
CHE,1964,NA,45930.2929814822
CHE,1965,NA,46358.4508627756
CHE,1966,NA,47005.6873654843
CHE,1967,NA,47845.6267276155
CHE,1968,NA,48942.136513409
CHE,1969,NA,51120.4346605183
CHE,1970,27868.075544761,53989.1606711979
CHE,1971,29042.0674058834,55895.3525411154
CHE,1972,30388.6370951063,57246.1295143525
CHE,1973,30997.8666741881,58558.1924717305
CHE,1974,30681.4842574423,59091.0841439463
CHE,1975,29797.6474074858,54811.3455176903
CHE,1976,30288.0048169961,54351.7579349479
CHE,1977,31311.716151816,55863.5535186335
CHE,1978,32003.9743301642,56087.045941721
CHE,1979,32346.7619249932,57369.1431933375
CHE,1980,33065.0241867245,59771.4492156252
CHE,1981,33201.3132879688,60397.2730635793
CHE,1982,33091.1039886233,59259.1607670029
CHE,1983,33364.1694557131,59382.7014168699
CHE,1984,33783.0103167412,60949.9323053047
CHE,1985,34352.5394182311,62910.6581375252
CHE,1986,35131.630428899,63747.3357624833
CHE,1987,35956.7368144974,64352.5553398685
CHE,1988,36455.3050017585,65975.1065122222
CHE,1989,37075.8184144163,68278.0620563222
CHE,1990,37275.7983682626,70063.8516904882
CHE,1991,37482.9833814071,68559.9381759437
CHE,1992,37245.8613725493,67778.5474864057
CHE,1993,36771.0735998664,67079.4643889041
CHE,1994,36923.9562290213,67391.8443342897
CHE,1995,37001.7631667297,67264.9112941914
CHE,1996,37388.0441746259,67284.1091295952
CHE,1997,38059.3762860373,68640.0744509045
CHE,1998,38834.1853656963,70510.0254673626
CHE,1999,39477.3913375876,71341.3428528522
CHE,2000,40139.764599476,73749.9388039148
CHE,2001,40833.0812214421,74439.463600957
CHE,2002,40682.0059830484,73824.3848823894
CHE,2003,40571.1731503943,73254.952914928
CHE,2004,41043.8187488448,74718.6836114474
CHE,2005,41319.6593686861,76282.9839647849
CHE,2006,41686.2573769553,78893.8077357762
CHE,2007,42194.8578792664,81254.1700504637
CHE,2008,42292.3980716277,82481.068036134
CHE,2009,42415.6805339601,79585.5215942023
CHE,2010,42762.5673533694,81315.4228645667
CHE,2011,42886.8667060067,81874.3361860796
CHE,2012,43367.6505442392,81964.8864216996
CHE,2013,43840.4862734446,82479.9215356402
CHE,2014,43738.0429403185,83394.3711423724
CHE,2015,44306.9103920714,83806.4476003837
CHE,2016,44541.977058060504,84611.0998479606
CHE,2017,44637.0775781752,84967.5885484699
CHE,2018,44603.002947562,86756.6021294513
CHE,2019,44823.3900628243,87123.6604363226
CHE,2020,42999.2772892985,84637.0132313179
CHE,2021,43441.72877392,88520.3220012179
CHE,2022,44877.8583195445,90043.4100399046
CHE,2023,45244.0484242042,89555.5599814123
CHI,1960,NA,NA
CHI,1961,NA,NA
CHI,1962,NA,NA
CHI,1963,NA,NA
CHI,1964,NA,NA
CHI,1965,NA,NA
CHI,1966,NA,NA
CHI,1967,NA,NA
CHI,1968,NA,NA
CHI,1969,NA,NA
CHI,1970,NA,NA
CHI,1971,NA,NA
CHI,1972,NA,NA
CHI,1973,NA,NA
CHI,1974,NA,NA
CHI,1975,NA,NA
CHI,1976,NA,NA
CHI,1977,NA,NA
CHI,1978,NA,NA
CHI,1979,NA,NA
CHI,1980,NA,NA
CHI,1981,NA,NA
CHI,1982,NA,NA
CHI,1983,NA,NA
CHI,1984,NA,NA
CHI,1985,NA,NA
CHI,1986,NA,NA
CHI,1987,NA,NA
CHI,1988,NA,NA
CHI,1989,NA,NA
CHI,1990,NA,NA
CHI,1991,NA,NA
CHI,1992,NA,NA
CHI,1993,NA,NA
CHI,1994,NA,NA
CHI,1995,NA,NA
CHI,1996,NA,NA
CHI,1997,NA,NA
CHI,1998,NA,NA
CHI,1999,NA,NA
CHI,2000,NA,NA
CHI,2001,NA,NA
CHI,2002,NA,NA
CHI,2003,NA,NA
CHI,2004,NA,NA
CHI,2005,NA,NA
CHI,2006,NA,NA
CHI,2007,NA,NA
CHI,2008,NA,NA
CHI,2009,NA,67622.4698988394
CHI,2010,NA,64727.4337756302
CHI,2011,NA,65010.9567882113
CHI,2012,NA,60866.0849987586
CHI,2013,NA,60784.8478914812
CHI,2014,NA,61897.0637766157
CHI,2015,NA,61852.0736534587
CHI,2016,NA,62438.4790204275
CHI,2017,NA,63397.7522093386
CHI,2018,NA,63864.3737319613
CHI,2019,NA,64598.9625102059
CHI,2020,NA,58640.7349454753
CHI,2021,NA,64272.1114653859
CHI,2022,NA,67513.5801037972
CHI,2023,NA,69822.9529944005
CHL,1960,2064.02666682621,3283.95690828934
CHL,1961,2137.56587766218,3385.0276224585
CHL,1962,2179.77166868348,3449.9456853155
CHL,1963,2226.2848507158,3578.53267614964
CHL,1964,2169.61673715723,3598.49781829219
CHL,1965,2126.52640161735,3564.00785150152
CHL,1966,2323.00812241158,3891.59114446037
CHL,1967,2358.7110239848,3960.18834909194
CHL,1968,2406.15137094495,4030.96114371125
CHL,1969,2489.48879939503,4118.04149480322
CHL,1970,2433.45175261709,4123.05540025323
CHL,1971,2708.46231483474,4437.47922334643
CHL,1972,2870.15686258526,4321.00174943087
CHL,1973,2638.5525570885,4037.93429904585
CHL,1974,2122.45715100631,4069.0160438963
CHL,1975,1850.83693871546,3488.58393946963
CHL,1976,1826.98422903959,3566.57617816564
CHL,1977,2087.2587530047,3879.2253344676
CHL,1978,2210.80810046422,4115.45394097781
CHL,1979,2319.59480653779,4396.16222456629
CHL,1980,2443.78788245694,4677.64913619297
CHL,1981,2730.6071797925,4910.27900736764
CHL,1982,2294.13617936193,4306.21101794344
CHL,1983,2130.99352952783,4030.31766110852
CHL,1984,2112.47910810694,4133.29624941347
CHL,1985,2060.10134032143,4233.99334606711
CHL,1986,2132.23612112048,4393.05579859741
CHL,1987,2250.38369279365,4603.28349127781
CHL,1988,2369.79050334548,4861.84957039887
CHL,1989,2567.64198011436,5257.12592819726
CHL,1990,2580.53690422684,5342.5564679352
CHL,1991,2763.10404517706,5664.52754709787
CHL,1992,3093.84787011274,6196.34617389265
CHL,1993,3272.35493289384,6502.65364930101
CHL,1994,3487.00397879725,6727.66815117552
CHL,1995,3773.66033320761,7222.16380205915
CHL,1996,4071.65416543859,7605.2895299082
CHL,1997,4318.90885224012,8058.94228775841
CHL,1998,4498.32142980578,8287.45061072052
CHL,1999,4396.60313866672,8161.45168851645
CHL,2000,4521.425844954,8465.35303239198
CHL,2001,4559.93048804461,8632.01482418618
CHL,2002,4630.40359947725,8810.69052729594
CHL,2003,4763.47041414284,9130.7842622047
CHL,2004,5125.64123114955,9642.3747864668
CHL,2005,5469.68292634317,10104.4208387154
CHL,2006,5807.0806127151,10611.6144011853
CHL,2007,6123.76916524544,11051.3450718649
CHL,2008,6256.57617005984,11356.0922102588
CHL,2009,6162.65107001792,11116.4093443974
CHL,2010,6795.8437242657,11649.2897086343
CHL,2011,7349.09980381875,12252.8441071997
CHL,2012,7742.25201326902,12882.8344179443
CHL,2013,8078.88356867513,13182.7329616958
CHL,2014,8188.13660853521,13285.9540361176
CHL,2015,8298.85744036132,13433.9202985339
CHL,2016,8469.86193084984,13505.0977104931
CHL,2017,8632.95759902885,13473.3458532575
CHL,2018,8800.91849542872,13763.0068840877
CHL,2019,8724.86091185048,13630.5935431699
CHL,2020,8006.04299492824,12679.0240036611
CHL,2021,9643.80756533466,14053.8743826368
CHL,2022,9753.71361606206,14272.2709917484
CHL,2023,9196.65818834638,14226.5180749128
CHN,1960,NA,238.217052030298
CHN,1961,NA,175.023681458101
CHN,1962,NA,163.907043816556
CHN,1963,NA,176.400455775651
CHN,1964,NA,203.68783419855
CHN,1965,NA,232.607206828026
CHN,1966,NA,250.304902689826
CHN,1967,NA,229.876274100936
CHN,1968,NA,214.770065975622
CHN,1969,NA,244.363964322402
CHN,1970,NA,283.585356324124
CHN,1971,NA,295.380170974756
CHN,1972,NA,299.190888197664
CHN,1973,NA,315.129663483005
CHN,1974,NA,315.816664008902
CHN,1975,NA,337.344119019914
CHN,1976,NA,326.949460515792
CHN,1977,NA,346.939156011599
CHN,1978,NA,381.099329479615
CHN,1979,NA,404.596632533845
CHN,1980,NA,430.855409784103
CHN,1981,NA,447.119786437403
CHN,1982,NA,480.3113224128
CHN,1983,NA,524.409363188168
CHN,1984,NA,596.201109056215
CHN,1985,NA,667.128541913205
CHN,1986,NA,716.105339985801
CHN,1987,NA,786.864881580589
CHN,1988,NA,861.193486641784
CHN,1989,NA,883.764155150295
CHN,1990,NA,905.032457182312
CHN,1991,NA,975.462915554045
CHN,1992,NA,1100.64611588261
CHN,1993,NA,1239.1293732409
CHN,1994,NA,1384.93015732283
CHN,1995,557.007698845997,1520.02946941719
CHN,1996,615.01228640462,1653.43378890759
CHN,1997,644.931228184704,1787.76697702905
CHN,1998,681.990982976241,1909.62232844399
CHN,1999,739.24488058876,2038.2064740575
CHN,2000,818.451162147145,2193.89686642215
CHN,2001,869.282094540873,2359.57238513523
CHN,2002,942.288550291653,2557.89161202627
CHN,2003,994.112752107558,2797.17665912283
CHN,2004,1068.13847361374,3061.83317262874
CHN,2005,1178.94261664321,3390.71615945044
CHN,2006,1292.16105114422,3800.76579592591
CHN,2007,1462.51292672324,4319.03139751247
CHN,2008,1582.83523946234,4711.64344921263
CHN,2009,1732.34542351315,5128.90412774381
CHN,2010,1923.96061551638,5647.06872713954
CHN,2011,2201.3949468811,6152.69687271855
CHN,2012,2387.78705936017,6591.66249405644
CHN,2013,2582.16021256356,7056.42309152349
CHN,2014,2801.86050163659,7532.78530130172
CHN,2015,3028.05228758108,8016.44559489998
CHN,2016,3279.81989067775,8516.52874235572
CHN,2017,3570.87483274964,9053.22872461936
CHN,2018,3849.97436228882,9619.20947510677
CHN,2019,4083.11264976509,10155.5108830542
CHN,2020,3971.5450124587,10358.1699971792
CHN,2021,4453.20587397471,11223.2553476968
CHN,2022,4491.33616929365,11555.9302384568
CHN,2023,NA,12175.1961147248
CIV,1960,NA,1495.16746754194
CIV,1961,NA,1584.79700802047
CIV,1962,NA,1544.73084077175
CIV,1963,NA,1701.85098116155
CIV,1964,NA,1925.78185183022
CIV,1965,NA,1795.15446525207
CIV,1966,NA,1927.01291240163
CIV,1967,NA,1939.09574002605
CIV,1968,NA,2099.19940540587
CIV,1969,NA,2209.89957239449
CIV,1970,NA,2340.31065205636
CIV,1971,NA,2453.14652785489
CIV,1972,NA,2445.07611276194
CIV,1973,NA,2475.02677039287
CIV,1974,NA,2466.81998522238
CIV,1975,NA,2551.2970644557
CIV,1976,NA,2765.86772079083
CIV,1977,NA,2861.15876809449
CIV,1978,NA,3055.94030479339
CIV,1979,NA,3010.66074752137
CIV,1980,NA,2576.91660095729
CIV,1981,NA,2562.42591923373
CIV,1982,NA,2466.30363782942
CIV,1983,NA,2276.86700017061
CIV,1984,NA,2128.64190478015
CIV,1985,NA,2138.06011188618
CIV,1986,NA,2123.07460132975
CIV,1987,NA,2035.62090959375
CIV,1988,NA,1981.38877451772
CIV,1989,NA,1962.42170003804
CIV,1990,NA,1866.0785698741
CIV,1991,NA,1794.12062566918
CIV,1992,NA,1719.71261335163
CIV,1993,NA,1649.47036183619
CIV,1994,NA,1598.69239055813
CIV,1995,NA,1647.08777075504
CIV,1996,NA,1706.97650014485
CIV,1997,NA,1801.13163122133
CIV,1998,NA,1808.42289027986
CIV,1999,NA,1770.86540389357
CIV,2000,NA,1717.95385651231
CIV,2001,NA,1636.57318705218
CIV,2002,NA,1551.27925902838
CIV,2003,NA,1441.58801755037
CIV,2004,NA,1451.86547141894
CIV,2005,NA,1431.73320203111
CIV,2006,NA,1437.77453798586
CIV,2007,NA,1420.1738958245
CIV,2008,933.527278325631,1454.62731800082
CIV,2009,947.434227417768,1473.9183699329
CIV,2010,969.542493109341,1540.52927270246
CIV,2011,908.562156322187,1426.46463864534
CIV,2012,975.334214846241,1503.43433046682
CIV,2013,996.443593645028,1632.32712787006
CIV,2014,1071.97159680623,1742.53693001178
CIV,2015,1184.44859220177,1814.71855088017
CIV,2016,1224.35287319264,1889.27777949938
CIV,2017,1261.36170615172,1972.81431788947
CIV,2018,1301.09409133883,2013.32307598499
CIV,2019,1324.70138342201,2093.09994335779
CIV,2020,1309.90407450507,2055.08483996432
CIV,2021,1345.88525441399,2146.47635317946
CIV,2022,1357.64238200962,2223.28825303231
CIV,2023,1360.59380019495,2302.7469807991
CMR,1960,650.150742777015,935.699954812011
CMR,1961,648.862251372259,932.280026939942
CMR,1962,656.665327619184,942.759289850998
CMR,1963,660.608786214803,956.891728661397
CMR,1964,664.168919031865,969.229047665523
CMR,1965,645.729417092518,966.950594049791
CMR,1966,648.218854811518,988.594437772544
CMR,1967,547.686449185815,860.08689924625
CMR,1968,592.862777008708,892.491104144478
CMR,1969,587.924643193661,912.754108454771
CMR,1970,580.086690597016,916.710625779195
CMR,1971,616.983873322185,923.604760607703
CMR,1972,591.106190814826,922.880502053864
CMR,1973,571.78555580954,945.932707437732
CMR,1974,608.112638948313,1018.79726418801
CMR,1975,692.168482083874,1102.17636716094
CMR,1976,625.085296102825,1014.07667154038
CMR,1977,729.309183289427,1124.03776731799
CMR,1978,788.572988482441,1334.48750457376
CMR,1979,824.36392454763,1375.91817432986
CMR,1980,684.212691765246,1305.68366184321
CMR,1981,783.37081974736,1475.98950174546
CMR,1982,872.09313822936,1549.61272438048
CMR,1983,848.09258650586,1622.46829304371
CMR,1984,829.926106856973,1695.95061001327
CMR,1985,852.446367763442,1778.88090277491
CMR,1986,1026.43459960329,1842.96431745669
CMR,1987,1041.29303592117,1749.42466570751
CMR,1988,891.445001354811,1565.13475286994
CMR,1989,750.241476341662,1492.28176078781
CMR,1990,712.980593238919,1360.47765296011
CMR,1991,675.772586273998,1271.04658608388
CMR,1992,591.93933774478,1196.85081918895
CMR,1993,667.772864300798,1070.98275377636
CMR,1994,677.989697185786,1060.87326552909
CMR,1995,663.639651350129,1062.01607349987
CMR,1996,681.253175735645,1077.38925202961
CMR,1997,715.142437403933,1096.69757735007
CMR,1998,740.562120984498,1118.50819963079
CMR,1999,764.91960494338,1138.36298546565
CMR,2000,798.741245279465,1151.27689302947
CMR,2001,818.027103898498,1169.92670464984
CMR,2002,827.778290558052,1189.96707897027
CMR,2003,860.784259565844,1221.09446141454
CMR,2004,886.46797393446,1271.74326874167
CMR,2005,909.166496853576,1264.74345218659
CMR,2006,907.527833781276,1277.32990712342
CMR,2007,901.099615301395,1295.73067471287
CMR,2008,922.276071211641,1295.02211276052
CMR,2009,937.299326401654,1290.89961351149
CMR,2010,925.583786380761,1290.9013745759
CMR,2011,929.684606917353,1297.3064962694
CMR,2012,950.594728957641,1319.66961634054
CMR,2013,977.353311149473,1347.2130636706
CMR,2014,1002.19300212439,1381.81938454907
CMR,2015,1033.77227798701,1415.00009710569
CMR,2016,1027.40912721257,1435.61830727839
CMR,2017,1045.64998128265,1444.90682916573
CMR,2018,1069.18184314057,1461.01969999317
CMR,2019,1081.99132536778,1470.31785276187
CMR,2020,1055.60140447701,1434.51913723409
CMR,2021,1076.57915569432,1443.57600237663
CMR,2022,1093.62776757505,1458.66180431693
CMR,2023,1102.88955654765,1466.76885819356
COD,1960,NA,1255.69660853314
COD,1961,NA,1091.02374380592
COD,1962,NA,1288.32777649995
COD,1963,NA,1320.03817859144
COD,1964,NA,1253.81952670838
COD,1965,NA,1231.99389442249
COD,1966,NA,1278.48523292439
COD,1967,NA,1229.48528952487
COD,1968,NA,1245.68660892435
COD,1969,NA,1323.0460114718
COD,1970,NA,1282.64331582123
COD,1971,NA,1322.99781988124
COD,1972,NA,1290.35656703292
COD,1973,NA,1358.50275240035
COD,1974,NA,1364.0849388945
COD,1975,NA,1262.2249737007
COD,1976,NA,1164.70931403705
COD,1977,NA,1144.26482649245
COD,1978,NA,1050.00742208486
COD,1979,NA,1018.10162802476
COD,1980,NA,1008.33935841626
COD,1981,NA,1002.41537708901
COD,1982,NA,968.331830863816
COD,1983,NA,951.358551446458
COD,1984,NA,971.071374827525
COD,1985,NA,943.793842641303
COD,1986,NA,957.671957013036
COD,1987,NA,952.77108292065
COD,1988,NA,927.077247982041
COD,1989,NA,886.860720480585
COD,1990,NA,801.567015056407
COD,1991,NA,710.032087422205
COD,1992,NA,614.369536883349
COD,1993,355.297180642612,512.954857325072
COD,1994,353.685547696949,470.161734645697
COD,1995,344.840156946575,454.200631347294
COD,1996,324.871345635618,440.994059132614
COD,1997,301.011023365316,409.588064385259
COD,1998,310.520766341279,392.136003823522
COD,1999,283.469037769846,362.993793858463
COD,2000,277.927148619712,327.240142486849
COD,2001,267.141834188201,310.380267408895
COD,2002,233.366103981624,309.911785375198
COD,2003,280.148112600191,317.778121357431
COD,2004,284.538024006818,329.3490636773
COD,2005,295.259831669904,338.980980805364
COD,2006,286.608874097631,346.179697463638
COD,2007,298.466863804563,356.886805082139
COD,2008,291.240460217012,367.843747648712
COD,2009,288.691122387062,366.830226544363
COD,2010,298.924385047677,380.578038274352
COD,2011,271.455512523457,393.616173563894
COD,2012,304.96198461472,407.671076943679
COD,2013,332.09654032304,427.458520350728
COD,2014,345.983224250136,452.339650501681
COD,2015,357.009375069378,467.9145805459
COD,2016,352.913895387791,462.47214741215
COD,2017,348.282925501398,462.482920889479
COD,2018,343.325862721866,473.294077418165
COD,2019,350.928094513852,478.632426258904
COD,2020,335.267386683982,471.504423341186
COD,2021,339.236256109755,484.784649973339
COD,2022,338.513009466194,511.299266278693
COD,2023,339.025898335117,537.269316970327
COG,1960,733.570530248044,1192.85616529576
COG,1961,707.621940251875,1259.50432623652
COG,1962,631.145129588483,1290.76325572732
COG,1963,559.604384260037,1206.1534137723
COG,1964,554.597437926408,1218.55873958116
COG,1965,541.040882811681,1228.77600898682
COG,1966,482.648037033929,1210.73883952684
COG,1967,448.301400194013,1201.40130423722
COG,1968,494.015877002189,1255.92951871902
COG,1969,538.307640597758,1311.23001699027
COG,1970,549.585972109691,1353.23817407044
COG,1971,526.65523317101,1414.23871124911
COG,1972,506.372327469672,1489.16526262926
COG,1973,481.613656645335,1562.12627199102
COG,1974,450.664456279302,1633.5218596222
COG,1975,445.367213443261,1711.43754680841
COG,1976,513.252085751807,1685.48230892799
COG,1977,436.584070025984,1498.31802356781
COG,1978,480.301027537356,1556.66717228441
COG,1979,414.78586439562,1670.77966059118
COG,1980,487.325581238156,1921.96861829766
COG,1981,569.441747542596,2211.31674185091
COG,1982,820.370024325581,2674.95109240622
COG,1983,666.462417983291,2773.62663758927
COG,1984,696.787350780642,2894.09973517119
COG,1985,702.309535071969,2776.76428489105
COG,1986,635.594895272869,2511.48682046393
COG,1987,625.490094800834,2443.79019878646
COG,1988,609.786658530218,2415.94091643835
COG,1989,594.839121966342,2408.14159896257
COG,1990,539.539272831096,2363.76701814587
COG,1991,605.024371352721,2352.52754080776
COG,1992,455.697241172516,2346.67913794406
COG,1993,503.673205716876,2255.94360801961
COG,1994,583.271013792137,2069.79640456567
COG,1995,673.655414488916,2092.54337905245
COG,1996,748.974484766612,2122.62819294837
COG,1997,724.625732589752,2064.7536042465
COG,1998,398.35345189049,2095.34403570595
COG,1999,746.447111206329,1986.8478922289
COG,2000,700.232945883897,2057.01922023551
COG,2001,826.185420086955,2056.16505922617
COG,2002,596.515130772497,2100.16876714574
COG,2003,647.23600749157,2058.88683675038
COG,2004,671.952026462175,2058.88402946896
COG,2005,752.320376071991,2140.03686200251
COG,2006,772.352548394207,2226.0233547376
COG,2007,800.697348481792,2004.10103961966
COG,2008,844.802919068924,2061.55829880574
COG,2009,831.261593814568,2211.31572382028
COG,2010,809.969543359321,2332.28508055953
COG,2011,829.541193251246,2307.49384399715
COG,2012,823.468103237167,2467.06102906839
COG,2013,803.388575915485,2390.65754938662
COG,2014,865.685736515287,2488.68118548992
COG,2015,963.983895134965,2439.35189403696
COG,2016,941.089442267213,2174.19310251224
COG,2017,688.540137580434,2003.27121075187
COG,2018,714.238457374916,1909.9560382117
COG,2019,795.63530993938,1885.51080877731
COG,2020,712.903696644694,1725.51040049963
COG,2021,776.082917526638,1701.79060456872
COG,2022,795.589328614241,1686.00234391385
COG,2023,814.625676784048,1677.08549205924
COL,1960,1489.17582480768,1961.2291441726
COL,1961,1542.84144638104,1998.42316206119
COL,1962,1612.15589057923,2042.63527704771
COL,1963,1639.5080646836,2046.30756363644
COL,1964,1747.24011719206,2108.00878137941
COL,1965,1659.94160683489,2119.99498736563
COL,1966,1727.10370537259,2167.35670771429
COL,1967,1714.89328754073,2194.44365471957
COL,1968,1780.05160168284,2262.17424281179
COL,1969,1864.59345764471,2338.10714398443
COL,1970,1933.01413052009,2421.22502270787
COL,1971,2031.17859546222,2504.49731055786
COL,1972,2099.88106586972,2634.72068551099
COL,1973,2151.85724306336,2748.14553426071
COL,1974,2230.92617667936,2841.38134772396
COL,1975,2246.64070027559,2843.73101842111
COL,1976,2351.54093241267,2914.01196628327
COL,1977,2392.87862719865,2968.66258052749
COL,1978,2535.94592450575,3148.23886798572
COL,1979,2586.66580453702,3244.08651685293
COL,1980,2639.88821453458,3300.51170195765
COL,1981,2654.91377682283,3298.73218883264
COL,1982,2632.53753190102,3253.88046917188
COL,1983,2583.01799669464,3228.35593102948
COL,1984,2596.26595917911,3260.28459182748
COL,1985,2588.42792834854,3289.71209715409
COL,1986,2617.56213621659,3410.15965281641
COL,1987,2661.10884305928,3520.16261987219
COL,1988,2704.64293440238,3588.96963573165
COL,1989,2735.27749406215,3636.07569199887
COL,1990,2760.12864557985,3714.1849928328
COL,1991,2747.73912273432,3713.17727535576
COL,1992,2775.59368911368,3787.5942918216
COL,1993,2886.68412034239,3912.6590835796
COL,1994,2997.95415931191,4059.32146113882
COL,1995,3101.3577571207,4189.72770913999
COL,1996,3077.14624542593,4198.69126252708
COL,1997,3095.31298635203,4265.6935185646
COL,1998,3015.81980306059,4213.82800470051
COL,1999,2803.91122129292,3967.11339937681
COL,2000,2813.44567420685,4016.80951748167
COL,2001,2812.44366839051,4020.50789754842
COL,2002,2824.91458359293,4058.28493578738
COL,2003,2864.50515737328,4154.17528523618
COL,2004,2931.79623708838,4311.91591255233
COL,2005,3019.18153611792,4457.27537460443
COL,2006,3169.19408790149,4694.03442939175
COL,2007,3334.35531188561,4947.25260813108
COL,2008,3430.03796910894,5048.57187245249
COL,2009,3448.22871904141,5046.97121757727
COL,2010,3581.53715743258,5214.24547620131
COL,2011,3738.28349178133,5517.1011086899
COL,2012,3909.48756738945,5675.75617978305
COL,2013,4051.75326587082,5910.80592301166
COL,2014,4186.37600383173,6121.83982019825
COL,2015,4278.67176949557,6248.51490534512
COL,2016,4303.58907439457,6316.07067782542
COL,2017,4328.68867794349,6309.67745292518
COL,2018,4387.35054060082,6353.5464285392
COL,2019,4485.10932424782,6439.96359812647
COL,2020,4199.77041750838,5891.9552321540305
COL,2021,4765.60938454264,6457.16921807086
COL,2022,5218.73360110766,6854.20923557884
COL,2023,5204.07441786484,6819.17983072755
COM,1960,NA,NA
COM,1961,NA,NA
COM,1962,NA,NA
COM,1963,NA,NA
COM,1964,NA,NA
COM,1965,NA,NA
COM,1966,NA,NA
COM,1967,NA,NA
COM,1968,NA,NA
COM,1969,NA,NA
COM,1970,NA,NA
COM,1971,NA,NA
COM,1972,NA,NA
COM,1973,NA,NA
COM,1974,NA,NA
COM,1975,NA,NA
COM,1976,NA,NA
COM,1977,NA,NA
COM,1978,NA,NA
COM,1979,NA,NA
COM,1980,1111.26136924774,1174.13281375503
COM,1981,1122.11115261811,1185.5965019531
COM,1982,1161.12955768891,1226.81893299395
COM,1983,1183.6537519073,1250.62184699864
COM,1984,1198.35468205235,1266.15498899438
COM,1985,1191.86392947652,1259.29191812674
COM,1986,1180.77666301983,1247.58229012471
COM,1987,1167.60001130755,1233.65764943791
COM,1988,1166.99814249238,1233.02003956292
COM,1989,1100.09762685866,1162.33973140304
COM,1990,1126.22201574121,1189.94044420141
COM,1991,1039.82231589326,1098.65205144104
COM,1992,1105.34009669773,1167.87724147741
COM,1993,1117.96904830253,1181.2221252864
COM,1994,1040.3958204258,1099.25874422534
COM,1995,1059.40161310589,1119.34066721236
COM,1996,1027.8646510247,1086.01917467597
COM,1997,1051.03350560746,1110.49694644593
COM,1998,1046.34003318197,1105.53626849219
COM,1999,1047.63523934159,1106.9078461956601
COM,2000,1139.20080662871,1203.65176320696
COM,2001,1142.04528887049,1206.65692984083
COM,2002,1144.12677612689,1208.85806145614
COM,2003,1145.90445256578,1210.73356414137
COM,2004,1145.96730533502,1210.80066418831
COM,2005,1154.6757935509,1220.00358435192
COM,2006,1161.57152610223,1227.29007394321
COM,2007,1139.30763113762,1212.69668410872
COM,2008,1167.91991500794,1235.97287268162
COM,2009,1194.70291826046,1250.90244015699
COM,2010,1193.9420561307,1272.60723213062
COM,2011,1224.62437977592,1299.11100609207
COM,2012,1251.43648559756,1313.58194779807
COM,2013,1266.90926744468,1343.54690686187
COM,2014,1257.92303784505,1342.32965963909
COM,2015,1240.33736334406,1329.37048235986
COM,2016,1254.3354838238,1345.62616538094
COM,2017,1281.2091002939,1369.41180288464
COM,2018,1286.73552345454,1391.84570443398
COM,2019,1309.90593134894,1389.36488019886
COM,2020,1334.68435807989,1359.7070894329
COM,2021,1320.4667710309,1359.76286116275
COM,2022,1297.76547367891,1368.37463227743
COM,2023,1301.46710810179,1382.51969363483
CPV,1960,NA,NA
CPV,1961,NA,NA
CPV,1962,NA,NA
CPV,1963,NA,NA
CPV,1964,NA,NA
CPV,1965,NA,NA
CPV,1966,NA,NA
CPV,1967,NA,NA
CPV,1968,NA,NA
CPV,1969,NA,NA
CPV,1970,NA,NA
CPV,1971,NA,NA
CPV,1972,NA,NA
CPV,1973,NA,NA
CPV,1974,NA,NA
CPV,1975,NA,NA
CPV,1976,NA,NA
CPV,1977,NA,NA
CPV,1978,NA,NA
CPV,1979,NA,NA
CPV,1980,NA,581.755065828323
CPV,1981,NA,622.175843789433
CPV,1982,NA,630.373215165836
CPV,1983,NA,680.309270761066
CPV,1984,NA,696.047255683761
CPV,1985,NA,745.620229080143
CPV,1986,NA,756.26010041403
CPV,1987,NA,777.830957355952
CPV,1988,NA,813.037458467319
CPV,1989,NA,846.574036092057
CPV,1990,NA,835.120723175504
CPV,1991,NA,826.681399309547
CPV,1992,NA,896.519359558541
CPV,1993,NA,953.861011115729
CPV,1994,NA,1113.93806476467
CPV,1995,NA,1248.28104350759
CPV,1996,NA,1365.49820603623
CPV,1997,NA,1492.01847422507
CPV,1998,NA,1652.11117220593
CPV,1999,NA,1809.80582624137
CPV,2000,NA,2037.31720912714
CPV,2001,NA,2051.21733888102
CPV,2002,NA,2127.70872296502
CPV,2003,NA,2186.89500422765
CPV,2004,NA,2379.79636224135
CPV,2005,NA,2514.16779255327
CPV,2006,NA,2683.83943856892
CPV,2007,1825.45765919021,3056.97102851154
CPV,2008,1836.41345928458,3238.44159287498
CPV,2009,1926.73560029761,3159.58698693977
CPV,2010,1889.30257939125,3194.61667734233
CPV,2011,1924.76140609191,3309.20121643898
CPV,2012,1987.10492510393,3341.7421054836
CPV,2013,2021.4097597854,3361.09387702205
CPV,2014,2047.55038615809,3383.8422809791
CPV,2015,2109.40525354878,3415.06266730931
CPV,2016,2302.06993299737,3560.1400729534
CPV,2017,2611.57289046742,3719.71306047915
CPV,2018,2721.05995250123,3853.67940035241
CPV,2019,2827.64650581173,4115.90283469406
CPV,2020,2435.30196082713,3255.93628984058
CPV,2021,2670.41893260725,3471.6553421786
CPV,2022,3019.20312459749,3997.76763250653
CPV,2023,3203.26134359468,4195.75433916189
CRI,1960,2539.98277670972,3609.40919815492
CRI,1961,2877.86533427314,3542.67400372626
CRI,1962,2797.71728382164,3600.83309317157
CRI,1963,2902.76780009842,3713.74115873913
CRI,1964,2949.48246309493,3718.23603135768
CRI,1965,3402.60871949018,3890.27312321249
CRI,1966,3300.47647868128,4029.53384187593
CRI,1967,3369.62222966928,4127.67381607427
CRI,1968,3472.10962700849,4348.20735762629
CRI,1969,3525.57232762676,4459.98825012418
CRI,1970,3767.25759768826,4665.11649140095
CRI,1971,3710.05065957567,4850.53963683087
CRI,1972,3781.85324835843,5112.64690734747
CRI,1973,3839.09270488521,5368.03692354767
CRI,1974,3932.75059555665,5523.18884522477
CRI,1975,3916.2314782765,5496.15761723616
CRI,1976,3974.87109112529,5650.75233986768
CRI,1977,4399.67164797887,5994.14245381341
CRI,1978,4642.09277807318,6202.51126996517
CRI,1979,4626.63718325758,6335.45848048448
CRI,1980,4420.78843298341,6211.82989065167
CRI,1981,3934.91373296135,5908.2172237219
CRI,1982,3461.15138622426,5329.87185376021
CRI,1983,3555.86883270285,5333.85210197832
CRI,1984,3710.04512421313,5605.37574945896
CRI,1985,3764.78916609099,5492.83542968165
CRI,1986,3856.57332041191,5641.94390936699
CRI,1987,3896.0345074259,5756.51906802572
CRI,1988,3878.68182823194,5802.828914637
CRI,1989,3976.10967224133,5979.07410559836
CRI,1990,4037.56028599409,6037.05111668102
CRI,1991,3898.63833025172,6018.68283701715
CRI,1992,4167.59202060327,6408.20531541453
CRI,1993,4450.80173799746,6693.49083166149
CRI,1994,4567.33098588776,6826.32273425801
CRI,1995,4557.4803940841,6940.83702069434
CRI,1996,4529.01416484701,6871.60941046409
CRI,1997,4640.57215666673,7085.98834302225
CRI,1998,4747.2298648314,7430.1724106288
CRI,1999,4730.88485360817,7584.42136977783
CRI,2000,4684.79384032178,7726.51985682031
CRI,2001,4709.76918244347,7854.2339580182
CRI,2002,4888.83406422211,7989.55926102157
CRI,2003,5048.70110654476,8207.45746763047
CRI,2004,5102.09671937258,8445.52914945791
CRI,2005,5271.04559071144,8655.33965418585
CRI,2006,5465.87835642867,9160.29437453236
CRI,2007,5806.0957075769,9779.51149389818
CRI,2008,6068.79925628398,10104.9092039691
CRI,2009,6004.57457411296,9883.67567046297
CRI,2010,6279.87939379161,10285.0856660419
CRI,2011,6630.8806802034,10612.4694861141
CRI,2012,7029.44863803804,11001.5192856576
CRI,2013,7084.19619466702,11151.1437869768
CRI,2014,7346.28945500878,11422.6735793176
CRI,2015,7608.50278899777,11714.7105980732
CRI,2016,7814.68709662843,12084.4351325634
CRI,2017,8171.23250291829,12468.5654531709
CRI,2018,8255.49208192449,12679.5253643016
CRI,2019,8325.04622906882,12877.650101079
CRI,2020,7694.03931777863,12242.2098908533
CRI,2021,8293.81974841286,13146.6927918465
CRI,2022,8471.99593985643,13686.1614090822
CRI,2023,8854.18514572388,14318.8389652137
CSS,1960,NA,4421.60518779584
CSS,1961,NA,4645.97914775382
CSS,1962,NA,4852.54438368686
CSS,1963,NA,4765.56603571262
CSS,1964,NA,5057.06813271059
CSS,1965,NA,5478.77445818907
CSS,1966,NA,5818.5209767425
CSS,1967,NA,6205.0438531044
CSS,1968,NA,6478.8724919378
CSS,1969,NA,6817.93233145248
CSS,1970,NA,6785.63125995888
CSS,1971,NA,6874.99654278118
CSS,1972,NA,6723.33688287947
CSS,1973,NA,6864.5249337946
CSS,1974,NA,6408.12957911797
CSS,1975,NA,6153.40236670355
CSS,1976,NA,6409.3224406214
CSS,1977,NA,6721.40678295705
CSS,1978,NA,7153.01620700889
CSS,1979,NA,7796.92661738995
CSS,1980,NA,7960.79715232743
CSS,1981,NA,7770.62707841645
CSS,1982,NA,7631.58785277236
CSS,1983,NA,7612.39505073652
CSS,1984,NA,8021.59769046572
CSS,1985,NA,8257.49363932306
CSS,1986,NA,8480.38803839371
CSS,1987,NA,8607.86539064541
CSS,1988,NA,8894.30790715861
CSS,1989,NA,9256.53843100112
CSS,1990,NA,9136.84388542464
CSS,1991,NA,8991.57831822207
CSS,1992,NA,8860.61180863723
CSS,1993,NA,8868.51242493215
CSS,1994,NA,9082.54885828767
CSS,1995,NA,9244.20051616178
CSS,1996,NA,9514.36312355285
CSS,1997,NA,9733.9304239813
CSS,1998,NA,9975.03986828869
CSS,1999,NA,10251.817071619
CSS,2000,NA,10524.3609769422
CSS,2001,NA,10551.7876015849
CSS,2002,NA,10674.5806291347
CSS,2003,NA,10770.6824533431
CSS,2004,NA,10978.668723598
CSS,2005,NA,11259.0236968162
CSS,2006,NA,11679.9739908487
CSS,2007,NA,11973.3380626765
CSS,2008,NA,11949.3279819609
CSS,2009,NA,11548.8334982319
CSS,2010,NA,11577.2755763534
CSS,2011,NA,11699.49239901
CSS,2012,NA,11880.9112198939
CSS,2013,NA,11794.8710757717
CSS,2014,NA,11903.6840510341
CSS,2015,NA,11835.2872155303
CSS,2016,NA,11790.7849939585
CSS,2017,NA,11922.3918257902
CSS,2018,NA,12097.1168703739
CSS,2019,NA,12102.9313198827
CSS,2020,NA,10893.2646542794
CSS,2021,NA,11957.2574201257
CSS,2022,NA,14622.0152730325
CSS,2023,NA,16349.1360724457
CUB,1960,NA,NA
CUB,1961,NA,NA
CUB,1962,NA,NA
CUB,1963,NA,NA
CUB,1964,NA,NA
CUB,1965,NA,NA
CUB,1966,NA,NA
CUB,1967,NA,NA
CUB,1968,NA,NA
CUB,1969,NA,NA
CUB,1970,1638.76957480731,2620.08770849073
CUB,1971,1748.58455534529,2795.975227427
CUB,1972,1803.86403465601,2884.41117375584
CUB,1973,1839.5460118333,2941.1069301794
CUB,1974,1834.68160219262,2932.40455689131
CUB,1975,1985.43563611997,3174.5497646957
CUB,1976,2071.92947498752,3314.86184023098
CUB,1977,2235.41064622907,3574.73735429822
CUB,1978,2369.1913510772,3785.5968529222
CUB,1979,2385.41827865293,3806.65442247557
CUB,1980,2251.50185101102,3606.74390099913
CUB,1981,2677.84773967381,4297.33730540661
CUB,1982,2915.04399094791,4650.66605560812
CUB,1983,3056.38858263462,4863.89364258073
CUB,1984,3283.6021129727,5206.71097026126
CUB,1985,3212.0258185984,5246.13530193757
CUB,1986,3215.59475547226,5206.52966743673
CUB,1987,3249.17043855584,5036.67220086788
CUB,1988,3292.56816371664,5174.62120636915
CUB,1989,3312.59671013433,5160.02681276118
CUB,1990,3065.82474860146,4961.45738860948
CUB,1991,2729.87193738673,4395.45493473446
CUB,1992,2228.48755223886,3861.87437370304
CUB,1993,1966.07902213701,3270.55047645542
CUB,1994,2068.85752995113,3280.38453264476
CUB,1995,2091.73051297733,3348.88763214863
CUB,1996,2166.42386723207,3599.32498555978
CUB,1997,2209.28141836438,3687.42530352589
CUB,1998,2243.27739766723,3680.98418008951
CUB,1999,2349.97736708534,3895.54643322661
CUB,2000,2391.14487440396,4112.26168350671
CUB,2001,2474.73432979368,4229.90309433356
CUB,2002,2519.96021937268,4277.39565642359
CUB,2003,2668.57299741461,4426.96599591833
CUB,2004,2702.58356094784,4670.18802138025
CUB,2005,2707.07319528939,5182.35283601732
CUB,2006,3209.021062076,5799.41163668615
CUB,2007,3255.18149137522,6215.76603727772
CUB,2008,3196.43880008979,6469.08507847668
CUB,2009,3224.25615628029,6561.2530509300605
CUB,2010,3476.66739958208,6716.49048497058
CUB,2011,3524.06272201713,6902.16397571139
CUB,2012,3638.23232805311,7109.24834185635
CUB,2013,3827.67038223842,7307.82004410741
CUB,2014,4007.54531655972,7392.48324633027
CUB,2015,4306.31663764244,7727.91997207998
CUB,2016,4488.42072594193,7774.0698462623
CUB,2017,4570.89977378153,7927.27769340823
CUB,2018,4682.07505855061,8120.43123558256
CUB,2019,4652.06813564161,8124.75282059108
CUB,2020,4257.96840088828,7252.31672155863
CUB,2021,4164.85424880675,7379.01400369289
CUB,2022,4274.77507467259,7552.3170665821
CUB,2023,NA,7433.44336192822
CUW,1960,NA,NA
CUW,1961,NA,NA
CUW,1962,NA,NA
CUW,1963,NA,NA
CUW,1964,NA,NA
CUW,1965,NA,NA
CUW,1966,NA,NA
CUW,1967,NA,NA
CUW,1968,NA,NA
CUW,1969,NA,NA
CUW,1970,NA,NA
CUW,1971,NA,NA
CUW,1972,NA,NA
CUW,1973,NA,NA
CUW,1974,NA,NA
CUW,1975,NA,NA
CUW,1976,NA,NA
CUW,1977,NA,NA
CUW,1978,NA,NA
CUW,1979,NA,NA
CUW,1980,NA,NA
CUW,1981,NA,NA
CUW,1982,NA,NA
CUW,1983,NA,NA
CUW,1984,NA,NA
CUW,1985,NA,NA
CUW,1986,NA,NA
CUW,1987,NA,NA
CUW,1988,NA,NA
CUW,1989,NA,NA
CUW,1990,NA,NA
CUW,1991,NA,NA
CUW,1992,NA,NA
CUW,1993,NA,NA
CUW,1994,NA,NA
CUW,1995,NA,NA
CUW,1996,NA,NA
CUW,1997,NA,NA
CUW,1998,NA,NA
CUW,1999,NA,NA
CUW,2000,NA,21523.6458973702
CUW,2001,NA,22171.0655460422
CUW,2002,NA,22231.8793091625
CUW,2003,NA,21840.8913168396
CUW,2004,NA,21512.1116035171
CUW,2005,NA,21112.3219220136
CUW,2006,NA,20913.6630394407
CUW,2007,NA,21011.1570622011
CUW,2008,NA,21202.4305115575
CUW,2009,NA,20952.8998451864
CUW,2010,NA,20706.4374577658
CUW,2011,NA,20518.0986087103
CUW,2012,NA,20277.5111916571
CUW,2013,NA,19921.4770634064
CUW,2014,NA,19529.5286704975
CUW,2015,13405.2751179168,19361.8130008678
CUW,2016,NA,18953.0537415003
CUW,2017,NA,18651.4798142441
CUW,2018,NA,18355.1767135889
CUW,2019,NA,17980.5298376417
CUW,2020,NA,14901.2436090623
CUW,2021,NA,15787.3376047401
CUW,2022,NA,17144.6220682453
CUW,2023,NA,18122.8740513221
CYM,1960,NA,NA
CYM,1961,NA,NA
CYM,1962,NA,NA
CYM,1963,NA,NA
CYM,1964,NA,NA
CYM,1965,NA,NA
CYM,1966,NA,NA
CYM,1967,NA,NA
CYM,1968,NA,NA
CYM,1969,NA,NA
CYM,1970,NA,NA
CYM,1971,NA,NA
CYM,1972,NA,NA
CYM,1973,NA,NA
CYM,1974,NA,NA
CYM,1975,NA,NA
CYM,1976,NA,NA
CYM,1977,NA,NA
CYM,1978,NA,NA
CYM,1979,NA,NA
CYM,1980,NA,NA
CYM,1981,NA,NA
CYM,1982,NA,NA
CYM,1983,NA,NA
CYM,1984,NA,NA
CYM,1985,NA,NA
CYM,1986,NA,NA
CYM,1987,NA,NA
CYM,1988,NA,NA
CYM,1989,NA,NA
CYM,1990,NA,NA
CYM,1991,NA,NA
CYM,1992,NA,NA
CYM,1993,NA,NA
CYM,1994,NA,NA
CYM,1995,NA,NA
CYM,1996,NA,NA
CYM,1997,NA,NA
CYM,1998,NA,NA
CYM,1999,NA,NA
CYM,2000,NA,NA
CYM,2001,NA,NA
CYM,2002,NA,NA
CYM,2003,NA,NA
CYM,2004,NA,NA
CYM,2005,NA,NA
CYM,2006,NA,96066.6290832355
CYM,2007,NA,96202.7379415493
CYM,2008,NA,93115.3168416314
CYM,2009,NA,84001.4215657607
CYM,2010,NA,79483.0972813604
CYM,2011,NA,78233.0187551876
CYM,2012,NA,77074.3890872511
CYM,2013,NA,76038.879554035
CYM,2014,NA,76104.6215727416
CYM,2015,NA,76379.2095108681
CYM,2016,NA,77031.8643873625
CYM,2017,NA,77717.1752058822
CYM,2018,NA,79305.769672996
CYM,2019,NA,80714.5718222987
CYM,2020,NA,75199.6450417809
CYM,2021,NA,77285.7966767064
CYM,2022,NA,79587.3887913705
CYM,2023,NA,81411.6457813075
CYP,1960,NA,NA
CYP,1961,NA,NA
CYP,1962,NA,NA
CYP,1963,NA,NA
CYP,1964,NA,NA
CYP,1965,NA,NA
CYP,1966,NA,NA
CYP,1967,NA,NA
CYP,1968,NA,NA
CYP,1969,NA,NA
CYP,1970,NA,NA
CYP,1971,NA,NA
CYP,1972,NA,NA
CYP,1973,NA,NA
CYP,1974,NA,NA
CYP,1975,3102.76684570313,6173.2919921875
CYP,1976,3645.27978515625,7484.80029296875
CYP,1977,4310.03515625,8708.4130859375
CYP,1978,4769.845703125,9350.9501953125
CYP,1979,5013.4384765625,10197.6181640625
CYP,1980,5240.50537109375,10667.7939453125
CYP,1981,5242.251953125,10756.2109375
CYP,1982,5775.8623046875,11269.767578125
CYP,1983,6144.78955078125,11801.142578125
CYP,1984,6338.9755859375,12669.44140625
CYP,1985,6632.65380859375,13127.4716796875
CYP,1986,6670.71875,13458.46875
CYP,1987,6957.91943359375,14253.4970703125
CYP,1988,7607.8583984375,15322.62109375
CYP,1989,8017.93505859375,16306.2587890625
CYP,1990,8551.5654296875,17144.396484375
CYP,1991,9159.3916015625,16829.83984375
CYP,1992,9202.259765625,17928.46484375
CYP,1993,8566.015625,17623.208984375
CYP,1994,8963.9873046875,18280.943359375
CYP,1995,11361.962890625,19453.763671875
CYP,1996,11597.34765625,19385.2109375
CYP,1997,11718.5927734375,19617.1015625
CYP,1998,12410.3486328125,20562.203125
CYP,1999,12784.8515625,21349.654296875
CYP,2000,13664.384765625,22383.865234375
CYP,2001,14267.27734375,23019.1484375
CYP,2002,14539.623046875,23604.080078125
CYP,2003,14990.216796875,23930.669921875
CYP,2004,15854.98046875,24799.546875
CYP,2005,16239.330078125,25631.265625
CYP,2006,16596.041015625,26395.41015625
CYP,2007,17830.1484375,27156.68359375
CYP,2008,18816.21875,27449.04296875
CYP,2009,17122.4296875,26183.4609375
CYP,2010,17489.53515625,26090.048828125
CYP,2011,16897.0390625,25538.78125
CYP,2012,16180.1015625,24285.49609375
CYP,2013,15081.837890625,22738.490234375
CYP,2014,15242.548828125,22581.828125
CYP,2015,15809.2138671875,23487.228515625
CYP,2016,16545.43359375,24916.6328125
CYP,2017,17184.396484375,26105.5859375
CYP,2018,17996.666015625,27406.4765625
CYP,2019,18553.939453125,28625.779296875
CYP,2020,17223.908203125,27391.58984375
CYP,2021,18075.4140625,30227.91796875
CYP,2022,19578.416015625,32015.3515625
CYP,2023,20422.744140625,32341.302734375
CZE,1960,NA,NA
CZE,1961,NA,NA
CZE,1962,NA,NA
CZE,1963,NA,NA
CZE,1964,NA,NA
CZE,1965,NA,NA
CZE,1966,NA,NA
CZE,1967,NA,NA
CZE,1968,NA,NA
CZE,1969,NA,NA
CZE,1970,NA,NA
CZE,1971,NA,NA
CZE,1972,NA,NA
CZE,1973,NA,NA
CZE,1974,NA,NA
CZE,1975,NA,NA
CZE,1976,NA,NA
CZE,1977,NA,NA
CZE,1978,NA,NA
CZE,1979,NA,NA
CZE,1980,NA,NA
CZE,1981,NA,NA
CZE,1982,NA,NA
CZE,1983,NA,NA
CZE,1984,NA,NA
CZE,1985,NA,NA
CZE,1986,NA,NA
CZE,1987,NA,NA
CZE,1988,NA,NA
CZE,1989,NA,NA
CZE,1990,5593.28014346323,11900.5844578811
CZE,1991,4405.3327447544,10543.6195998133
CZE,1992,4788.59820635117,10479.4918683842
CZE,1993,4843.12512849439,10475.0849143439
CZE,1994,5043.84352735051,10775.9443888685
CZE,1995,5278.20468329381,11453.380017709
CZE,1996,5678.35361832089,11944.7171470429
CZE,1997,5851.21852006274,11886.3480918471
CZE,1998,5833.34335445803,11850.8396211152
CZE,1999,6025.98881416998,12026.4688074555
CZE,2000,6134.93768571809,12543.9364338645
CZE,2001,6343.14498591261,12958.4667624815
CZE,2002,6552.0029876438,13179.9878099111
CZE,2003,6889.41896063241,13618.9349637214
CZE,2004,7085.39618599087,14259.6334294387
CZE,2005,7328.72807383005,15147.7214429473
CZE,2006,7583.11626616361,16107.3042504372
CZE,2007,7851.09096088083,16892.5428566711
CZE,2008,8019.41675298559,17190.6470317686
CZE,2009,7936.26831373507,16272.8084749422
CZE,2010,8020.52281923172,16665.9317833287
CZE,2011,8035.42282676811,16926.2846655313
CZE,2012,7937.53918215934,16772.3539228258
CZE,2013,8007.07712511488,16759.7808654377
CZE,2014,8111.19663848082,17118.0425569684
CZE,2015,8408.41532250162,17931.5987670768
CZE,2016,8709.77434711661,18359.0978117405
CZE,2017,9037.94028171148,19257.6930673781
CZE,2018,9323.75162616722,19736.629527594
CZE,2019,9536.65208402834,20360.0599218778
CZE,2020,8824.94500646944,19233.1469565497
CZE,2021,9355.64243674634,20373.8783032185
CZE,2022,9150.94096073442,20627.3486496304
CZE,2023,8706.43565967117,20245.6557955904
DEU,1960,NA,12600.3273968705
DEU,1961,NA,13041.1594696312
DEU,1962,NA,13524.6491050286
DEU,1963,NA,13766.5355362913
DEU,1964,NA,14562.8358867104
DEU,1965,NA,15196.3266135987
DEU,1966,NA,15493.828376695
DEU,1967,NA,15372.2150106017
DEU,1968,NA,16171.5531425011
DEU,1969,NA,17233.9697030039
DEU,1970,9949.90463384052,18053.2877662512
DEU,1971,10476.1409805673,18584.7134080664
DEU,1972,10987.7018908684,19291.3926710734
DEU,1973,11267.6577030453,20149.4771410192
DEU,1974,11242.8207052616,20320.9008986241
DEU,1975,11705.6442962202,20220.0209834851
DEU,1976,12260.0214068765,21311.945010658
DEU,1977,12810.2932782526,22075.2189098003
DEU,1978,13281.349163513,22759.1492987824
DEU,1979,13708.5345081168,23693.2601878736
DEU,1980,13886.6505952907,23977.2698645215
DEU,1981,13813.8589122581,24067.4825503981
DEU,1982,13687.9316203377,23995.2661890258
DEU,1983,13916.9291743424,24436.5473234992
DEU,1984,14237.7836942332,25213.3820426351
DEU,1985,14533.9251609177,25858.0588733612
DEU,1986,15082.5602748692,26437.4177394677
DEU,1987,15595.8989136867,26766.9600581443
DEU,1988,15947.9508948224,27651.0362681017
DEU,1989,16305.7183409725,28507.1621299938
DEU,1990,16847.9908406388,29747.6909405244
DEU,1991,17455.3136706125,31040.2935628737
DEU,1992,17830.4577047682,31425.647608288
DEU,1993,17726.7750639698,30915.8728851988
DEU,1994,17914.3573006568,31609.1102861092
DEU,1995,18138.32220012,31990.7949869618
DEU,1996,18374.6584742055,32229.4778702849
DEU,1997,18484.3777100437,32779.2802468879
DEU,1998,18748.2024902766,33461.3192202157
DEU,1999,19223.4998030737,34152.0032256224
DEU,2000,19513.3304652629,35087.0891559515
DEU,2001,19713.7796711397,35601.3628351653
DEU,2002,19408.9974684669,35460.4121336422
DEU,2003,19480.1406317812,35252.9745134977
DEU,2004,19609.3805129456,35670.4870276152
DEU,2005,19769.3211185796,36006.8578105923
DEU,2006,20057.1910906907,37437.3918783337
DEU,2007,20036.4674959259,38570.9146408152
DEU,2008,20141.747975792,38996.143407627
DEU,2009,20175.4765466654,36927.1920287013
DEU,2010,20349.9479068096,38517.4397860109
DEU,2011,21113.9823968385,40712.6577363042
DEU,2012,21390.6089805039,40829.034893805
DEU,2013,21409.500776264,40875.0262803178
DEU,2014,21544.4446550193,41588.0763875592
DEU,2015,21772.4146833838,41911.0109851054
DEU,2016,22124.3469659001,42528.0637107828
DEU,2017,22353.8108571673,43520.1864212996
DEU,2018,22621.3875301918,43874.0130936092
DEU,2019,22927.8746520339,44207.6320519514
DEU,2020,21568.2222495015,42362.6472136853
DEU,2021,21881.8935081352,43898.7713167519
DEU,2022,22575.795405555,44180.4298386996
DEU,2023,22551.7722308533,44336.7775157399
DJI,1960,NA,NA
DJI,1961,NA,NA
DJI,1962,NA,NA
DJI,1963,NA,NA
DJI,1964,NA,NA
DJI,1965,NA,NA
DJI,1966,NA,NA
DJI,1967,NA,NA
DJI,1968,NA,NA
DJI,1969,NA,NA
DJI,1970,NA,NA
DJI,1971,NA,NA
DJI,1972,NA,NA
DJI,1973,NA,NA
DJI,1974,NA,NA
DJI,1975,NA,NA
DJI,1976,NA,NA
DJI,1977,NA,NA
DJI,1978,NA,NA
DJI,1979,NA,NA
DJI,1980,NA,NA
DJI,1981,NA,NA
DJI,1982,NA,NA
DJI,1983,NA,NA
DJI,1984,NA,NA
DJI,1985,NA,NA
DJI,1986,NA,NA
DJI,1987,NA,NA
DJI,1988,NA,NA
DJI,1989,NA,NA
DJI,1990,NA,NA
DJI,1991,NA,NA
DJI,1992,NA,NA
DJI,1993,NA,NA
DJI,1994,NA,NA
DJI,1995,NA,NA
DJI,1996,NA,NA
DJI,1997,NA,NA
DJI,1998,NA,NA
DJI,1999,NA,NA
DJI,2000,NA,NA
DJI,2001,NA,NA
DJI,2002,NA,NA
DJI,2003,NA,NA
DJI,2004,NA,NA
DJI,2005,NA,NA
DJI,2006,NA,NA
DJI,2007,NA,NA
DJI,2008,NA,NA
DJI,2009,NA,NA
DJI,2010,NA,NA
DJI,2011,NA,NA
DJI,2012,NA,NA
DJI,2013,1254.60702389085,2138.43843074856
DJI,2014,1347.18430842116,2248.59114297989
DJI,2015,1462.99271342319,2376.12554719873
DJI,2016,1601.2809574414,2502.85181449431
DJI,2017,1742.05701965122,2596.45134698268
DJI,2018,1721.79408902656,2677.16701469784
DJI,2019,1802.46739798471,2781.94687224659
DJI,2020,1957.18657255992,2776.54090852115
DJI,2021,2114.18912399088,2860.53793870551
DJI,2022,2065.79299158057,2925.84071784878
DJI,2023,2126.79499264668,3078.28598659063
DMA,1960,NA,NA
DMA,1961,NA,NA
DMA,1962,NA,NA
DMA,1963,NA,NA
DMA,1964,NA,NA
DMA,1965,NA,NA
DMA,1966,NA,NA
DMA,1967,NA,NA
DMA,1968,NA,NA
DMA,1969,NA,NA
DMA,1970,NA,NA
DMA,1971,NA,NA
DMA,1972,NA,NA
DMA,1973,NA,NA
DMA,1974,NA,NA
DMA,1975,NA,NA
DMA,1976,NA,NA
DMA,1977,NA,2920.80243251172
DMA,1978,NA,3214.41336409998
DMA,1979,NA,2615.81730042263
DMA,1980,NA,2960.86465410872
DMA,1981,NA,3285.86768556928
DMA,1982,NA,3435.52506711189
DMA,1983,NA,3539.07441592244
DMA,1984,NA,3703.41050867178
DMA,1985,NA,3772.36771911248
DMA,1986,NA,4058.32027984626
DMA,1987,NA,4337.56669245705
DMA,1988,NA,4704.10484882737
DMA,1989,NA,4725.56527170019
DMA,1990,NA,5019.22928541831
DMA,1991,NA,5111.17472955732
DMA,1992,NA,5212.72047871724
DMA,1993,NA,5317.10554430161
DMA,1994,NA,5315.57046066221
DMA,1995,NA,5477.30878812707
DMA,1996,NA,5652.13588872614
DMA,1997,NA,5784.92174395749
DMA,1998,NA,6018.45615395774
DMA,1999,NA,6062.04155443161
DMA,2000,NA,6236.41530652291
DMA,2001,NA,6252.78620148137
DMA,2002,NA,6068.93653642148
DMA,2003,NA,6439.05826661346
DMA,2004,NA,6624.08831564742
DMA,2005,NA,6659.28779703005
DMA,2006,NA,6962.28124307129
DMA,2007,NA,7400.18344311927
DMA,2008,NA,7926.34888778889
DMA,2009,NA,7832.50550012373
DMA,2010,NA,7885.76218710203
DMA,2011,NA,7846.02849210952
DMA,2012,NA,7755.63860249569
DMA,2013,NA,7612.33600928235
DMA,2014,NA,7899.649940693
DMA,2015,6027.71071028421,7679.83293618857
DMA,2016,NA,7983.23571599345
DMA,2017,NA,7575.63365328777
DMA,2018,NA,7881.43631947783
DMA,2019,NA,8351.12522914571
DMA,2020,NA,6996.13658633828
DMA,2021,NA,7519.49355098053
DMA,2022,NA,7984.01911049722
DMA,2023,NA,8399.96601368496
DNK,1960,NA,17520.746481577
DNK,1961,NA,18508.6964443178
DNK,1962,NA,19405.8956885655
DNK,1963,NA,19376.2803404013
DNK,1964,NA,21003.9109980765
DNK,1965,NA,21790.2312357714
DNK,1966,12320.6709809604,22208.4289214487
DNK,1967,13046.5232409576,23330.995164681
DNK,1968,13433.0724385204,24546.6538399604
DNK,1969,14122.3625817148,26071.0399378755
DNK,1970,14364.412097009,26356.1270283734
DNK,1971,14384.5939239461,27005.365066928
DNK,1972,14309.8448214207,27871.0435311277
DNK,1973,15299.8760812712,29010.519139544
DNK,1974,14883.5148857578,28597.3223137558
DNK,1975,15307.0090850665,28112.9709514439
DNK,1976,16432.9898832641,29723.0911169378
DNK,1977,16706.8782997059,30218.9600379221
DNK,1978,16943.0424505757,30853.3720172917
DNK,1979,17075.8776126278,32025.1913448919
DNK,1980,16673.5165848076,31745.9167869188
DNK,1981,16468.7664854328,31519.6357994139
DNK,1982,16712.9512402839,32770.4867209655
DNK,1983,17044.3023407351,33663.5864688998
DNK,1984,17653.0279799247,35142.7674473353
DNK,1985,18438.0251056934,36587.4452819712
DNK,1986,19726.2025158163,38268.0683803545
DNK,1987,19326.1950286244,38396.5670666554
DNK,1988,18962.7863717924,38482.6663517953
DNK,1989,19011.7036387211,38727.7183714612
DNK,1990,19132.8554799014,39306.7939163003
DNK,1991,19392.9096823452,39776.5961662564
DNK,1992,19824.7527834149,40447.232822697
DNK,1993,19588.7325486089,40280.8935829591
DNK,1994,20822.5541146294,42270.6520789912
DNK,1995,21062.1162705467,43328.5293423529
DNK,1996,21457.4162342155,44331.6199506782
DNK,1997,21997.8787495005,45546.5896032205
DNK,1998,22433.7368517342,46437.1921036166
DNK,1999,22332.8598021201,47657.173193571
DNK,2000,22344.4011979978,49266.9882702373
DNK,2001,22315.3444811391,49557.1510075058
DNK,2002,22565.7989262273,49624.5965334337
DNK,2003,22804.7673337447,49708.0908999592
DNK,2004,23802.9619368877,50956.3045506744
DNK,2005,24615.3549109645,52015.1841293483
DNK,2006,25257.8121905448,53823.1590414696
DNK,2007,25590.8946244078,54113.9771443798
DNK,2008,25565.7372571561,53572.5346597284
DNK,2009,24556.542727497,50635.9117993314
DNK,2010,24639.2792664311,51209.4492636368
DNK,2011,24605.706355409,51667.5313181951
DNK,2012,24638.9073707692,51470.6898338005
DNK,2013,24604.956958848,51970.3909405024
DNK,2014,24703.6281151101,52368.3625852985
DNK,2015,25089.1433770488,53094.0133607574
DNK,2016,25497.175531029,54300.2039530893
DNK,2017,25913.3489425595,55601.0145649906
DNK,2018,26685.0623568173,56355.0733009054
DNK,2019,27010.255983018,57114.6227285377
DNK,2020,26561.3325985407,55934.5556066994
DNK,2021,27893.6264764829,59803.9202099741
DNK,2022,27279.1210874228,60248.6712302435
DNK,2023,27360.1712383283,61295.9818623394
DOM,1960,1058.33104952313,1386.30728237197
DOM,1961,1029.61305541696,1312.12596167756
DOM,1962,1212.72714483396,1488.71578360816
DOM,1963,1285.94252843995,1537.64939683787
DOM,1964,1346.16619007813,1592.72317235614
DOM,1965,1112.69546732662,1353.51883696956
DOM,1966,1288.55144281156,1491.54373932179
DOM,1967,1302.97067592711,1496.49968110575
DOM,1968,1281.9525896095,1457.40109471041
DOM,1969,1335.98485370312,1570.84778004305
DOM,1970,1528.15936305954,1805.55124878515
DOM,1971,1555.46226810216,1946.55707671366
DOM,1972,1580.17374721049,2089.91938277882
DOM,1973,1699.6494358341,2295.12199916907
DOM,1974,1768.83096843462,2367.538565312
DOM,1975,1834.24247808115,2425.06555096291
DOM,1976,1883.12420066996,2521.46388197307
DOM,1977,1940.10020829247,2579.82866940229
DOM,1978,1888.80416591331,2569.10969114523
DOM,1979,1799.190361334,2619.31744636252
DOM,1980,2107.89489510805,2759.2576711646
DOM,1981,2058.45469936278,2808.99344402781
DOM,1982,2097.187529081,2790.76919642564
DOM,1983,2105.12804650576,2853.36126477213
DOM,1984,2106.56419949535,2823.97333820887
DOM,1985,2024.66058104314,2703.26986389826
DOM,1986,2065.54821864062,2738.51467745198
DOM,1987,2266.21644476433,2952.09845777041
DOM,1988,2388.00070705234,2952.74451788973
DOM,1989,2460.06261526629,3018.1593636772
DOM,1990,2189.94777908563,2794.13532520508
DOM,1991,2207.55675718504,2763.06618803822
DOM,1992,2447.81464057569,3012.19400765024
DOM,1993,2501.39025932869,3171.38808963786
DOM,1994,2454.25448407225,3192.01963139506
DOM,1995,2555.50696682697,3310.88002146896
DOM,1996,2599.46272367084,3445.55862127293
DOM,1997,2758.13923077904,3686.90570539629
DOM,1998,2796.73709162197,3869.93979841817
DOM,1999,2913.28646869688,4033.87604517725
DOM,2000,2962.35198794047,4154.06265527713
DOM,2001,2960.94898128548,4189.80766076945
DOM,2002,3025.91727779192,4312.88294593947
DOM,2003,2904.72831215875,4194.01788130909
DOM,2004,2942.98441050771,4243.09468795653
DOM,2005,3270.6611606903,4582.67384283375
DOM,2006,3523.04078502509,4940.89563402297
DOM,2007,3682.28854390566,5243.05707628193
DOM,2008,3835.05508815558,5344.93067784953
DOM,2009,3998.5940957667,5327.53279165634
DOM,2010,4219.0574059076,5698.41429685183
DOM,2011,4346.26070948392,5802.84238987035
DOM,2012,4373.93935383661,5886.66561521702
DOM,2013,4417.03820658272,6098.90503670225
DOM,2014,4596.57025917976,6451.88289713534
DOM,2015,4836.49285455397,6819.93225155181
DOM,2016,5071.73297943109,7193.70124923098
DOM,2017,5235.09420777482,7447.94340728752
DOM,2018,5473.30741329532,7882.85726898612
DOM,2019,5667.59371748083,8195.9832061503
DOM,2020,5419.49249948352,7565.84276444044
DOM,2021,5717.29329319683,8406.36934183752
DOM,2022,5952.2406536587,8730.59334982646
DOM,2023,6048.12739388386,8857.40278693789
DZA,1960,761.660041189637,2388.42007867121
DZA,1961,568.329989370259,2027.27351526457
DZA,1962,448.041435370362,1604.48773834966
DZA,1963,781.39865157543,2122.4310919023
DZA,1964,841.065178190963,2209.9069785789
DZA,1965,872.94121955656,2311.73974611983
DZA,1966,691.768806370562,2161.49133930658
DZA,1967,679.57644197427,2313.25858764419
DZA,1968,717.050075832684,2505.31409679971
DZA,1969,755.525452217896,2655.44328834561
DZA,1970,818.751537972109,2826.24146249501
DZA,1971,846.848945933201,2449.95226860396
DZA,1972,972.132331939275,3050.82216642524
DZA,1973,963.32868375956,3093.380555081
DZA,1974,1175.328524355,3245.60799489528
DZA,1975,1262.25656911413,3290.82760115529
DZA,1976,1303.24043491291,3408.01820820889
DZA,1977,1393.73474570952,3459.3039962159
DZA,1978,1354.64770042983,3672.11777957158
DZA,1979,1441.81853147602,3830.80959220232
DZA,1980,1542.64555437479,3742.71024719682
DZA,1981,1624.97333368491,3731.93905390427
DZA,1982,1602.07876439747,3840.5753859786
DZA,1983,1647.69799165108,3912.93659125035
DZA,1984,1675.47186261881,3993.39540514055
DZA,1985,1721.40356521037,4002.55619416338
DZA,1986,1650.83707830798,3888.36475873906
DZA,1987,1510.38617745481,3746.16566714647
DZA,1988,1339.84406925563,3606.26838802575
DZA,1989,1450.63166333763,3666.85307880529
DZA,1990,1365.24987890933,3605.68701213527
DZA,1991,1234.86377816937,3478.5097627463
DZA,1992,1263.22559773122,3455.9293629926
DZA,1993,1202.03881265634,3302.91950571082
DZA,1994,1169.08788784959,3201.56914405705
DZA,1995,1168.91572084621,3255.187268716
DZA,1996,1118.71435499495,3322.9553813945
DZA,1997,1074.35859648458,3297.46603365919
DZA,1998,1079.5541258947,3410.88254399624
DZA,1999,1096.09796693207,3471.49196276655
DZA,2000,1133.42283143779,3553.32420521282
DZA,2001,1144.79516058095,3610.00605632903
DZA,2002,1178.24135565114,3754.66081539402
DZA,2003,1216.1622007445,3945.89816092714
DZA,2004,1270.05578637453,4066.28204806069
DZA,2005,1309.18015179797,4223.60252134721
DZA,2006,1334.27729514131,4279.61547125531
DZA,2007,1389.61140478503,4339.25055772185
DZA,2008,1449.16790828256,4367.56538019901
DZA,2009,1519.76286859009,4336.10054056598
DZA,2010,1573.92407545868,4456.61027416201
DZA,2011,1626.76831590623,4501.35430135827
DZA,2012,1707.89246021694,4518.4397895726
DZA,2013,1775.84555591715,4543.23444004859
DZA,2014,1833.98368277631,4634.10149183949
DZA,2015,1866.72714801496,4685.05902729002
DZA,2016,1878.12085001925,4768.73140080218
DZA,2017,1882.67042911738,4742.90075536604
DZA,2018,1894.54914951415,4717.00358853556
DZA,2019,1908.36052963718,4672.66408682198
DZA,2020,1785.9226030772,4363.68533766912
DZA,2021,1785.35066926176,4456.74687641147
DZA,2022,1820.49086737538,4544.46688059647
DZA,2023,1866.93528535135,4660.40545686886
EAP,1960,NA,322.960773369588
EAP,1961,NA,280.04909255239
EAP,1962,NA,274.59530729476
EAP,1963,NA,284.949505878895
EAP,1964,NA,308.077449433566
EAP,1965,NA,333.058463705789
EAP,1966,NA,350.074017788595
EAP,1967,NA,336.326826037905
EAP,1968,NA,333.48085642761
EAP,1969,NA,361.545252847878
EAP,1970,NA,399.219776947339
EAP,1971,NA,415.015686305963
EAP,1972,NA,424.798168329075
EAP,1973,NA,449.383369850385
EAP,1974,NA,457.180749450297
EAP,1975,NA,478.698374198844
EAP,1976,NA,483.639838056724
EAP,1977,NA,511.585734490258
EAP,1978,NA,549.818242687631
EAP,1979,NA,579.186253875184
EAP,1980,NA,612.973144398134
EAP,1981,NA,637.176932646404
EAP,1982,NA,666.558108719414
EAP,1983,NA,705.729189794209
EAP,1984,NA,763.746998787902
EAP,1985,NA,810.84469404413
EAP,1986,NA,854.341717848782
EAP,1987,NA,916.636682752642
EAP,1988,NA,988.825471068412
EAP,1989,NA,1027.87867834251
EAP,1990,NA,1063.51199065748
EAP,1991,NA,1131.35983467134
EAP,1992,NA,1239.99653215466
EAP,1993,NA,1360.87466771984
EAP,1994,NA,1489.1066210566
EAP,1995,698.852114322859,1614.82861385808
EAP,1996,757.172021761214,1738.83922768631
EAP,1997,787.997949852392,1843.29156424743
EAP,1998,794.407979832828,1874.25077132538
EAP,1999,842.935280731027,1972.38529079573
EAP,2000,908.77467864099,2102.12652359734
EAP,2001,953.861773762699,2227.69176676223
EAP,2002,1017.31857855489,2385.91139596672
EAP,2003,1069.44072907644,2577.48366786052
EAP,2004,1140.1334958122,2789.75917538623
EAP,2005,1232.11646847776,3043.60425164802
EAP,2006,1322.09911223878,3354.033703287
EAP,2007,1456.19319122058,3743.1233753019
EAP,2008,1556.57590896007,4034.02942772194
EAP,2009,1664.47588399065,4323.61203004406
EAP,2010,1814.62151465503,4717.3060971248
EAP,2011,2021.00427777368,5085.05890241592
EAP,2012,2173.5415566796,5422.94568719239
EAP,2013,2324.76457199765,5769.10927846524
EAP,2014,2493.37165928839,6122.12164602174
EAP,2015,2669.91178452614,6482.99315626888
EAP,2016,2864.39573988474,6857.22703692813
EAP,2017,3087.17667923694,7262.1106493867
EAP,2018,3305.59882518905,7686.60682651319
EAP,2019,3493.30101651914,8086.60225123857
EAP,2020,3386.01851977388,8150.22320292296
EAP,2021,3715.27945439492,8742.27639111824
EAP,2022,3782.25143404519,9017.09870504457
EAP,2023,NA,9460.05148667577
EAR,1960,NA,1061.60473854713
EAR,1961,NA,1084.174095315
EAR,1962,693.649372354505,1099.12341314184
EAR,1963,713.446061842562,1128.18085965835
EAR,1964,742.357859586996,1191.31587626503
EAR,1965,797.547073261659,1233.39313882827
EAR,1966,805.131108827354,1255.86759838883
EAR,1967,827.586264919367,1294.48451706711
EAR,1968,842.327159495867,1353.95330102826
EAR,1969,863.780258050477,1410.00226214408
EAR,1970,889.806966533507,1490.84311222177
EAR,1971,900.371178383229,1534.64894263948
EAR,1972,913.549384059731,1600.12013827139
EAR,1973,927.52831189336,1670.80817497391
EAR,1974,951.676350563316,1742.22058384741
EAR,1975,980.129960176207,1749.03240088991
EAR,1976,993.735274931174,1825.5404858867
EAR,1977,1008.9212152955,1852.19331776763
EAR,1978,1032.15351808763,1847.36328399663
EAR,1979,1044.65364733882,1877.05118340466
EAR,1980,1099.08822665763,1892.469227558
EAR,1981,1133.70994486692,1912.58180779867
EAR,1982,1109.43316010932,1872.41460724887
EAR,1983,1103.90971876478,1835.46218202652
EAR,1984,1108.80825589583,1826.74417284854
EAR,1985,1110.07586113395,1800.52580359446
EAR,1986,1091.91450409722,1781.7649290963
EAR,1987,1093.16582684019,1788.93581346265
EAR,1988,1102.47277968276,1801.13681752164
EAR,1989,1107.33302056837,1800.49770676036
EAR,1990,1150.26140988816,1845.33442673616
EAR,1991,1162.42764869949,1880.12065536321
EAR,1992,1179.86007338673,1914.29640704476
EAR,1993,1194.90791966002,1941.53234018198
EAR,1994,1207.68015085701,1968.80435278286
EAR,1995,1212.96825720293,1977.80696966481
EAR,1996,1255.0163928361,2049.17069121101
EAR,1997,1299.98259131743,2107.06035298565
EAR,1998,1321.31366789493,2116.74135214968
EAR,1999,1332.82432479743,2125.3102791303
EAR,2000,1365.20516854933,2176.92529213475
EAR,2001,1367.87541742284,2161.2997782856
EAR,2002,1369.57215456674,2164.314192978
EAR,2003,1402.914648061,2237.36597840272
EAR,2004,1453.0514424883,2335.1945218692
EAR,2005,1511.8689155273,2431.51080574443
EAR,2006,1565.76762880307,2536.7237358559
EAR,2007,1634.68745354871,2638.12459616054
EAR,2008,1668.32765110646,2686.01301736261
EAR,2009,1652.06810548125,2663.09655076973
EAR,2010,1724.23270219998,2792.9477859537
EAR,2011,1797.6548464274,2885.35705411764
EAR,2012,1843.26199322288,2961.44825901423
EAR,2013,1897.02552345535,3036.95652123499
EAR,2014,1936.12063155254,3118.79372704984
EAR,2015,1996.02080852058,3211.78012733143
EAR,2016,2054.67920341893,3309.40901271005
EAR,2017,2116.41189105876,3419.61419943167
EAR,2018,2163.73708040076,3507.95715373008
EAR,2019,2201.54902109314,3547.02225116368
EAR,2020,2078.53783898186,3357.8244560177
EAR,2021,2235.83910482314,3568.79569401371
EAR,2022,2371.08857586799,3723.91624709512
EAR,2023,2454.48387020639,3839.80039722526
EAS,1960,NA,1144.31010091172
EAS,1961,NA,1186.0458978998
EAS,1962,NA,1233.60203690217
EAS,1963,NA,1297.67261192856
EAS,1964,NA,1399.62746642971
EAS,1965,NA,1462.6535085638
EAS,1966,NA,1548.567249942
EAS,1967,NA,1622.8061775046
EAS,1968,NA,1731.02562770661
EAS,1969,NA,1880.87373976323
EAS,1970,NA,1904.69609187077
EAS,1971,NA,1953.50550219446
EAS,1972,NA,2044.92981000488
EAS,1973,NA,2153.37413955467
EAS,1974,NA,2130.74929849085
EAS,1975,NA,2166.14407064404
EAS,1976,NA,2219.61187504543
EAS,1977,NA,2299.39249900364
EAS,1978,NA,2395.95616476293
EAS,1979,NA,2499.52905575109
EAS,1980,NA,2555.10653084276
EAS,1981,NA,2633.52117406283
EAS,1982,NA,2698.3855809078
EAS,1983,NA,2772.60600530462
EAS,1984,NA,2899.105084368
EAS,1985,NA,3018.12620493736
EAS,1986,NA,3117.50954224164
EAS,1987,NA,3259.57458381848
EAS,1988,NA,3451.18247134722
EAS,1989,NA,3572.59442276277
EAS,1990,NA,3697.62632459102
EAS,1991,NA,3821.6825268643
EAS,1992,NA,3930.37398150825
EAS,1993,NA,4043.00204365424
EAS,1994,NA,4200.78921049674
EAS,1995,2283.18537418088,4384.35259614522
EAS,1996,2367.71410027602,4574.87110487284
EAS,1997,2406.7036425141,4705.1450404312
EAS,1998,2374.24677466137,4673.40778810922
EAS,1999,2454.14478338418,4799.32637612505
EAS,2000,2552.4390029339,5010.90730127877
EAS,2001,2624.72855996521,5129.77329587586
EAS,2002,2713.47526506619,5309.50339902636
EAS,2003,2766.16787179941,5528.28823842964
EAS,2004,2856.89358923028,5808.46385960041
EAS,2005,2973.83499164416,6105.54727573643
EAS,2006,3079.90208835033,6450.91112362896
EAS,2007,3233.93898231074,6879.99735312265
EAS,2008,3315.2610916962,7127.60368414856
EAS,2009,3389.97477211136,7258.26205886473
EAS,2010,3568.91805932291,7755.92445252617
EAS,2011,3766.81257522381,8120.13266214691
EAS,2012,3931.45880283342,8471.73941570275
EAS,2013,4100.70085956166,8845.3982140704
EAS,2014,4250.18985990177,9196.15950589997
EAS,2015,4418.88533693648,9562.10616350756
EAS,2016,4600.68921129294,9937.55260241174
EAS,2017,4826.78609725714,10366.2990978854
EAS,2018,5044.91318764332,10794.5048848929
EAS,2019,5213.56191722835,11164.1803071798
EAS,2020,5014.21574229709,11103.7258582781
EAS,2021,5340.31077104748,11766.0886533711
EAS,2022,5456.2487725704,12080.7216328
EAS,2023,NA,12551.1343109467
ECA,1960,NA,NA
ECA,1961,NA,NA
ECA,1962,NA,NA
ECA,1963,NA,NA
ECA,1964,NA,NA
ECA,1965,NA,NA
ECA,1966,NA,NA
ECA,1967,NA,NA
ECA,1968,NA,NA
ECA,1969,NA,NA
ECA,1970,NA,NA
ECA,1971,NA,NA
ECA,1972,NA,NA
ECA,1973,NA,NA
ECA,1974,NA,NA
ECA,1975,NA,NA
ECA,1976,NA,NA
ECA,1977,NA,NA
ECA,1978,NA,NA
ECA,1979,NA,NA
ECA,1980,NA,NA
ECA,1981,NA,NA
ECA,1982,NA,NA
ECA,1983,NA,NA
ECA,1984,NA,NA
ECA,1985,NA,NA
ECA,1986,NA,NA
ECA,1987,NA,3427.68613017409
ECA,1988,NA,3491.85747735664
ECA,1989,NA,3488.09837136094
ECA,1990,1990.3922121065,3541.5911574758
ECA,1991,1940.51839623213,3344.19897855521
ECA,1992,1925.53521411739,3158.27175793277
ECA,1993,1912.17496587149,3073.72161171804
ECA,1994,1732.73973468324,2754.02225158131
ECA,1995,1747.36786807804,2769.50218974358
ECA,1996,1822.16933201989,2867.04561659439
ECA,1997,1937.98354368733,3018.43146439384
ECA,1998,1960.78266270038,3083.19152586944
ECA,1999,1940.36117238767,3037.61575256051
ECA,2000,2021.47876500347,3229.90864167174
ECA,2001,1959.25791898502,3212.38372924632
ECA,2002,2045.77896753901,3403.08924301268
ECA,2003,2204.89800725143,3611.29988872633
ECA,2004,2413.12200564112,3937.71941651781
ECA,2005,2593.82989776918,4252.95800256801
ECA,2006,2746.31857441826,4578.87259277601
ECA,2007,2948.80115601197,4892.02633318363
ECA,2008,3032.97275676546,5007.78531404947
ECA,2009,2875.34225464248,4797.71172634825
ECA,2010,3111.63468001915,5095.95644460807
ECA,2011,3418.5598114362,5484.50206431837
ECA,2012,3552.23953744688,5659.57454381673
ECA,2013,3772.84512372608,5974.70688386413
ECA,2014,3796.48564709279,6119.99715372863
ECA,2015,3838.94645321072,6282.67304098967
ECA,2016,3929.08085973087,6399.07639200426
ECA,2017,4102.61733034418,6713.04343455883
ECA,2018,4180.92844627104,6888.14657312452
ECA,2019,4289.22256699024,6984.66870171291
ECA,2020,4304.80522121869,6954.84321243087
ECA,2021,4801.62602946133,7537.93287171536
ECA,2022,5343.71918092632,7813.70550385486
ECA,2023,5953.2746643301,8263.31747330373
ECS,1960,NA,7249.65746097003
ECS,1961,NA,7538.61644382309
ECS,1962,NA,7803.28813006846
ECS,1963,NA,8090.3694651002
ECS,1964,NA,8465.87425849411
ECS,1965,NA,8747.81232067005
ECS,1966,NA,8994.69744738293
ECS,1967,NA,9219.55256445519
ECS,1968,NA,9631.28406411253
ECS,1969,NA,10115.5553160417
ECS,1970,5512.33878344531,10539.6951644159
ECS,1971,5715.60176899118,10848.4761094868
ECS,1972,5960.18720166854,11260.3753318357
ECS,1973,6213.17103440044,11832.0563100979
ECS,1974,6252.75631168482,12004.3859460182
ECS,1975,6312.56252903428,11818.8853419609
ECS,1976,6515.09028341764,12252.0962499132
ECS,1977,6638.74810671436,12517.4239654641
ECS,1978,6801.63037720164,12816.494557483
ECS,1979,7004.93231507453,13204.6053809108
ECS,1980,7077.6775527221,13308.7165556566
ECS,1981,7064.69636573109,13291.2113259606
ECS,1982,7081.7774904084,13339.2585784827
ECS,1983,7138.92413629945,13521.0783605385
ECS,1984,7207.24343432359,13798.4432814352
ECS,1985,7345.61717331729,14093.5314424763
ECS,1986,7597.56160323078,14390.7451644683
ECS,1987,7834.38838934353,14742.2651722217
ECS,1988,8088.98903681746,15266.1682914386
ECS,1989,8300.35293122793,15704.3439085158
ECS,1990,8495.97009124678,15980.1510136048
ECS,1991,8559.02325637393,15936.0407231715
ECS,1992,8668.57067049238,15759.9272484545
ECS,1993,8648.95314851495,15588.1058079743
ECS,1994,8757.83338333737,15744.7088487793
ECS,1995,8902.00181776514,16055.2144221769
ECS,1996,9122.91056005482,16315.8687409227
ECS,1997,9369.59364375614,16797.3334227724
ECS,1998,9644.13621712958,17216.3319082678
ECS,1999,9926.08666045929,17697.4076402163
ECS,2000,10253.1937624711,18449.6326422694
ECS,2001,10462.1538011875,18838.2402310926
ECS,2002,10626.7087639058,19099.3460698796
ECS,2003,10836.9975836992,19395.952846859698
ECS,2004,11128.7090109333,19958.8281128108
ECS,2005,11428.340207607,20442.710318987
ECS,2006,11703.6000821062,21180.31934093
ECS,2007,12055.9167143143,21891.4148856238
ECS,2008,12147.5629352479,22022.4882533582
ECS,2009,11887.1721729465,20964.6334932409
ECS,2010,12076.0418306933,21438.7345972047
ECS,2011,12215.0350038396,21902.0587814585
ECS,2012,12246.3864573201,21883.823284506
ECS,2013,12309.1346988929,21972.5373070957
ECS,2014,12429.5884068423,22293.104502514
ECS,2015,12549.5665629374,22657.3094941092
ECS,2016,12767.1680120834,22979.1273427992
ECS,2017,13028.0588758345,23545.2414612385
ECS,2018,13248.2486366265,23953.2323151612
ECS,2019,13432.4148632043,24316.5259106798
ECS,2020,12429.4172027013,22944.3040398438
ECS,2021,13177.4408154151,24492.0574952624
ECS,2022,13764.3974227009,25278.4718555626
ECS,2023,14020.0447714205,25546.8073430255
ECU,1960,1824.23418862049,2391.68004251383
ECU,1961,1867.25221366738,2444.25902868187
ECU,1962,1937.65551323985,2492.22622730745
ECU,1963,1936.996658452,2472.24896775318
ECU,1964,2042.82650650363,2578.95935355031
ECU,1965,2033.70569301268,2586.06761738802
ECU,1966,1988.10089712053,2501.91557877735
ECU,1967,1993.89011088027,2540.66169170091
ECU,1968,2027.3323422203,2513.00216143129
ECU,1969,2074.97745842734,2553.05924747148
ECU,1970,2188.4162770656,2648.64798630584
ECU,1971,2234.96991739596,2733.31598864156
ECU,1972,2125.92035008758,2787.37877576185
ECU,1973,2166.00904528568,3085.04290357147
ECU,1974,2436.98067359158,3333.36860850118
ECU,1975,2702.30926308404,3595.34513644445
ECU,1976,2819.89850999412,3754.40921384736
ECU,1977,2844.71211717488,3710.30597994154
ECU,1978,2831.21610641978,3815.91235332704
ECU,1979,2973.42652935532,3852.47842136509
ECU,1980,3121.40860724213,3889.17817173943
ECU,1981,3263.17101717657,3999.2219866679
ECU,1982,3278.58797229482,3918.96098102769
ECU,1983,3074.63913919199,3804.53281852482
ECU,1984,3049.60791591396,3803.57698971645
ECU,1985,3092.03009032288,3852.89105504248
ECU,1986,3023.36552937327,3888.31507228661
ECU,1987,3139.39678419609,3785.72228032271
ECU,1988,2981.44724621566,3916.01015186151
ECU,1989,2918.38660791884,3866.16747717704
ECU,1990,3028.98134990823,3919.71758067093
ECU,1991,3084.12525240283,4000.56819787678
ECU,1992,3050.99566392063,4000.03146191686
ECU,1993,3084.33955611822,3996.99377481811
ECU,1994,3160.70701501674,4087.34069011974
ECU,1995,3224.73160884744,4100.68735341031
ECU,1996,3204.5674143739798,4093.84154476335
ECU,1997,3333.37740596657,4192.85523208483
ECU,1998,3498.8452130281,4252.04348649475
ECU,1999,3018.01294230613,3979.19293611513
ECU,2000,2989.91532638368,3953.39879728357
ECU,2001,2663.8447203427,4049.0001889951
ECU,2002,2844.23159816758,4174.89793579965
ECU,2003,2889.09539075409,4220.21298466638
ECU,2004,2841.09696125392,4430.23717984188
ECU,2005,2909.94571079509,4589.32849203452
ECU,2006,2986.16678512746,4706.98056823816
ECU,2007,3055.72419001678,4715.30359842555
ECU,2008,3175.00030502073,4939.90215021789
ECU,2009,3172.84163101547,4909.33681705683
ECU,2010,3346.2695362555,5022.20374387205
ECU,2011,3469.61132824057,5359.45724615639
ECU,2012,3538.14683152163,5579.85624282158
ECU,2013,3667.49041129252,5893.32172683036
ECU,2014,3743.16513364886,6055.04172761485
ECU,2015,3840.20957536245,5976.1596805651
ECU,2016,3563.90028639465,5849.13587933672
ECU,2017,3750.00963106222,6104.27253521751
ECU,2018,3762.82888866432,6063.09567428953
ECU,2019,3778.63641456662,5971.38938386723
ECU,2020,3337.99168163752,5355.68933100132
ECU,2021,3687.98390367091,5836.16760887012
ECU,2022,3928.26400541302,6148.02265521212
ECU,2023,3948.85873909638,6238.15868442687
EGY,1960,1164.57110313679,754.665127408056
EGY,1961,1179.61877656563,773.359952691562
EGY,1962,1213.64074618923,782.464128955335
EGY,1963,1257.56893585169,842.326112348388
EGY,1964,1299.45095721088,915.128632875069
EGY,1965,1337.22560737688,935.954213451495
EGY,1966,1383.39174254113,958.850656911766
EGY,1967,1377.53777592967,942.860658091527
EGY,1968,1380.95805443759,905.16466450931
EGY,1969,1391.32849029119,930.030902264785
EGY,1970,1416.13833956248,959.056055292103
EGY,1971,1423.81674269498,975.172435736887
EGY,1972,1430.09338452989,982.105208413219
EGY,1973,1426.07162936031,993.429316293112
EGY,1974,1374.11279022115,985.86207772329
EGY,1975,1337.7461461693,1048.96951157098
EGY,1976,1482.46199059799,1160.79193679355
EGY,1977,1483.21597929366,1235.69710073247
EGY,1978,1431.24306741989,1309.77615131996
EGY,1979,1318.62641600504,1335.53152120136
EGY,1980,1429.06995851896,1431.40108168965
EGY,1981,1381.96434744671,1495.85483053225
EGY,1982,1377.71792292642,1599.40083221654
EGY,1983,1450.01005325197,1632.38201364179
EGY,1984,1497.25156537697,1738.32577314685
EGY,1985,1525.03837132563,1785.07842980601
EGY,1986,1542.42624333592,1817.07625746528
EGY,1987,1560.26923750319,1835.1134262347
EGY,1988,1591.03615379422,1882.26797772878
EGY,1989,1618.8137942108,1921.85630400049
EGY,1990,1642.42360296709,1972.13789303215
EGY,1991,1661.80345331103,1940.10019358455
EGY,1992,1675.8756546293,1979.02010131221
EGY,1993,1686.86182158191,1989.9792002068
EGY,1994,1720.53188792714,2024.95373805139
EGY,1995,1740.7847620557,2074.8399114013
EGY,1996,1773.07984309278,2133.64804177125
EGY,1997,1809.75607510886,2204.66575942323
EGY,1998,1840.84617369222,2277.28504834543
EGY,1999,1881.29249187055,2361.86425101237
EGY,2000,1933.14672094063,2458.60835003016
EGY,2001,1967.87949490158,2492.03441188721
EGY,2002,1965.46578438501,2498.48121191713
EGY,2003,1969.46955201478,2524.80477192682
EGY,2004,1969.70239245554,2574.42341789124
EGY,2005,2023.47920782539,2635.70305227819
EGY,2006,2112.05440597194,2761.62410769792
EGY,2007,2216.33150323248,2902.06559804963
EGY,2008,2299.98945037547,3052.21297844721
EGY,2009,2384.83699557743,3135.09661303014
EGY,2010,2435.8482580706,3233.84521246786
EGY,2011,2517.07991800241,3222.37650111856
EGY,2012,2620.72625228326,3220.99194203067
EGY,2013,2646.45149734419,3216.3783902629
EGY,2014,2700.60057018732,3235.66246235257
EGY,2015,2725.93576717454,3306.98159414141
EGY,2016,2795.2454558935,3381.22246306207
EGY,2017,2854.73437146895,3452.90961245539
EGY,2018,2833.04053429871,3568.63966286161
EGY,2019,2826.96023386793,3701.2446345188
EGY,2020,2986.1936832333,3770.86947867421
EGY,2021,3124.45405723653,3837.31992324447
EGY,2022,3163.71973387734,4029.78295457978
EGY,2023,3229.27386226777,4111.24924442966
EMU,1960,NA,9942.62412174667
EMU,1961,NA,10421.286985816
EMU,1962,NA,10927.8623594462
EMU,1963,NA,11363.6890395145
EMU,1964,NA,11922.8710507281
EMU,1965,NA,12416.7604479077
EMU,1966,NA,12859.1953049946
EMU,1967,NA,13211.1062800735
EMU,1968,NA,13866.5838017057
EMU,1969,NA,14754.8860676055
EMU,1970,8673.57208366495,15494.0875986601
EMU,1971,9059.06948551229,15985.1057632314
EMU,1972,9457.26917139995,16653.9413452592
EMU,1973,9885.36605481579,17574.7680323912
EMU,1974,10052.2863245954,18052.2431356208
EMU,1975,10230.9588213504,17820.2659728765
EMU,1976,10673.3327571121,18637.7506855376
EMU,1977,10984.9995618313,19139.3475649717
EMU,1978,11272.0199815051,19651.5841172287
EMU,1979,11650.5745597531,20333.8856251246
EMU,1980,11861.4919704625,20685.9840100003
EMU,1981,11872.2545223792,20715.5813721226
EMU,1982,11933.047074681,20806.0607528272
EMU,1983,12017.0291177777,21052.6240198513
EMU,1984,12153.6310694588,21523.8624021811
EMU,1985,12389.0949339979,21979.4424110506
EMU,1986,12794.5851688838,22478.5477214538
EMU,1987,13220.1110400115,22985.0977808319
EMU,1988,13637.9501441075,23897.3634979312
EMU,1989,14078.22813862,24772.1596505046
EMU,1990,14464.6945001805,25543.783135669
EMU,1991,14796.6622800578,26038.5655260757
EMU,1992,15027.4206647299,26220.4705116046
EMU,1993,14851.7659193832,25934.862768379
EMU,1994,15043.9710086164,26506.8515321168
EMU,1995,15275.031329978,27095.3256247578
EMU,1996,15556.9564914284,27502.6451066509
EMU,1997,15833.8978211051,28198.3838324081
EMU,1998,16313.8261048872,28984.4994857538
EMU,1999,16815.8226054466,29782.9745607301
EMU,2000,17257.2071934996,30849.349326206
EMU,2001,17521.1290901064,31420.4451006433
EMU,2002,17578.7468087579,31565.3593580873
EMU,2003,17693.7660746532,31633.5052321499
EMU,2004,17908.7077971605,32189.7597103466
EMU,2005,18172.5762252826,32592.9203476248
EMU,2006,18459.3896447711,33520.5049285655
EMU,2007,18701.6522691987,34353.5965308189
EMU,2008,18661.9164694673,34330.7161496185
EMU,2009,18387.4379158665,32687.1962150456
EMU,2010,18508.0560628672,33303.729690688
EMU,2011,18578.9332271399,33969.8622346996
EMU,2012,18350.7053987087,33586.1200998378
EMU,2013,18170.5808588612,33418.4268167225
EMU,2014,18266.8833290949,33791.0809167911
EMU,2015,18554.1779352496,34415.6153549122
EMU,2016,18874.2487003435,34945.5340431007
EMU,2017,19177.7441844487,35782.8827662692
EMU,2018,19422.6545065415,36334.4085942724
EMU,2019,19666.073713458,36888.9661245938
EMU,2020,18118.2299031624,34610.8850208902
EMU,2021,18911.3655368941,36794.2715502445
EMU,2022,19619.1309014239,37931.5270838514
EMU,2023,19666.608568355,37970.126091685
ERI,1960,NA,NA
ERI,1961,NA,NA
ERI,1962,NA,NA
ERI,1963,NA,NA
ERI,1964,NA,NA
ERI,1965,NA,NA
ERI,1966,NA,NA
ERI,1967,NA,NA
ERI,1968,NA,NA
ERI,1969,NA,NA
ERI,1970,NA,NA
ERI,1971,NA,NA
ERI,1972,NA,NA
ERI,1973,NA,NA
ERI,1974,NA,NA
ERI,1975,NA,NA
ERI,1976,NA,NA
ERI,1977,NA,NA
ERI,1978,NA,NA
ERI,1979,NA,NA
ERI,1980,NA,NA
ERI,1981,NA,NA
ERI,1982,NA,NA
ERI,1983,NA,NA
ERI,1984,NA,NA
ERI,1985,NA,NA
ERI,1986,NA,NA
ERI,1987,NA,NA
ERI,1988,NA,NA
ERI,1989,NA,NA
ERI,1990,NA,NA
ERI,1991,NA,NA
ERI,1992,NA,642.072233527209
ERI,1993,NA,705.988405158037
ERI,1994,NA,829.915037227268
ERI,1995,NA,806.702995328956
ERI,1996,NA,838.660572635214
ERI,1997,NA,895.033773452053
ERI,1998,NA,899.082974199102
ERI,1999,NA,886.053679218386
ERI,2000,NA,845.132430060544
ERI,2001,NA,893.268735439193
ERI,2002,NA,889.009113592982
ERI,2003,NA,830.379672282601
ERI,2004,NA,808.591420184592
ERI,2005,NA,809.794793468889
ERI,2006,NA,789.402432018085
ERI,2007,NA,789.072701743247
ERI,2008,NA,693.398874212494
ERI,2009,NA,702.430936480778
ERI,2010,NA,703.877374381654
ERI,2011,NA,751.374899794668
ERI,2012,NA,NA
ERI,2013,NA,NA
ERI,2014,NA,NA
ERI,2015,NA,NA
ERI,2016,NA,NA
ERI,2017,NA,NA
ERI,2018,NA,NA
ERI,2019,NA,NA
ERI,2020,NA,NA
ERI,2021,NA,NA
ERI,2022,NA,NA
ERI,2023,NA,NA
ESP,1960,NA,6284.85198465887
ESP,1961,NA,6963.89799129173
ESP,1962,NA,7586.92105609373
ESP,1963,NA,8242.39256881387
ESP,1964,NA,8594.11568792318
ESP,1965,NA,9032.89962100354
ESP,1966,NA,9588.73320291783
ESP,1967,NA,9882.54412722477
ESP,1968,NA,10397.6393539044
ESP,1969,NA,11212.7189382092
ESP,1970,7371.66287164659,11559.5954904193
ESP,1971,7654.84851298468,11952.1508946341
ESP,1972,8199.16685168776,12784.2827329715
ESP,1973,8741.5608874064,13628.5600535088
ESP,1974,9087.52569986714,14237.9022889946
ESP,1975,9151.62680709431,14161.1462518392
ESP,1976,9562.52282004111,14475.2082476961
ESP,1977,9606.57707388644,14733.6858197039
ESP,1978,9600.18555037941,14805.9882084278
ESP,1979,9639.60998340231,14682.1319375929
ESP,1980,9760.05511813328,14886.4067277923
ESP,1981,9594.0962992101,14761.3776413704
ESP,1982,9540.49077720911,14855.9108636337
ESP,1983,9531.04067221479,15045.4001583787
ESP,1984,9472.6460109622,15250.453506894
ESP,1985,9653.89981302961,15548.0400545041
ESP,1986,9952.61705251478,16005.973262383
ESP,1987,10517.7139540367,16850.0903458344
ESP,1988,11008.8036475722,17670.9748789983
ESP,1989,11588.0296319456,18494.9397760721
ESP,1990,11982.6194790167,19174.7708317507
ESP,1991,12297.1890739477,19612.9766061335
ESP,1992,12503.0847479597,19698.5117502208
ESP,1993,12201.7602001472,19394.4931363836
ESP,1994,12275.5007034685,19762.3886330259
ESP,1995,12430.863548735,20217.9031882287
ESP,1996,12682.6221685895,20658.8402740028
ESP,1997,12986.8556348774,21310.4311931636
ESP,1998,13503.3758368108,22135.4044960606
ESP,1999,14094.0468355186,23017.8387781684
ESP,2000,14653.6436126107,24106.8818441389
ESP,2001,15116.3020306277,24878.3784411461
ESP,2002,15362.7880848907,25205.3154727214
ESP,2003,15444.4189535897,25481.1653817075
ESP,2004,15796.108680135,25825.3106522135
ESP,2005,16173.4446285923,26294.4473727979
ESP,2006,16536.0391158628,26899.0921510778
ESP,2007,16783.752394501,27338.7954165547
ESP,2008,16402.1572464755,27112.5262998815
ESP,2009,15673.4343760579,25860.8142643369
ESP,2010,15659.0616866156,25766.2515889226
ESP,2011,15219.364570946,25510.5579601069
ESP,2012,14704.7942541134,24763.5682703688
ESP,2013,14327.0533022682,24490.2279309777
ESP,2014,14612.7092804908,24937.0366118341
ESP,2015,15055.1016389775,25969.8383138327
ESP,2016,15447.5666882037,26704.3435828513
ESP,2017,15877.4102847464,27413.3287630157
ESP,2018,16075.9300570296,27947.3177652619
ESP,2019,16133.6231455051,28291.6306843873
ESP,2020,14086.788962613,25073.7209751005
ESP,2021,15065.9335825438,26721.1481805453
ESP,2022,15661.6322112646,28168.3670415397
ESP,2023,15745.9421472245,28569.8436482338
EST,1960,NA,NA
EST,1961,NA,NA
EST,1962,NA,NA
EST,1963,NA,NA
EST,1964,NA,NA
EST,1965,NA,NA
EST,1966,NA,NA
EST,1967,NA,NA
EST,1968,NA,NA
EST,1969,NA,NA
EST,1970,NA,NA
EST,1971,NA,NA
EST,1972,NA,NA
EST,1973,NA,NA
EST,1974,NA,NA
EST,1975,NA,NA
EST,1976,NA,NA
EST,1977,NA,NA
EST,1978,NA,NA
EST,1979,NA,NA
EST,1980,NA,NA
EST,1981,NA,NA
EST,1982,NA,NA
EST,1983,NA,NA
EST,1984,NA,NA
EST,1985,NA,NA
EST,1986,NA,NA
EST,1987,NA,NA
EST,1988,NA,NA
EST,1989,NA,NA
EST,1990,NA,9341.22537547479
EST,1991,NA,8637.20576020448
EST,1992,NA,6934.17048877217
EST,1993,2920.71994121582,6706.55982946596
EST,1994,3009.94196575132,6738.99897153337
EST,1995,3219.67213028259,7170.94589348968
EST,1996,3587.98050334457,7637.25728925951
EST,1997,4110.12041628363,8732.99024390634
EST,1998,4298.95463501137,9199.93557043724
EST,1999,4302.77699631829,9133.895896578
EST,2000,4583.38978117802,10006.769260884501
EST,2001,4933.15065350538,10662.9454941852
EST,2002,5443.77852515989,11474.6621891541
EST,2003,6010.10162416638,12424.0440209385
EST,2004,6538.0409543308,13348.5275605242
EST,2005,7215.27794507477,14703.6175546553
EST,2006,8192.39436139812,16234.5146051178
EST,2007,8923.70439596388,17543.4654204
EST,2008,8542.2941617927,16688.996845909
EST,2009,7365.11985622088,14274.8506900643
EST,2010,7288.20329103854,14657.9387698819
EST,2011,7534.83138571039,15820.9215165125
EST,2012,7892.04433600454,16460.6838753207
EST,2013,8213.14914390957,16809.532320526
EST,2014,8532.005537763,17413.6860003066
EST,2015,8943.78777462418,17722.1557669523
EST,2016,9339.15162074714,18264.9867328144
EST,2017,9557.20021072983,19270.8138248569
EST,2018,9982.9747918618,19914.3445867336
EST,2019,10409.3085969365,20579.875480866
EST,2020,10252.9336806877,19946.944991505
EST,2021,11173.1230611234,21351.394868
EST,2022,11241.8684925496,21080.6519716684
EST,2023,10927.5027342912,20123.422189306
ETH,1960,NA,NA
ETH,1961,NA,240.267722018068
ETH,1962,NA,244.424431692124
ETH,1963,NA,248.96908638625
ETH,1964,NA,252.419740478843
ETH,1965,NA,259.915857989767
ETH,1966,NA,271.603482156631
ETH,1967,NA,275.270284643403
ETH,1968,NA,278.861265577108
ETH,1969,NA,275.061434693947
ETH,1970,NA,276.902884011507
ETH,1971,NA,287.023195789028
ETH,1972,NA,291.268461064723
ETH,1973,NA,298.112378618236
ETH,1974,NA,300.010118382264
ETH,1975,NA,296.414426867227
ETH,1976,NA,289.454156996896
ETH,1977,NA,291.670235643471
ETH,1978,NA,294.622554732376
ETH,1979,NA,287.089780464543
ETH,1980,NA,303.847990909372
ETH,1981,NA,309.2960109878
ETH,1982,NA,300.24593712377
ETH,1983,NA,316.020252495739
ETH,1984,NA,299.134295590365
ETH,1985,NA,258.416525420403
ETH,1986,NA,275.128117611222
ETH,1987,NA,302.765063691614
ETH,1988,NA,292.637021285123
ETH,1989,NA,280.592968440486
ETH,1990,NA,277.768887497322
ETH,1991,NA,247.009335840842
ETH,1992,NA,216.292535524802
ETH,1993,NA,236.26671542506801
ETH,1994,NA,235.4623750444
ETH,1995,NA,241.526301068537
ETH,1996,NA,262.724718922724
ETH,1997,NA,262.411339258283
ETH,1998,NA,245.504476745904
ETH,1999,NA,250.235771300167
ETH,2000,NA,257.412698845663
ETH,2001,NA,270.451435406907
ETH,2002,NA,266.316614456911
ETH,2003,NA,252.806674812797
ETH,2004,NA,278.648105685268
ETH,2005,NA,302.475022727211
ETH,2006,NA,325.543392093065
ETH,2007,NA,352.360703147014
ETH,2008,NA,379.238310448137
ETH,2009,NA,401.068729929541
ETH,2010,NA,438.78661648794
ETH,2011,371.347833686592,474.159034335211
ETH,2012,373.41847474317,500.919355284732
ETH,2013,399.158286695435,539.072451759433
ETH,2014,413.950747353309,578.632922927813
ETH,2015,443.030439297954,621.845673808133
ETH,2016,447.652128945426,662.32729587522
ETH,2017,473.299946989382,706.164227289541
ETH,2018,473.226173431129,734.227726626757
ETH,2019,523.526204409296,774.512169391667
ETH,2020,551.842306292735,799.47559497498
ETH,2021,584.15105051616,822.305881002002
ETH,2022,601.268137441776,843.643330424579
ETH,2023,627.895776539821,875.373675519289
EUU,1960,NA,8589.16575534944
EUU,1961,NA,9006.12595745506
EUU,1962,NA,9439.89550553344
EUU,1963,NA,9808.2565215972
EUU,1964,NA,10302.8916781614
EUU,1965,NA,10753.5306173316
EUU,1966,NA,11126.411001791
EUU,1967,NA,11436.2760292562
EUU,1968,NA,11988.8570574378
EUU,1969,NA,12743.7566565777
EUU,1970,7431.22782239979,13372.5391749059
EUU,1971,7740.90107103762,13784.8703690225
EUU,1972,8066.78233994073,14345.6208105069
EUU,1973,8428.15492074357,15119.9457951322
EUU,1974,8560.06326139295,15509.7936714144
EUU,1975,8707.91674720181,15326.5028834883
EUU,1976,9079.89494265924,15991.1658370663
EUU,1977,9320.27577471031,16382.8225596129
EUU,1978,9544.28073084624,16804.5777147407
EUU,1979,9851.32561350326,17380.825117084
EUU,1980,10007.693149973,17658.6223964267
EUU,1981,10015.2250410003,17681.8721520286
EUU,1982,10065.0098521809,17771.964468865
EUU,1983,10123.2201954042,17981.5319172437
EUU,1984,10240.666501658,18394.4988229567
EUU,1985,10439.7150097518,18776.7846924627
EUU,1986,10790.2475304592,19208.9512828067
EUU,1987,11138.6583085832,19640.389286642
EUU,1988,11477.8940588346,20385.1732816109
EUU,1989,11836.0572010998,21105.6097328976
EUU,1990,12157.2798476458,21727.7943975322
EUU,1991,12370.3940774842,21981.5101691009
EUU,1992,12566.0474018572,22115.353857473
EUU,1993,12431.1857387343,21912.2709065984
EUU,1994,12613.1901309524,22448.204608849
EUU,1995,12821.7293542293,23016.3191877512
EUU,1996,13098.0130709448,23419.1748207732
EUU,1997,13341.3263543702,24012.0932224016
EUU,1998,13757.4409477873,24695.10226666
EUU,1999,14189.8338538321,25395.0609047824
EUU,2000,14590.9847105816,26362.6871460319
EUU,2001,14849.7199779104,26896.962643115
EUU,2002,14977.656883674,27130.0081018974
EUU,2003,15133.2869920047,27287.4431997425
EUU,2004,15391.3741424451,27892.3626751667
EUU,2005,15672.800494549,28345.0217100505
EUU,2006,15982.6366157802,29260.4241471509
EUU,2007,16279.6459505377,30078.4922937212
EUU,2008,16331.2879397916,30169.1008017773
EUU,2009,16107.746929395,28800.3146895465
EUU,2010,16244.9896973184,29388.2998380513
EUU,2011,16336.9477180086,30017.5373368992
EUU,2012,16179.3804187571,29745.2181948049
EUU,2013,16042.8137656202,29662.1224995424
EUU,2014,16175.7940941084,30070.2395706918
EUU,2015,16482.5377168165,30716.6295698647
EUU,2016,16809.5410722991,31247.8952714101
EUU,2017,17155.9356972416,32071.6987359019
EUU,2018,17452.3670534059,32672.3258994377
EUU,2019,17704.137747496,33259.1764284619
EUU,2020,16433.2496349962,31379.7615578403
EUU,2021,17240.8505624292,33456.2332585338
EUU,2022,17886.7201115778,34527.2297119608
EUU,2023,17918.8386396909,34601.0255998745
FCS,1960,NA,1146.25059107482
FCS,1961,NA,1120.00716306894
FCS,1962,NA,1182.39529761987
FCS,1963,NA,1231.61811469711
FCS,1964,NA,1267.51634981715
FCS,1965,NA,1318.22920789027
FCS,1966,NA,1300.75277077791
FCS,1967,NA,1198.65473494758
FCS,1968,NA,1244.92690169233
FCS,1969,NA,1376.41473264366
FCS,1970,NA,1510.51378628737
FCS,1971,NA,1589.64303776126
FCS,1972,NA,1612.64985941732
FCS,1973,NA,1637.72268917655
FCS,1974,NA,1775.4454104851
FCS,1975,NA,1732.02934519176
FCS,1976,NA,1844.58220345418
FCS,1977,NA,1891.94638984811
FCS,1978,NA,1842.93277321579
FCS,1979,NA,1911.66057368537
FCS,1980,NA,1967.74060706435
FCS,1981,NA,1799.35544624214
FCS,1982,NA,1745.22880439738
FCS,1983,NA,1625.29647475651
FCS,1984,NA,1569.17375482397
FCS,1985,NA,1597.4638861847
FCS,1986,NA,1559.36863349399
FCS,1987,NA,1546.58100187767
FCS,1988,NA,1566.89140897913
FCS,1989,NA,1547.09273782365
FCS,1990,NA,1584.11621880069
FCS,1991,NA,1455.45058699976
FCS,1992,NA,1422.01303784373
FCS,1993,NA,1357.78004779165
FCS,1994,NA,1274.88967843629
FCS,1995,NA,1237.56051801465
FCS,1996,NA,1250.98337230263
FCS,1997,NA,1279.52373217026
FCS,1998,NA,1312.51381819477
FCS,1999,NA,1322.31903553732
FCS,2000,NA,1363.12616802996
FCS,2001,NA,1387.04238564675
FCS,2002,NA,1418.42227989345
FCS,2003,NA,1398.44077323145
FCS,2004,NA,1518.87927067736
FCS,2005,NA,1569.02933736111
FCS,2006,NA,1620.7801726113
FCS,2007,NA,1677.90019211293
FCS,2008,NA,1720.58220276564
FCS,2009,NA,1729.83116777241
FCS,2010,NA,1806.06470648761
FCS,2011,NA,1763.14968554429
FCS,2012,NA,1816.40117470759
FCS,2013,NA,1835.84732998932
FCS,2014,NA,1836.06261653982
FCS,2015,NA,1810.6893017688799
FCS,2016,NA,1809.47297640021
FCS,2017,NA,1815.2891773715
FCS,2018,NA,1824.23527816769
FCS,2019,NA,1825.54150830309
FCS,2020,NA,1695.13452408245
FCS,2021,NA,1699.60293179616
FCS,2022,NA,1686.06013500643
FCS,2023,NA,1683.16888033161
FIN,1960,NA,11153.7787774575
FIN,1961,NA,11917.5856645383
FIN,1962,NA,12189.789109087
FIN,1963,NA,12501.5395968289
FIN,1964,NA,13083.4678660096
FIN,1965,NA,13731.4121060756
FIN,1966,NA,14004.6461945727
FIN,1967,NA,14231.1053660732
FIN,1968,NA,14493.6701434184
FIN,1969,NA,15893.3099766485
FIN,1970,9076.92891639031,17145.4190210686
FIN,1971,9222.96909928559,17527.3884642372
FIN,1972,9932.11321411226,18771.1589777448
FIN,1973,10458.5254297082,19968.3795911325
FIN,1974,10585.8361070934,20507.0183644179
FIN,1975,10864.7987268361,20784.688306958
FIN,1976,11036.4473256601,20793.4909567372
FIN,1977,10941.0619302715,20785.068488956
FIN,1978,11163.9101291772,21330.5987490323
FIN,1979,11783.6854773497,22791.4237888868
FIN,1980,12042.6359942867,23945.0604855846
FIN,1981,12167.055841216301,24150.578381942
FIN,1982,12720.6142865621,24756.9390096704
FIN,1983,13038.0338041914,25373.6804102249
FIN,1984,13396.2837730464,26052.7866784535
FIN,1985,13884.6240450058,26862.7992123119
FIN,1986,14410.5825940676,27513.3886876528
FIN,1987,15044.4126365721,28412.4497932673
FIN,1988,15834.255400534401,29811.9509162328
FIN,1989,16514.2808628066,31214.6750075752
FIN,1990,16392.9376950982,31291.522300093
FIN,1991,15810.6040567707,29290.9774397767
FIN,1992,15064.0489791783,28162.3513542459
FIN,1993,14591.8950554748,27807.8614785575
FIN,1994,14907.0135086635,28785.9195252864
FIN,1995,15581.8246606072,29890.5243391864
FIN,1996,16116.0162078992,30883.8348645249
FIN,1997,16630.2756982958,32762.1180296735
FIN,1998,17386.4300535681,34457.4556217234
FIN,1999,17926.2787550148,35886.4949641177
FIN,2000,18265.0685928519,37872.6021506974
FIN,2001,18712.4150355794,38784.1309690781
FIN,2002,19133.6964702334,39343.0700057835
FIN,2003,19875.8282260332,40038.983975519
FIN,2004,20561.6024988783,41521.9628659913
FIN,2005,21141.9036386921,42529.3507188339
FIN,2006,21886.5878321588,44069.3958954602
FIN,2007,22556.8842793306,46213.6899168625
FIN,2008,22893.9656710034,46359.8732961912
FIN,2009,22119.0968116053,42412.5134851925
FIN,2010,22677.8404851807,43556.5386411304
FIN,2011,23226.3192214179,44391.4537002772
FIN,2012,23205.0105400194,43507.9345996826
FIN,2013,22977.7855079967,42883.6385589185
FIN,2014,23021.7070482124,42502.4881250833
FIN,2015,23314.7238838734,42560.3456767103
FIN,2016,23812.5285963673,43529.676196739
FIN,2017,23936.3876079689,44862.2204947012
FIN,2018,24313.8222655453,45337.2411058586
FIN,2019,24465.0782711163,45898.5709888883
FIN,2020,23510.9762114524,44690.9801797392
FIN,2021,24222.7886851451,45818.0762904738
FIN,2022,24602.319976957,46356.2256378669
FIN,2023,24582.3413534802,45588.5130643088
FJI,1960,NA,2135.00107809467
FJI,1961,NA,2143.81528441161
FJI,1962,NA,2153.38614304638
FJI,1963,NA,2219.48312160262
FJI,1964,NA,2256.38663525741
FJI,1965,NA,2129.2518047711
FJI,1966,NA,2068.36189176628
FJI,1967,NA,2286.31621659819
FJI,1968,NA,2413.46579664797
FJI,1969,NA,2424.80444995678
FJI,1970,NA,2679.36143563414
FJI,1971,NA,2811.37079429481
FJI,1972,NA,2970.33177960494
FJI,1973,NA,3263.5593691783
FJI,1974,NA,3299.67029010486
FJI,1975,NA,3268.68436633728
FJI,1976,NA,3302.90295526489
FJI,1977,NA,3426.10604281144
FJI,1978,NA,3408.49392560894
FJI,1979,NA,3735.04200962829
FJI,1980,NA,3588.63393507925
FJI,1981,NA,3725.85928894113
FJI,1982,NA,3420.17359045406
FJI,1983,NA,3206.53998566024
FJI,1984,NA,3392.64404438631
FJI,1985,NA,3159.91259875156
FJI,1986,NA,3333.21190960149
FJI,1987,NA,3066.12843588507
FJI,1988,NA,3062.15309220336
FJI,1989,NA,3257.20438611994
FJI,1990,NA,3414.95056285258
FJI,1991,NA,3295.72688644576
FJI,1992,NA,3471.43146864921
FJI,1993,NA,3522.842312516
FJI,1994,NA,3682.000171045
FJI,1995,NA,3755.26836957013
FJI,1996,NA,3910.82967084971
FJI,1997,NA,3785.46688313331
FJI,1998,NA,3787.48705593593
FJI,1999,NA,4073.37712428347
FJI,2000,NA,3960.88906732702
FJI,2001,NA,3998.79732825858
FJI,2002,NA,4086.10437826539
FJI,2003,NA,4087.72452798451
FJI,2004,NA,4264.59727631589
FJI,2005,NA,4255.45101270987
FJI,2006,NA,4295.40683633625
FJI,2007,NA,4223.448044469
FJI,2008,NA,4240.7726952272
FJI,2009,NA,4164.29318567542
FJI,2010,NA,4272.35918954633
FJI,2011,NA,4375.58089378139
FJI,2012,NA,4427.97848460232
FJI,2013,NA,4630.35130732961
FJI,2014,NA,4883.2430712014
FJI,2015,3106.67518554232,5097.53108832569
FJI,2016,NA,5218.85826502641
FJI,2017,NA,5500.67845379668
FJI,2018,NA,5720.21451226628
FJI,2019,NA,5701.10441245577
FJI,2020,NA,4729.3813514501
FJI,2021,NA,4489.96065328578
FJI,2022,NA,5362.78686266554
FJI,2023,NA,5736.82889741943
FRA,1960,6044.95527321007,10733.3038951565
FRA,1961,6320.3823917959,11133.1470724538
FRA,1962,6710.57593530547,11779.2903793344
FRA,1963,7110.6728769042,12384.5365890788
FRA,1964,7418.39971477574,13040.566706937
FRA,1965,7630.23277741995,13537.0486210143
FRA,1966,7915.53245438963,14119.5206477271
FRA,1967,8230.05604093195,14690.807481932
FRA,1968,8512.52616027943,15227.4770197367
FRA,1969,8984.56347046185,16176.7441006573
FRA,1970,9310.96989934019,17024.1166968725
FRA,1971,9739.01575768826,17763.4267120288
FRA,1972,10142.0498502738,18407.1540190396
FRA,1973,10626.9095817963,19465.8926385994
FRA,1974,10848.1347127479,20244.6170583655
FRA,1975,11007.492352929,19922.0019496386
FRA,1976,11558.4948747569,20707.7547195513
FRA,1977,11798.8004839713,21347.55584568
FRA,1978,12201.5485251196,22078.7228203247
FRA,1979,12558.8529510996,22792.2359546683
FRA,1980,12640.7584000436,23050.9255988627
FRA,1981,12814.2402424083,23186.7612580687
FRA,1982,13183.7112288333,23666.5121748806
FRA,1983,13221.5705853906,23836.4019022125
FRA,1984,13242.5904956887,24102.0176236369
FRA,1985,13422.3432990847,24358.1382808953
FRA,1986,13842.5356186045,24813.0302673133
FRA,1987,14218.7214253006,25308.6209153002
FRA,1988,14606.2586029685,26374.1221756858
FRA,1989,14981.3228700155,27372.0534832736
FRA,1990,15286.9488703819,27992.9751563018
FRA,1991,15309.7577767051,28197.235956819
FRA,1992,15405.0071900678,28482.5194710025
FRA,1993,15329.225298897,28257.0962436413
FRA,1994,15527.7469195636,28822.5006563247
FRA,1995,15737.748378558,29379.6158447459
FRA,1996,15989.0033786752,29683.7786060864
FRA,1997,16017.7835391372,30325.5228742678
FRA,1998,16594.5985774524,31256.5073871178
FRA,1999,17081.0891411426,32152.7207413244
FRA,2000,17586.1564926032,33255.1379678188
FRA,2001,17898.1258982699,33640.6738010628
FRA,2002,18138.4615112054,33753.5782919683
FRA,2003,18278.4618271723,33840.6175643619
FRA,2004,18499.0623985812,34557.1471190953
FRA,2005,18804.4094651684,34946.0372441472
FRA,2006,19074.1674822618,35645.416247825
FRA,2007,19456.6055248454,36322.1685116781
FRA,2008,19449.3619196352,36257.3658869458
FRA,2009,19408.75537888,35052.8510836822
FRA,2010,19677.0921366321,35578.1967958814
FRA,2011,19703.3009429356,36269.9561589984
FRA,2012,19525.2530511959,36161.2918334209
FRA,2013,19523.5646203023,36256.0866889623
FRA,2014,19590.3462213109,36444.3949135827
FRA,2015,19809.5291077416,36702.4323733379
FRA,2016,20108.9835521035,36920.5342871045
FRA,2017,20347.1938221582,37580.5979319486
FRA,2018,20473.5098527183,38062.4435971517
FRA,2019,20766.441208542,38705.2072997191
FRA,2020,19329.882366129,35709.204585868
FRA,2021,20250.4544523726,38030.8571728494
FRA,2022,20647.9996334972,38881.2230653186
FRA,2023,20694.7557813078,39117.4845009362
FRO,1960,NA,NA
FRO,1961,NA,NA
FRO,1962,NA,NA
FRO,1963,NA,NA
FRO,1964,NA,NA
FRO,1965,NA,NA
FRO,1966,NA,NA
FRO,1967,NA,NA
FRO,1968,NA,NA
FRO,1969,NA,NA
FRO,1970,NA,NA
FRO,1971,NA,NA
FRO,1972,NA,NA
FRO,1973,NA,NA
FRO,1974,NA,NA
FRO,1975,NA,NA
FRO,1976,NA,NA
FRO,1977,NA,NA
FRO,1978,NA,NA
FRO,1979,NA,NA
FRO,1980,NA,NA
FRO,1981,NA,NA
FRO,1982,NA,NA
FRO,1983,NA,NA
FRO,1984,NA,NA
FRO,1985,NA,NA
FRO,1986,NA,NA
FRO,1987,NA,NA
FRO,1988,NA,NA
FRO,1989,NA,NA
FRO,1990,NA,NA
FRO,1991,NA,NA
FRO,1992,NA,NA
FRO,1993,NA,NA
FRO,1994,NA,NA
FRO,1995,NA,NA
FRO,1996,NA,NA
FRO,1997,NA,NA
FRO,1998,NA,NA
FRO,1999,NA,NA
FRO,2000,NA,NA
FRO,2001,NA,NA
FRO,2002,NA,NA
FRO,2003,NA,NA
FRO,2004,NA,NA
FRO,2005,NA,NA
FRO,2006,NA,NA
FRO,2007,NA,NA
FRO,2008,NA,44623.0315871975
FRO,2009,NA,42378.2165335393
FRO,2010,NA,42333.5215714088
FRO,2011,NA,43946.251738291
FRO,2012,NA,47303.8655939098
FRO,2013,NA,50120.7530887167
FRO,2014,NA,52644.7898999399
FRO,2015,24713.5741342006,52635.0375463609
FRO,2016,NA,52757.3960429144
FRO,2017,NA,53828.8840634344
FRO,2018,NA,54431.4584195231
FRO,2019,NA,56026.2538863596
FRO,2020,NA,54295.461892057
FRO,2021,NA,56484.7026785639
FRO,2022,NA,57802.6938270898
FRO,2023,NA,58665.1367497255
FSM,1960,NA,NA
FSM,1961,NA,NA
FSM,1962,NA,NA
FSM,1963,NA,NA
FSM,1964,NA,NA
FSM,1965,NA,NA
FSM,1966,NA,NA
FSM,1967,NA,NA
FSM,1968,NA,NA
FSM,1969,NA,NA
FSM,1970,NA,1710.08913488703
FSM,1971,NA,1699.9963980594
FSM,1972,NA,1672.83420355956
FSM,1973,NA,2180.62250273881
FSM,1974,NA,2447.41906565554
FSM,1975,NA,2388.24964549637
FSM,1976,NA,2340.49300880011
FSM,1977,NA,2339.5428497168
FSM,1978,NA,2403.52276427795
FSM,1979,NA,2379.24287451924
FSM,1980,NA,2140.90381086329
FSM,1981,NA,2278.80780128358
FSM,1982,NA,2153.62839220586
FSM,1983,NA,2131.39586930733
FSM,1984,NA,1988.53895563138
FSM,1985,NA,2252.26508855756
FSM,1986,NA,2364.53007951078
FSM,1987,NA,2327.85624405209
FSM,1988,NA,2331.79962300129
FSM,1989,NA,2367.54459100732
FSM,1990,NA,2410.22248315814
FSM,1991,NA,2542.21768899049
FSM,1992,NA,2592.34106438055
FSM,1993,NA,2744.19964633008
FSM,1994,NA,2679.25739314358
FSM,1995,NA,2837.15025158891
FSM,1996,NA,2734.95215490209
FSM,1997,NA,2560.83810825059
FSM,1998,NA,2626.59893890544
FSM,1999,NA,2655.47572825017
FSM,2000,NA,2774.79494666123
FSM,2001,NA,2826.84271814889
FSM,2002,NA,2840.20752247657
FSM,2003,NA,2889.04669625569
FSM,2004,NA,2809.06585903908
FSM,2005,NA,2879.62178695366
FSM,2006,NA,2895.03542297907
FSM,2007,NA,2863.83528755232
FSM,2008,NA,2819.07927372108
FSM,2009,NA,2875.73866449213
FSM,2010,NA,2952.11580223798
FSM,2011,NA,3041.77717927473
FSM,2012,NA,2979.68061790385
FSM,2013,NA,2863.90347357213
FSM,2014,NA,2790.77010690782
FSM,2015,NA,2911.16211045292
FSM,2016,NA,2915.62716763945
FSM,2017,NA,2928.72277934078
FSM,2018,NA,2917.31795034991
FSM,2019,NA,3026.12235068898
FSM,2020,NA,2949.82835516828
FSM,2021,NA,3013.18972956906
FSM,2022,NA,2976.67396648663
FSM,2023,NA,2986.27621746796
GAB,1960,909.731192990442,3311.29693814036
GAB,1961,973.200976057952,3756.64160763217
GAB,1962,1070.8828676962,3987.37302717701
GAB,1963,1381.53518321912,4176.14999511174
GAB,1964,1442.07364820475,4307.94711821812
GAB,1965,1643.92421092826,4601.58264952403
GAB,1966,1443.93548612363,4738.29146948499
GAB,1967,1794.81874092431,4857.54224653835
GAB,1968,1793.84103481545,4899.79966024679
GAB,1969,1833.58368575596,5195.79922572595
GAB,1970,1889.77900116085,5527.63605078666
GAB,1971,1999.04674826749,5969.45075181197
GAB,1972,2108.2103526158,6511.21796044723
GAB,1973,2399.42735114184,7026.71576594733
GAB,1974,1978.70903631746,9594.10323180831
GAB,1975,2022.42298928739,11184.7241895352
GAB,1976,2293.03407473494,14823.8829930465
GAB,1977,2486.1715707196,12653.3137502918
GAB,1978,3345.17951156799,9377.06283780252
GAB,1979,2951.14025079322,9187.35765811771
GAB,1980,2911.18300246246,9182.52680219592
GAB,1981,3125.52208954096,9399.27026015795
GAB,1982,2722.14803612324,8866.93461619978
GAB,1983,3249.32682104421,9113.43670535789
GAB,1984,2893.71783851406,9533.31659324811
GAB,1985,2653.23528751118,9058.4995497615
GAB,1986,3205.64056435732,8741.05138607781
GAB,1987,2618.13584469228,7044.15674885946
GAB,1988,2241.70848980822,7730.9357484059
GAB,1989,2954.62436187895,8162.58240779554
GAB,1990,2787.2516319907,8354.26309000876
GAB,1991,2660.25701045047,8627.38985737905
GAB,1992,2528.73290820707,8138.86821905371
GAB,1993,2442.37607133996,8237.7433874389
GAB,1994,2126.5641597529,8322.61010843084
GAB,1995,2107.28512887175,8514.94009899596
GAB,1996,1859.71173746962,8603.00813400361
GAB,1997,1800.20965692568,8870.12550864019
GAB,1998,2124.13231661514,8949.1211008365
GAB,1999,2190.04476256653,7944.64517936466
GAB,2000,2229.54719059535,7596.09970650519
GAB,2001,2165.21414236189,7556.76995314898
GAB,2002,2153.27979955964,7338.75620613605
GAB,2003,2101.21078703294,7301.67154442842
GAB,2004,2100.59965482404,7148.98713447497
GAB,2005,2142.74280443489,7130.22505771754
GAB,2006,2207.50819212471,6724.08148977274
GAB,2007,2216.211695065,6908.67399162999
GAB,2008,2216.45587333415,6468.38523357609
GAB,2009,2251.42497100989,6264.83611480154
GAB,2010,2338.40480117494,6481.49612073562
GAB,2011,2419.76296705245,6699.23394606512
GAB,2012,2479.97019218039,6803.22668079211
GAB,2013,2589.34208962545,6938.25753862236
GAB,2014,2642.53653823437,6998.60545439576
GAB,2015,2666.5206436455,7047.12654634355
GAB,2016,2650.8104561798,6991.3251446736
GAB,2017,2592.09822481136,6840.05959347802
GAB,2018,2517.0581600203,6724.5961429108
GAB,2019,2478.79768797678,6817.56879468764
GAB,2020,2371.87005347238,6534.27966529444
GAB,2021,2284.60057840027,6479.0490069252
GAB,2022,2226.72803014945,6527.48207900404
GAB,2023,2224.52222772892,6541.69710787282
GBR,1960,NA,15136.0245977707
GBR,1961,NA,15427.1318037137
GBR,1962,NA,15464.8266069357
GBR,1963,NA,16095.4421361819
GBR,1964,NA,16885.7927685308
GBR,1965,NA,17135.0744777669
GBR,1966,NA,17307.9752221483
GBR,1967,NA,17692.8583969032
GBR,1968,NA,18570.518441756
GBR,1969,NA,18852.0756535557
GBR,1970,10706.1138736121,19285.6497580384
GBR,1971,11001.1799233167,19878.3583978709
GBR,1972,11661.3669781843,20667.2421984769
GBR,1973,12283.4050558199,21973.049199207
GBR,1974,12076.3838637579,21413.6423410849
GBR,1975,12061.174602845,21099.6465634208
GBR,1976,12123.5607868967,21719.0454973407
GBR,1977,12079.3328303338,22260.1620137046
GBR,1978,12725.1737472029,23194.7939530158
GBR,1979,13268.8738413157,24042.7876858071
GBR,1980,13241.8250303904,23526.2554939436
GBR,1981,13258.7548663672,23332.802577182
GBR,1982,13408.348864687,23806.798102773
GBR,1983,13966.2546711924,24803.4271654098
GBR,1984,14266.9847337539,25326.1296682539
GBR,1985,14787.707071717,26316.7154240545
GBR,1986,15707.1019048412,27082.9819399054
GBR,1987,16536.3680048053,28482.8666688606
GBR,1988,17779.5768979534,30048.8206598875
GBR,1989,18352.2808356399,30743.2275109139
GBR,1990,18475.8979358642,30876.3706304517
GBR,1991,18038.8332988171,30441.4813488187
GBR,1992,18273.7075743186,30481.0348859844
GBR,1993,19020.365219885,31165.1544568281
GBR,1994,19639.6685147578,32281.4801527014
GBR,1995,20011.6393600891,33011.2945610583
GBR,1996,20705.890386602,33777.5280893285
GBR,1997,21769.6494674684,35349.7906529645
GBR,1998,22601.4070397881,36446.26168577
GBR,1999,23479.6891658658,37435.8844440997
GBR,2000,24490.4167585824,38921.8965742615
GBR,2001,25182.3027501917,39769.8719588505
GBR,2002,25741.4764935535,40312.982402183
GBR,2003,26482.798671841,41390.6062114686
GBR,2004,27064.278488711,42167.3557140489
GBR,2005,27629.9318021201,43023.2276941486
GBR,2006,27627.4507696074,43724.8957170161
GBR,2007,28286.5134970139,44524.5707052861
GBR,2008,27874.3862915016,44065.6156615172
GBR,2009,26865.7924068692,41712.8319038271
GBR,2010,27230.2665021865,42311.4329860219
GBR,2011,26928.5863174443,42459.9629998419
GBR,2012,27203.2226312173,42802.0207834042
GBR,2013,27706.3222055135,43281.5764200721
GBR,2014,28249.1585960263,44336.537861323
GBR,2015,28819.3571093762,44964.3911437292
GBR,2016,29653.9050209602,45482.4668618551
GBR,2017,29991.7397729481,46374.5811167058
GBR,2018,30395.7547290523,46742.1481190493
GBR,2019,30553.075162145,47234.2466070513
GBR,2020,26412.3336924142,42215.8837450989
GBR,2021,28400.4135985058,45873.869597011
GBR,2022,29480.0773515398,47551.2296562184
GBR,2023,29325.6159012574,47322.6682239254
GEO,1960,NA,1438.21569444633
GEO,1961,NA,1484.57936873598
GEO,1962,NA,1536.95623492798
GEO,1963,NA,1578.11918589518
GEO,1964,NA,1640.50449433996
GEO,1965,NA,1789.99342199708
GEO,1966,NA,1902.99606549797
GEO,1967,NA,2002.25561911472
GEO,1968,NA,2072.58285278926
GEO,1969,NA,2151.35584495054
GEO,1970,NA,2387.46810183883
GEO,1971,NA,2421.14178156344
GEO,1972,NA,2464.77210236436
GEO,1973,NA,2601.53891669817
GEO,1974,NA,2806.25364402928
GEO,1975,NA,2991.21007276643
GEO,1976,NA,3150.85725796529
GEO,1977,NA,3345.20714904597
GEO,1978,NA,3572.82135997741
GEO,1979,NA,3808.01905885908
GEO,1980,NA,3948.86535079512
GEO,1981,NA,4122.87659127008
GEO,1982,NA,4169.97924413232
GEO,1983,NA,4311.29871587326
GEO,1984,NA,4506.66813674822
GEO,1985,NA,4688.0718652506
GEO,1986,NA,4266.72494637357
GEO,1987,NA,4285.87259530389
GEO,1988,NA,4479.40018281131
GEO,1989,NA,4146.2568079811
GEO,1990,NA,3534.03227732782
GEO,1991,NA,2768.81016089293
GEO,1992,NA,1513.85017404463
GEO,1993,NA,1062.09528080207
GEO,1994,NA,966.419596225484
GEO,1995,NA,1029.48054628347
GEO,1996,NA,1187.123206219
GEO,1997,NA,1354.78352202066
GEO,1998,NA,1431.79336069224
GEO,1999,NA,1503.46298776734
GEO,2000,NA,1561.19867638847
GEO,2001,NA,1661.83019106421
GEO,2002,NA,1768.5970116888
GEO,2003,NA,1977.46143338741
GEO,2004,NA,2105.00472843799
GEO,2005,NA,2321.60084285163
GEO,2006,NA,2554.81253503914
GEO,2007,NA,2891.13702331846
GEO,2008,NA,2970.15858282428
GEO,2009,NA,2887.25607935922
GEO,2010,2316.3376128065,3090.06513662318
GEO,2011,2537.97193146912,3362.1030031968
GEO,2012,2744.29137989429,3609.780798626
GEO,2013,2810.74534415162,3806.50600649051
GEO,2014,2967.58522951209,3960.35080091901
GEO,2015,3075.40666768126,4086.6223465965
GEO,2016,3070.06987953878,4225.09154904806
GEO,2017,3330.96101930456,4442.50744127374
GEO,2018,3435.05211916891,4713.6535484530305
GEO,2019,3618.32515721016,4975.81148194814
GEO,2020,3982.38491983079,4659.60925318234
GEO,2021,4487.79580558991,5175.19865185825
GEO,2022,4356.33934010645,5736.30449578597
GEO,2023,4555.5513603378,6180.62059946106
GHA,1960,NA,1100.07734257629
GHA,1961,NA,1105.80528785745
GHA,1962,NA,1123.83264714461
GHA,1963,NA,1145.65868904369
GHA,1964,NA,1143.42559755812
GHA,1965,NA,1131.60166678805
GHA,1966,NA,1057.66420831457
GHA,1967,NA,1064.1760867246
GHA,1968,NA,1042.41675728649
GHA,1969,NA,1077.73179034985
GHA,1970,NA,1151.33410769187
GHA,1971,NA,1178.32625936366
GHA,1972,NA,1117.12681569485
GHA,1973,NA,1116.64642078118
GHA,1974,NA,1159.05329108772
GHA,1975,NA,985.998445354816
GHA,1976,NA,924.203159422594
GHA,1977,NA,917.764633158849
GHA,1978,NA,965.76455764991
GHA,1979,NA,913.15982451719
GHA,1980,NA,891.022649519811
GHA,1981,NA,835.988564750346
GHA,1982,NA,755.823373291828
GHA,1983,NA,699.959740887087
GHA,1984,NA,741.107920486284
GHA,1985,NA,762.272637369129
GHA,1986,NA,784.448954236419
GHA,1987,NA,803.428810070189
GHA,1988,NA,828.500959290763
GHA,1989,NA,849.157275192106
GHA,1990,NA,855.319362110805
GHA,1991,NA,878.088366524609
GHA,1992,NA,889.7585628916
GHA,1993,NA,910.155571806573
GHA,1994,NA,917.856596442584
GHA,1995,NA,933.313550689493
GHA,1996,NA,953.730900253175
GHA,1997,NA,970.390867038224
GHA,1998,NA,991.588232741852
GHA,1999,NA,1010.25223011374
GHA,2000,NA,1021.63839077699
GHA,2001,NA,1034.58177618235
GHA,2002,NA,1051.81029306745
GHA,2003,NA,1077.0285660206
GHA,2004,NA,1107.6143459009
GHA,2005,NA,1142.5995744161
GHA,2006,821.973717199403,1184.52735767503
GHA,2007,849.41795777282,1204.56621753786
GHA,2008,953.362639913327,1281.83516442323
GHA,2009,949.855045215451,1310.81347015195
GHA,2010,1087.4536675503,1380.3675278719
GHA,2011,1124.56643767758,1536.86037125821
GHA,2012,1167.5858576579799,1639.51876204035
GHA,2013,1364.5111592213,1717.52646443251
GHA,2014,1266.37313956394,1725.29387642979
GHA,2015,1264.893633753,1721.69964380717
GHA,2016,1215.50716349405,1739.72659778545
GHA,2017,1264.4173489622,1840.29925048368
GHA,2018,1285.57376731256,1914.26001947098
GHA,2019,1437.57345934614,1998.3081197152
GHA,2020,1432.76261069547,1968.96680139824
GHA,2021,1504.55684220857,2028.78406599559
GHA,2022,1559.05787145006,2066.17306715611
GHA,2023,1648.25967046364,2086.80608066
GIB,1960,NA,NA
GIB,1961,NA,NA
GIB,1962,NA,NA
GIB,1963,NA,NA
GIB,1964,NA,NA
GIB,1965,NA,NA
GIB,1966,NA,NA
GIB,1967,NA,NA
GIB,1968,NA,NA
GIB,1969,NA,NA
GIB,1970,NA,NA
GIB,1971,NA,NA
GIB,1972,NA,NA
GIB,1973,NA,NA
GIB,1974,NA,NA
GIB,1975,NA,NA
GIB,1976,NA,NA
GIB,1977,NA,NA
GIB,1978,NA,NA
GIB,1979,NA,NA
GIB,1980,NA,NA
GIB,1981,NA,NA
GIB,1982,NA,NA
GIB,1983,NA,NA
GIB,1984,NA,NA
GIB,1985,NA,NA
GIB,1986,NA,NA
GIB,1987,NA,NA
GIB,1988,NA,NA
GIB,1989,NA,NA
GIB,1990,NA,NA
GIB,1991,NA,NA
GIB,1992,NA,NA
GIB,1993,NA,NA
GIB,1994,NA,NA
GIB,1995,NA,NA
GIB,1996,NA,NA
GIB,1997,NA,NA
GIB,1998,NA,NA
GIB,1999,NA,NA
GIB,2000,NA,NA
GIB,2001,NA,NA
GIB,2002,NA,NA
GIB,2003,NA,NA
GIB,2004,NA,NA
GIB,2005,NA,NA
GIB,2006,NA,NA
GIB,2007,NA,NA
GIB,2008,NA,NA
GIB,2009,NA,NA
GIB,2010,NA,NA
GIB,2011,NA,NA
GIB,2012,NA,NA
GIB,2013,NA,NA
GIB,2014,NA,NA
GIB,2015,NA,NA
GIB,2016,NA,NA
GIB,2017,NA,NA
GIB,2018,NA,NA
GIB,2019,NA,NA
GIB,2020,NA,NA
GIB,2021,NA,NA
GIB,2022,NA,NA
GIB,2023,NA,NA
GIN,1960,NA,NA
GIN,1961,NA,NA
GIN,1962,NA,NA
GIN,1963,NA,NA
GIN,1964,NA,NA
GIN,1965,NA,NA
GIN,1966,NA,NA
GIN,1967,NA,NA
GIN,1968,NA,NA
GIN,1969,NA,NA
GIN,1970,NA,454.021892849015
GIN,1971,NA,469.853004135626
GIN,1972,NA,472.476065773993
GIN,1973,NA,471.890918542322
GIN,1974,NA,488.622222643696
GIN,1975,NA,494.755008028771
GIN,1976,NA,525.693823301009
GIN,1977,NA,500.224866623139
GIN,1978,NA,525.818457287848
GIN,1979,NA,510.937903652384
GIN,1980,NA,515.075498240815
GIN,1981,NA,508.556746994401
GIN,1982,NA,507.412755095438
GIN,1983,NA,503.254700009446
GIN,1984,NA,499.099790230844
GIN,1985,NA,511.885502734728
GIN,1986,NA,514.948827108147
GIN,1987,NA,518.460706253598
GIN,1988,NA,536.935142790771
GIN,1989,NA,544.125289836889
GIN,1990,NA,548.371534819426
GIN,1991,NA,540.622747465388
GIN,1992,NA,540.768238017649
GIN,1993,NA,551.006742654772
GIN,1994,NA,555.962782286148
GIN,1995,NA,565.553359749505
GIN,1996,NA,574.302865750492
GIN,1997,NA,591.77353015526
GIN,1998,NA,601.907993085373
GIN,1999,NA,611.007685844967
GIN,2000,NA,614.137235083638
GIN,2001,NA,628.320554864936
GIN,2002,NA,650.554963973291
GIN,2003,NA,644.071217908894
GIN,2004,NA,645.182843390689
GIN,2005,NA,651.359606871604
GIN,2006,616.221520640047,645.472001923653
GIN,2007,639.614285381973,673.698997420626
GIN,2008,605.143511574746,684.775780377366
GIN,2009,589.49469232712,660.756701330284
GIN,2010,563.13147573713,675.736917327708
GIN,2011,571.383430917543,696.199991395571
GIN,2012,602.085542665655,719.505916794546
GIN,2013,642.096849510521,729.833143236326
GIN,2014,614.53156189957,738.272274481308
GIN,2015,641.110697547805,747.356966759448
GIN,2016,668.07889858187,807.236421043888
GIN,2017,657.651472530489,867.907502577607
GIN,2018,663.632920322135,899.907328045175
GIN,2019,679.262747217621,926.42221954853
GIN,2020,679.109090432683,945.570903389665
GIN,2021,672.031318941672,973.646890096159
GIN,2022,681.172689636235,987.502501465337
GIN,2023,690.925479994539,1028.47369985676
GMB,1960,NA,NA
GMB,1961,NA,NA
GMB,1962,NA,NA
GMB,1963,NA,NA
GMB,1964,NA,NA
GMB,1965,NA,NA
GMB,1966,NA,541.080188773137
GMB,1967,NA,526.393360555569
GMB,1968,NA,560.868340169724
GMB,1969,NA,558.54686424948
GMB,1970,NA,576.3284949378
GMB,1971,NA,559.62991364986
GMB,1972,NA,544.839051932197
GMB,1973,NA,577.941930022901
GMB,1974,NA,594.161379584551
GMB,1975,NA,648.280119394208
GMB,1976,NA,674.974030161572
GMB,1977,NA,676.455417537658
GMB,1978,NA,696.184905331213
GMB,1979,NA,664.353754557366
GMB,1980,NA,682.144429383382
GMB,1981,NA,680.763235791179
GMB,1982,NA,652.066636208096
GMB,1983,NA,696.849478073282
GMB,1984,NA,694.302648852541
GMB,1985,NA,662.008143550023
GMB,1986,NA,662.002325492942
GMB,1987,NA,651.245092357426
GMB,1988,NA,653.000030965074
GMB,1989,NA,663.331309889547
GMB,1990,NA,658.711165332156
GMB,1991,NA,651.229615381431
GMB,1992,NA,646.421031932611
GMB,1993,NA,641.918738488002
GMB,1994,NA,622.551318791124
GMB,1995,NA,609.618491441846
GMB,1996,NA,605.40992484126
GMB,1997,NA,617.297597679527
GMB,1998,NA,621.226058231623
GMB,1999,NA,642.873705091153
GMB,2000,NA,659.911237641141
GMB,2001,NA,679.539755947951
GMB,2002,NA,640.03893213613
GMB,2003,NA,665.834222326194
GMB,2004,585.849760359665,693.563314497133
GMB,2005,573.594825913691,658.676285443081
GMB,2006,536.922214099111,636.596026908866
GMB,2007,560.43456545652,637.20930597537
GMB,2008,591.904857682773,657.675679192228
GMB,2009,598.184301043207,681.433469086571
GMB,2010,620.450585327771,701.014524591061
GMB,2011,515.268408148953,625.464360270983
GMB,2012,523.577920620354,639.139881889048
GMB,2013,527.738915157276,638.522368532214
GMB,2014,515.503031506832,611.879472952196
GMB,2015,505.921007454031,619.536364296461
GMB,2016,495.531309091773,615.193365494386
GMB,2017,529.211787126469,628.777299272925
GMB,2018,566.635980348459,658.127833258563
GMB,2019,575.759625035005,682.797642940426
GMB,2020,555.320487015475,670.758642891251
GMB,2021,581.614532684784,689.49323955737
GMB,2022,583.067946901218,710.686979216316
GMB,2023,542.816656371632,727.838723280227
GNB,1960,NA,NA
GNB,1961,NA,NA
GNB,1962,NA,NA
GNB,1963,NA,NA
GNB,1964,NA,NA
GNB,1965,NA,NA
GNB,1966,NA,NA
GNB,1967,NA,NA
GNB,1968,NA,NA
GNB,1969,NA,NA
GNB,1970,NA,530.038207842032
GNB,1971,NA,507.729108295228
GNB,1972,NA,539.728776699538
GNB,1973,NA,540.022721959447
GNB,1974,NA,545.743584355489
GNB,1975,NA,554.539611146607
GNB,1976,NA,545.716719833003
GNB,1977,NA,474.082444095876
GNB,1978,NA,502.503980418456
GNB,1979,NA,494.912807263144
GNB,1980,NA,411.228191061056
GNB,1981,NA,478.36501639486403
GNB,1982,NA,490.618441344467
GNB,1983,NA,466.478485144929
GNB,1984,NA,500.948088022197
GNB,1985,NA,513.578560199997
GNB,1986,NA,501.441680283283
GNB,1987,NA,507.779967171681
GNB,1988,NA,522.568587226461
GNB,1989,NA,545.340640363452
GNB,1990,NA,569.169670374215
GNB,1991,NA,585.58551396824
GNB,1992,NA,574.852002556155
GNB,1993,NA,567.860072938098
GNB,1994,NA,568.168871993007
GNB,1995,NA,578.381849917403
GNB,1996,NA,632.160906920913
GNB,1997,575.220251481604,660.537774707954
GNB,1998,440.452747279775,502.81554020706
GNB,1999,496.360756856857,576.330795296558
GNB,2000,463.885597357884,571.094015178625
GNB,2001,487.974198612222,585.837980688333
GNB,2002,449.401605250275,594.040535151552
GNB,2003,392.414419416565,579.092506821836
GNB,2004,473.449210463362,572.526464627294
GNB,2005,462.573940064725,595.94255560187
GNB,2006,495.352112654582,597.257151722046
GNB,2007,471.674975240969,597.482020935948
GNB,2008,527.09653109469,608.958620496925
GNB,2009,468.833081992786,608.202131879882
GNB,2010,486.118958135951,625.904027290582
GNB,2011,486.815499923544,658.953470528116
GNB,2012,461.819729171825,630.66862302825
GNB,2013,447.035928185429,634.095456089352
GNB,2014,432.775746289812,623.610159103365
GNB,2015,478.059361314356,645.066837207039
GNB,2016,490.698111392424,662.44946768667
GNB,2017,501.856329277063,677.466131311367
GNB,2018,528.553028952127,686.456819839526
GNB,2019,572.94828283507,707.793673750722
GNB,2020,543.298985512277,702.120599916994
GNB,2021,590.247762097835,729.02322186963
GNB,2022,623.830861253739,745.690895064907
GNB,2023,601.844721092078,767.044183086551
GNQ,1960,NA,NA
GNQ,1961,NA,NA
GNQ,1962,NA,NA
GNQ,1963,NA,NA
GNQ,1964,NA,NA
GNQ,1965,NA,NA
GNQ,1966,NA,NA
GNQ,1967,NA,NA
GNQ,1968,NA,NA
GNQ,1969,NA,NA
GNQ,1970,NA,NA
GNQ,1971,NA,NA
GNQ,1972,NA,NA
GNQ,1973,NA,NA
GNQ,1974,NA,NA
GNQ,1975,NA,NA
GNQ,1976,NA,NA
GNQ,1977,NA,NA
GNQ,1978,NA,NA
GNQ,1979,NA,NA
GNQ,1980,NA,457.608857542671
GNQ,1981,NA,460.694903212463
GNQ,1982,NA,443.126779908143
GNQ,1983,NA,436.571815905833
GNQ,1984,NA,415.030661056574
GNQ,1985,NA,443.495676350693
GNQ,1986,NA,412.631312540002
GNQ,1987,NA,412.790221907507
GNQ,1988,NA,407.241360186669
GNQ,1989,NA,387.128291910418
GNQ,1990,NA,366.314404747023
GNQ,1991,NA,349.352882285968
GNQ,1992,NA,453.637813917068
GNQ,1993,NA,485.392231712925
GNQ,1994,NA,545.595470854948
GNQ,1995,NA,617.294826128754
GNQ,1996,NA,989.777266733629
GNQ,1997,NA,2380.32106827232
GNQ,1998,NA,2833.33184629343
GNQ,1999,NA,3423.12126162912
GNQ,2000,NA,3839.08642737128
GNQ,2001,NA,5882.85050306586
GNQ,2002,NA,6604.0054631081
GNQ,2003,NA,7082.65489186921
GNQ,2004,NA,9208.60566707162
GNQ,2005,1748.16414890637,10212.4545051498
GNQ,2006,2806.62489574022,10521.9996774827
GNQ,2007,2944.4682161591,11594.9172068456
GNQ,2008,3109.36887489497,13048.0703050168
GNQ,2009,3016.43184301848,12627.862381545
GNQ,2010,3122.66965361323,10984.3243932426
GNQ,2011,3110.10274529422,11203.9073679091
GNQ,2012,3188.74656522317,11650.7196270884
GNQ,2013,3611.565068481,10731.6455729191
GNQ,2014,3598.57676757191,10363.4872473549
GNQ,2015,3531.26540468962,9068.91003238645
GNQ,2016,3500.84134938646,7971.83401904573
GNQ,2017,3494.34723773181,7259.10936454803
GNQ,2018,3492.39616638541,6578.90039765711
GNQ,2019,3494.91277334213,6018.12066321865
GNQ,2020,3131.13749098559,5575.26241511492
GNQ,2021,3117.50779631724,5487.92479201992
GNQ,2022,3159.95044057816,5524.24312418579
GNQ,2023,3220.41460410121,5118.21986148331
GRC,1960,3006.35569603294,4985.76046412208
GRC,1961,3192.13506026087,5599.49735345747
GRC,1962,3300.05460522794,5586.54224177281
GRC,1963,3471.66051920495,6225.12932247335
GRC,1964,3812.38732395354,6786.24147046987
GRC,1965,4061.14940032649,7481.90329910213
GRC,1966,4312.99200199186,7909.24505859412
GRC,1967,4580.56784124497,8289.86923382455
GRC,1968,4907.46949887216,8829.42261528176
GRC,1969,5198.02598719902,9814.49791560477
GRC,1970,5650.76682303607,10666.6208545318
GRC,1971,5930.66144749656,11453.2123981944
GRC,1972,6246.16941693899,12535.1277054371
GRC,1973,6597.03661145558,13488.1243597837
GRC,1974,6506.82054899735,12573.3481690975
GRC,1975,6927.66541876254,13248.921291402101
GRC,1976,7210.20915445917,13938.538571607
GRC,1977,7743.69799427212,14162.9911170986
GRC,1978,8248.66650402829,14993.6890693604
GRC,1979,8613.62245275545,15293.9314251108
GRC,1980,8568.23034326308,15246.9944097628
GRC,1981,8433.6748601807,14876.1172496983
GRC,1982,8665.95183626593,14617.235187448
GRC,1983,8796.35331580716,14375.6996946493
GRC,1984,8786.07380621493,14591.8630688987
GRC,1985,8796.74206681699,14900.0862237733
GRC,1986,8637.83244791337,14927.7613768104
GRC,1987,8838.42886073274,14541.860282436
GRC,1988,9339.73526707559,15110.4146618094
GRC,1989,9875.10061417512,15602.9732915736
GRC,1990,10027.1017849515,15438.7936734794
GRC,1991,10193.7631813745,15727.4735693885
GRC,1992,10346.1123397024,15717.0463428435
GRC,1993,10206.7374046251,15374.862548745
GRC,1994,10353.2801608301,15604.0339409517
GRC,1995,10565.0352348262,15857.4162600482
GRC,1996,10799.9442818099,16005.9511612222
GRC,1997,11226.293226592,16501.0316432034
GRC,1998,11674.0051925111,16973.8293536875
GRC,1999,12036.0345092642,17358.4347248482
GRC,2000,12289.3853015356,18002.9065076414
GRC,2001,12668.6672989275,18742.4235416567
GRC,2002,13264.2042167194,19548.3677232687
GRC,2003,13832.4334904296,20632.2557384172
GRC,2004,14295.9364872982,21688.105121913
GRC,2005,14713.7466691702,21880.5265550864
GRC,2006,15077.7159232041,23220.5324390846
GRC,2007,15652.3866402547,23973.6937033513
GRC,2008,16170.3693063259,23923.8800608727
GRC,2009,15858.5469484459,22878.1346733291
GRC,2010,14805.6627197085,21547.7241895964
GRC,2011,13542.6217051433,19448.2557511168
GRC,2012,12585.2686297541,17924.6620516477
GRC,2013,12243.3408415751,17644.8766792834
GRC,2014,12312.5765415229,17903.5252559978
GRC,2015,12350.7222680098,17980.7298238137
GRC,2016,12326.58990593,18049.9289175756
GRC,2017,12659.2653516628,18352.0884111283
GRC,2018,12906.8427862508,18769.0390099773
GRC,2019,13151.8490378476,19216.6760037219
GRC,2020,12199.0956837925,17486.9513800415
GRC,2021,13062.3031333721,19232.968382872
GRC,2022,14213.1276588017,20595.4953496212
GRC,2023,14510.2278312505,21139.1916750925
GRD,1960,NA,NA
GRD,1961,NA,NA
GRD,1962,NA,NA
GRD,1963,NA,NA
GRD,1964,NA,NA
GRD,1965,NA,NA
GRD,1966,NA,NA
GRD,1967,NA,NA
GRD,1968,NA,NA
GRD,1969,NA,NA
GRD,1970,NA,NA
GRD,1971,NA,NA
GRD,1972,NA,NA
GRD,1973,NA,NA
GRD,1974,NA,NA
GRD,1975,NA,NA
GRD,1976,NA,NA
GRD,1977,NA,3040.04156420967
GRD,1978,NA,3226.0984894223
GRD,1979,NA,3435.90423536845
GRD,1980,NA,3451.94417701718
GRD,1981,NA,3523.01454992859
GRD,1982,NA,3655.44815778464
GRD,1983,NA,3765.69268144747
GRD,1984,NA,3877.60851229182
GRD,1985,NA,4083.26775949669
GRD,1986,NA,4346.32354009777
GRD,1987,NA,4705.94265134243
GRD,1988,NA,4807.01372985656
GRD,1989,NA,4947.21594941974
GRD,1990,NA,5102.69172981553
GRD,1991,NA,5130.48257478522
GRD,1992,NA,5046.3110720505
GRD,1993,NA,4909.77076444883
GRD,1994,NA,4956.32245138997
GRD,1995,NA,5026.24215573734
GRD,1996,NA,5213.43103712383
GRD,1997,NA,5438.0445822801
GRD,1998,NA,6036.15899808614
GRD,1999,NA,6409.14591451052
GRD,2000,NA,6677.1265230922
GRD,2001,NA,6509.51660313374
GRD,2002,NA,6707.36873532777
GRD,2003,NA,7309.78547094579
GRD,2004,NA,7233.29494434962
GRD,2005,NA,8162.91232124727
GRD,2006,NA,7808.24358323434
GRD,2007,NA,8257.36225682689
GRD,2008,NA,8307.49221491819
GRD,2009,NA,7733.12990600058
GRD,2010,NA,7670.71165827663
GRD,2011,NA,7695.37616017287
GRD,2012,NA,7559.5628483956
GRD,2013,NA,7688.75297701343
GRD,2014,NA,8206.62862112333
GRD,2015,NA,8694.12438005692
GRD,2016,NA,8983.68397337899
GRD,2017,NA,9357.40728883583
GRD,2018,NA,9744.16919577204
GRD,2019,NA,9785.56040240592
GRD,2020,NA,8413.28335500372
GRD,2021,NA,8781.46248494156
GRD,2022,NA,9406.19337643226
GRD,2023,NA,9727.65202554404
GRL,1960,NA,NA
GRL,1961,NA,NA
GRL,1962,NA,NA
GRL,1963,NA,NA
GRL,1964,NA,NA
GRL,1965,NA,NA
GRL,1966,NA,NA
GRL,1967,NA,NA
GRL,1968,NA,NA
GRL,1969,NA,NA
GRL,1970,NA,15375.1866638299
GRL,1971,NA,17088.6844499834
GRL,1972,NA,17731.0750292335
GRL,1973,NA,18667.3128228197
GRL,1974,NA,19533.1987515075
GRL,1975,NA,19619.7941752242
GRL,1976,NA,20747.1496877618
GRL,1977,NA,22714.6391462067
GRL,1978,NA,24179.2062679611
GRL,1979,NA,25149.988701843
GRL,1980,NA,27005.3259668971
GRL,1981,NA,26758.5557170795
GRL,1982,NA,25327.608421672
GRL,1983,NA,25901.4739745512
GRL,1984,NA,24280.2581215331
GRL,1985,NA,24931.4968474838
GRL,1986,NA,26551.2406001603
GRL,1987,NA,27705.0620966198
GRL,1988,NA,28883.818146464
GRL,1989,NA,30528.8015621406
GRL,1990,NA,26805.5496974442
GRL,1991,NA,26823.378375534
GRL,1992,NA,25544.2992633194
GRL,1993,NA,24303.8982888635
GRL,1994,NA,25604.5956883247
GRL,1995,NA,26416.5165028368
GRL,1996,NA,26772.6138141762
GRL,1997,NA,27117.3732945796
GRL,1998,NA,29169.0465812684
GRL,1999,NA,29570.9623369365
GRL,2000,NA,31614.6188319158
GRL,2001,NA,31930.59542585
GRL,2002,NA,31475.8212513547
GRL,2003,14470.6315558311,32779.8815112106
GRL,2004,15802.6790482526,34953.9493651873
GRL,2005,16815.6746815642,36681.8055890619
GRL,2006,17330.6045081896,38829.536413942
GRL,2007,17605.924036618,39896.875364094
GRL,2008,17693.5174781809,42527.6668469766
GRL,2009,17822.6892849805,42899.7441985862
GRL,2010,17573.0678220592,43198.032364358
GRL,2011,17646.7921294106,42994.8790874739
GRL,2012,17507.2119331661,43655.7004664255
GRL,2013,17415.5241619145,43338.3839246907
GRL,2014,17597.5509387205,45545.1429414917
GRL,2015,17686.5520827698,44536.3549705377
GRL,2016,17926.444174397,46561.7831434013
GRL,2017,18086.3773213645,46597.9452470348
GRL,2018,18410.1302182195,47012.9860350276
GRL,2019,18435.8337144667,48170.7896955512
GRL,2020,18459.1220115277,48139.5825957628
GRL,2021,18948.8425918197,48514.5271286311
GRL,2022,NA,NA
GRL,2023,NA,NA
GTM,1960,1640.58079863474,1884.56056282974
GTM,1961,1662.77591310175,1908.02908319279
GTM,1962,1706.45192877689,1917.85323142831
GTM,1963,1765.05083342741,2040.17130794273
GTM,1964,1802.33866670152,2073.58812214271
GTM,1965,1802.61733568304,2102.46662347002
GTM,1966,1812.70267723406,2156.0383215271
GTM,1967,1849.44238316206,2182.52498158594
GTM,1968,1879.80299108766,2309.26040454155
GTM,1969,1932.01870948197,2354.7114405248
GTM,1970,1990.31081353874,2424.59976179755
GTM,1971,2050.78173508759,2494.6294885289
GTM,1972,2129.2484781822,2609.48872692718
GTM,1973,2192.05926520752,2715.38695317009
GTM,1974,2216.42067011881,2816.2639196631
GTM,1975,2226.5601826548,2802.06424999288
GTM,1976,2325.12780879305,2944.83083503014
GTM,1977,2456.48706129106,3105.80777279063
GTM,1978,2516.4787953652,3181.46803337847
GTM,1979,2558.90457316548,3249.09614148732
GTM,1980,2579.39159340392,3287.02402884148
GTM,1981,2549.49846350449,3226.25965871051
GTM,1982,2416.6977146782,3041.61605943464
GTM,1983,2325.16121046614,2891.73068800409
GTM,1984,2286.30283143618,2825.72068663505
GTM,1985,2214.69130416067,2730.14361741442
GTM,1986,2171.89186715862,2659.14135344671
GTM,1987,2195.15237340574,2678.48805367257
GTM,1988,2222.06284824795,2705.89964004598
GTM,1989,2225.31672969094,2734.55684669895
GTM,1990,2207.83231855233,2741.53805312076
GTM,1991,2242.98298362984,2765.88205348329
GTM,1992,2287.06193668665,2823.67204686853
GTM,1993,2322.6121699465,2857.29620540529
GTM,1994,2371.14507320123,2894.43108305437
GTM,1995,2430.35260556437,2958.34831787015
GTM,1996,2434.53979618403,2967.99349123569
GTM,1997,2467.97407782853,3019.28714461763
GTM,1998,2515.56658363655,3089.97586132319
GTM,1999,2540.41001372015,3129.12068042003
GTM,2000,2567.73480136367,3165.93228157771
GTM,2001,2604.27975559047,3166.20341985536
GTM,2002,2630.97734574642,3213.26827919246
GTM,2003,2671.67791692701,3222.15458817212
GTM,2004,2713.58305907326,3250.20396478728
GTM,2005,2769.10275029645,3284.80961952091
GTM,2006,2838.10204445799,3388.14993375257
GTM,2007,2928.72860738478,3527.77816838319
GTM,2008,2994.02125141998,3569.92850622252
GTM,2009,2926.28913856747,3516.19217384009
GTM,2010,2967.75863045392,3546.62571191838
GTM,2011,3015.07339374344,3621.37399118594
GTM,2012,3048.47069488909,3655.57305040072
GTM,2013,3100.19832398348,3717.30452588449
GTM,2014,3180.06775689259,3809.61576365876
GTM,2015,3282.90136243709,3893.50521848131
GTM,2016,3354.1998585218,3924.77882449793
GTM,2017,3401.56508042736,3972.74046152097
GTM,2018,3464.05437792118,4040.21201503384
GTM,2019,3572.7883753541,4139.12191663003
GTM,2020,3463.26014994458,4005.83899021249
GTM,2021,3707.66975794958,4268.29515043474
GTM,2022,3813.41227324702,4385.46451827029
GTM,2023,3920.77934933975,4470.75416315328
GUM,1960,NA,NA
GUM,1961,NA,NA
GUM,1962,NA,NA
GUM,1963,NA,NA
GUM,1964,NA,NA
GUM,1965,NA,NA
GUM,1966,NA,NA
GUM,1967,NA,NA
GUM,1968,NA,NA
GUM,1969,NA,NA
GUM,1970,NA,NA
GUM,1971,NA,NA
GUM,1972,NA,NA
GUM,1973,NA,NA
GUM,1974,NA,NA
GUM,1975,NA,NA
GUM,1976,NA,NA
GUM,1977,NA,NA
GUM,1978,NA,NA
GUM,1979,NA,NA
GUM,1980,NA,NA
GUM,1981,NA,NA
GUM,1982,NA,NA
GUM,1983,NA,NA
GUM,1984,NA,NA
GUM,1985,NA,NA
GUM,1986,NA,NA
GUM,1987,NA,NA
GUM,1988,NA,NA
GUM,1989,NA,NA
GUM,1990,NA,NA
GUM,1991,NA,NA
GUM,1992,NA,NA
GUM,1993,NA,NA
GUM,1994,NA,NA
GUM,1995,NA,NA
GUM,1996,NA,NA
GUM,1997,NA,NA
GUM,1998,NA,NA
GUM,1999,NA,NA
GUM,2000,NA,NA
GUM,2001,NA,NA
GUM,2002,18232.4205079447,29576.221681311
GUM,2003,16846.5428212201,29685.9531745657
GUM,2004,17585.8029713198,31483.8141949558
GUM,2005,18326.1068620294,32520.3729565352
GUM,2006,17741.8194396578,31242.462900947
GUM,2007,17816.3756335674,31385.0475162113
GUM,2008,18305.4292604844,31941.2706025874
GUM,2009,18408.3528662428,31988.7229358255
GUM,2010,18220.27869782,32644.1484056205
GUM,2011,18475.077789755702,32665.3787483379
GUM,2012,19193.0722968637,33404.9317636913
GUM,2013,19361.2778779365,34044.3190415455
GUM,2014,19495.6595088526,34755.2691107298
GUM,2015,19932.6885176314,35165.7014644795
GUM,2016,20317.4023676579,35373.8483143417
GUM,2017,20957.8949203815,35850.9025520506
GUM,2018,20921.5927484881,35731.2203743081
GUM,2019,21052.673930301,36830.1264410973
GUM,2020,20294.9162880882,32884.8852646787
GUM,2021,20726.4777262675,33239.4846327875
GUM,2022,20797.7241208484,34627.9862781837
GUM,2023,NA,NA
GUY,1960,NA,2733.67017377019
GUY,1961,NA,2795.91596559797
GUY,1962,NA,2765.60232706682
GUY,1963,NA,2373.894072225
GUY,1964,NA,2587.3374565389
GUY,1965,NA,2799.88924384382
GUY,1966,NA,2885.01083833356
GUY,1967,NA,2947.36722517736
GUY,1968,NA,2916.5864939663
GUY,1969,NA,3057.0032625233
GUY,1970,NA,3130.48106601695
GUY,1971,NA,3182.82907828322
GUY,1972,NA,3039.04595646039
GUY,1973,NA,3040.96521513223
GUY,1974,NA,3240.06449958436
GUY,1975,NA,3480.32677141053
GUY,1976,NA,3501.59054165487
GUY,1977,NA,3380.43034639294
GUY,1978,NA,3293.62021029982
GUY,1979,NA,3210.16797697625
GUY,1980,NA,3247.67276846022
GUY,1981,NA,3287.40767961686
GUY,1982,NA,2852.84256803946
GUY,1983,NA,2661.88012930901
GUY,1984,NA,2533.83411714106
GUY,1985,NA,2603.49640007679
GUY,1986,NA,2591.39934975717
GUY,1987,NA,2628.31843844379
GUY,1988,NA,2546.09160620841
GUY,1989,NA,2436.29631542227
GUY,1990,NA,2377.21795364949
GUY,1991,NA,2528.08038811696
GUY,1992,NA,2716.75893023455
GUY,1993,NA,2926.93693707006
GUY,1994,NA,3164.66777875426
GUY,1995,NA,3312.64996890674
GUY,1996,NA,3566.13499360957
GUY,1997,NA,3778.00652865741
GUY,1998,NA,3708.04637110615
GUY,1999,NA,3813.33057565798
GUY,2000,NA,3759.60789699989
GUY,2001,NA,3847.09461851367
GUY,2002,NA,3894.87107415198
GUY,2003,NA,3873.04123684261
GUY,2004,NA,3937.11435304522
GUY,2005,NA,3867.93308158647
GUY,2006,NA,4076.77981715707
GUY,2007,NA,4382.10449666813
GUY,2008,NA,4472.34517889699
GUY,2009,NA,4649.34144792756
GUY,2010,NA,4860.09110980566
GUY,2011,NA,5133.89539813637
GUY,2012,NA,5403.79899428921
GUY,2013,NA,5573.3421790463
GUY,2014,NA,5635.71704117947
GUY,2015,NA,5640.41560569466
GUY,2016,NA,5818.61682204646
GUY,2017,NA,5997.18271426826
GUY,2018,NA,6080.90612132746
GUY,2019,NA,6278.63054079553
GUY,2020,NA,9010.61000469878
GUY,2021,NA,10712.0000592312
GUY,2022,NA,17365.3330363732
GUY,2023,NA,23102.6662867381
HKG,1960,NA,NA
HKG,1961,2211.48538496361,3956.0348665175
HKG,1962,2346.95320898221,4333.85400121341
HKG,1963,2489.50011202981,4847.35268964371
HKG,1964,2646.08016549251,5139.82984909026
HKG,1965,2913.41965365455,5739.60358013556
HKG,1966,3239.10847407249,5791.09844762546
HKG,1967,3202.75238223075,5737.13123041917
HKG,1968,3449.71102409271,5807.41630828616
HKG,1969,3687.76367798504,6363.75168314681
HKG,1970,3977.98986586696,6782.70458686445
HKG,1971,4394.05039313379,7122.10498405031
HKG,1972,4637.81663344579,7728.31101312105
HKG,1973,5103.12547359577,8435.92710515865
HKG,1974,4855.31220357762,8370.88137713153
HKG,1975,4940.96977502196,8254.06991655716
HKG,1976,5247.06680140145,9468.5905945716
HKG,1977,6036.55999171214,10427.2271104239
HKG,1978,6940.6466810471,11085.9151499691
HKG,1979,7192.57789714283,11709.3147365995
HKG,1980,7855.50338086792,12553.2178743534
HKG,1981,8256.61489388123,13397.4126017557
HKG,1982,8554.82829084879,13580.1258695587
HKG,1983,9076.63297908508,14174.7881084928
HKG,1984,9513.90149113341,15436.0613477834
HKG,1985,9821.7616335155,15386.7400452607
HKG,1986,10532.1036761122,16876.3438935514
HKG,1987,11536.8150391409,18945.8271230605
HKG,1988,12512.2657049497,20386.3331230439
HKG,1989,12857.2442489186,20635.6369175109
HKG,1990,13618.5376326787,21357.3625408812
HKG,1991,14756.5075859967,22388.7288514218
HKG,1992,15888.9003198631,23585.7790070791
HKG,1993,16843.8055086183,24621.7597107363
HKG,1994,17538.9678799523,25526.5342396812
HKG,1995,17475.2068280923,25620.0892481415
HKG,1996,17339.1729092299,25551.4361801136
HKG,1997,18148.0188483194,26631.8652426178
HKG,1998,17007.9340120943,24856.8323960471
HKG,1999,17022.363919026,25237.7083727094
HKG,2000,17634.8957396883,26933.2785287204
HKG,2001,17750.5675876184,26885.4740776153
HKG,2002,17487.2376482823,27210.1196148928
HKG,2003,17248.9492437716,28097.1484393683
HKG,2004,18334.7684875038,30304.3331882473
HKG,2005,18901.7307672507,32401.4024779329
HKG,2006,19925.5103437603,34458.0396412134
HKG,2007,21463.418332703,36371.6888698119
HKG,2008,21740.6356202552,36924.0916159598
HKG,2009,21732.7575036317,35938.5997765398
HKG,2010,22892.7686826426,38090.0341362458
HKG,2011,24647.7727987384,39656.3542113178
HKG,2012,25377.3029115388,39887.8422338754
HKG,2013,26443.2113516736,40959.983629493
HKG,2014,27135.0861363624,41796.8691228601
HKG,2015,28186.1564752206,42432.1619740441
HKG,2016,28573.6654004323,43087.546608434
HKG,2017,29913.782420607102,44380.8080889187
HKG,2018,31245.3993756069,45280.4955422841
HKG,2019,30767.9284795744,44195.2893264289
HKG,2020,27605.697343212,41451.3260144604
HKG,2021,29410.903254735,44530.9411868182
HKG,2022,29025.5573026366,43281.7955087576
HKG,2023,30474.5011651385,43572.9610527354
HND,1960,955.655015037337,1206.66787324876
HND,1961,969.541406515474,1194.76913521135
HND,1962,978.153243346056,1228.42336850094
HND,1963,1015.65045965146,1236.80305038923
HND,1964,1055.68006949118,1267.1200588381
HND,1965,1066.75804325923,1342.51496538223
HND,1966,1068.49691897149,1374.4218253951
HND,1967,1057.29203180293,1414.99917821739
HND,1968,1109.20777806057,1465.08021353283
HND,1969,1083.17041946781,1432.03108888235
HND,1970,1092.10430844421,1440.57831629318
HND,1971,1030.01760218766,1453.78676002125
HND,1972,1059.44529348653,1491.54419629368
HND,1973,1140.05212317978,1561.16562638578
HND,1974,1083.88341279434,1498.0373465559
HND,1975,1094.10760825215,1485.20651103663
HND,1976,1224.15726998255,1590.73833699798
HND,1977,1352.28982732496,1702.08483039056
HND,1978,1347.70203011657,1748.67984266409
HND,1979,1290.14570074115,1790.8302162948
HND,1980,1349.20963656207,1747.33458626941
HND,1981,1318.53109720533,1674.49337660917
HND,1982,1304.57850284323,1591.31120399188
HND,1983,1247.48745102346,1558.69343094145
HND,1984,1301.30968116024,1609.30160914558
HND,1985,1267.96321400127,1651.29030993836
HND,1986,1304.29445158286,1690.2298031877
HND,1987,1287.0635473249,1752.0212527863
HND,1988,1277.41863184415,1733.09581607166
HND,1989,1307.54599104552,1731.04027011921
HND,1990,1275.55632956504,1729.83142779417
HND,1991,1301.82102686171,1625.63835833364
HND,1992,1292.84203502124,1676.07933528015
HND,1993,1311.75907998859,1734.98490158891
HND,1994,1281.00957532238,1690.04923489234
HND,1995,1266.30183300291,1744.49972831904
HND,1996,1295.34912992773,1727.67473897426
HND,1997,1299.18346929873,1757.25976292315
HND,1998,1322.30192638389,1772.76292776239
HND,1999,1276.81912000726,1714.07330337091
HND,2000,1326.32540299268,1789.47798512637
HND,2001,1349.56945989036,1789.18816032117
HND,2002,1369.37719383794,1807.97305547292
HND,2003,1393.44597849198,1842.29750018813
HND,2004,1426.79440263977,1908.90950050464
HND,2005,1478.06719806147,1975.85647913236
HND,2006,1569.06463329481,2056.53491469231
HND,2007,1626.52271952821,2134.19540639485
HND,2008,1638.02172526216,2175.14709403064
HND,2009,1603.68777417001,2076.30859895638
HND,2010,1627.23482011511,2108.47314459603
HND,2011,1651.33701316649,2144.56265540491
HND,2012,1687.45222536011,2188.39378817891
HND,2013,1716.71605421828,2205.40126728067
HND,2014,1726.81433566868,2229.24772232218
HND,2015,1760.35605008156,2271.20265980349
HND,2016,1796.70815103225,2315.72983058198
HND,2017,1855.52715811601,2383.37398439714
HND,2018,1922.70588876177,2430.13503657762
HND,2019,1978.18405747189,2447.61649282181
HND,2020,1795.29609099775,2189.43168668222
HND,2021,2062.77839962876,2423.76634916911
HND,2022,2144.84959700096,2482.22384904714
HND,2023,2199.87035700266,2527.43851176243
HPC,1960,NA,735.821480593708
HPC,1961,NA,717.296381926816
HPC,1962,NA,750.626469010377
HPC,1963,NA,757.172281985946
HPC,1964,NA,763.730161781631
HPC,1965,NA,773.893014106414
HPC,1966,NA,783.581706310937
HPC,1967,NA,781.687903286163
HPC,1968,NA,795.664650954581
HPC,1969,NA,809.681964709685
HPC,1970,NA,788.492578544436
HPC,1971,NA,802.490934165583
HPC,1972,NA,798.113678210044
HPC,1973,NA,801.977601461585
HPC,1974,NA,820.658216472373
HPC,1975,NA,814.622137210321
HPC,1976,NA,823.322932077632
HPC,1977,NA,830.554166705754
HPC,1978,NA,828.047008871149
HPC,1979,NA,809.945559504425
HPC,1980,NA,795.866480249212
HPC,1981,NA,800.881705930573
HPC,1982,NA,785.555432850379
HPC,1983,NA,766.704315788958
HPC,1984,NA,755.205110376298
HPC,1985,NA,745.713848603885
HPC,1986,NA,748.588845024583
HPC,1987,NA,752.447035966304
HPC,1988,NA,741.004466801985
HPC,1989,NA,731.372494480748
HPC,1990,NA,704.512660256587
HPC,1991,NA,689.100296041186
HPC,1992,NA,661.030168649623
HPC,1993,480.997021133849,643.398713226166
HPC,1994,469.784789016896,623.345462993697
HPC,1995,476.451232980241,635.606653643954
HPC,1996,486.103947988079,649.215892949356
HPC,1997,488.22868732611,666.375702591427
HPC,1998,499.941029248043,670.438183553578
HPC,1999,510.030879426446,671.931770997837
HPC,2000,508.319978882257,672.852500760048
HPC,2001,516.337591793978,678.408871665052
HPC,2002,515.607249462993,684.629568009041
HPC,2003,527.848420030781,690.8728264025
HPC,2004,541.472137920364,709.63288135936
HPC,2005,553.783057075496,728.11372583652
HPC,2006,567.433994705938,749.037950210569
HPC,2007,576.791671941954,768.498973957837
HPC,2008,583.205999253374,789.550368300414
HPC,2009,590.815824126866,796.150917040847
HPC,2010,606.877397207176,821.637572821341
HPC,2011,592.924701762108,834.795702172345
HPC,2012,601.937557270348,844.362942975084
HPC,2013,625.88688271117,868.913585377195
HPC,2014,634.926985976047,893.819574248203
HPC,2015,655.103581926879,909.494352340789
HPC,2016,658.445415292103,923.052271836223
HPC,2017,664.624913864053,941.614618868818
HPC,2018,669.588706363431,953.307604822055
HPC,2019,686.427548942893,968.169693938922
HPC,2020,670.195431443472,943.987903544912
HPC,2021,686.036283179119,958.055031630353
HPC,2022,694.638530453453,978.337244597905
HPC,2023,695.160828551135,991.339665847094
HRV,1960,NA,NA
HRV,1961,NA,NA
HRV,1962,NA,NA
HRV,1963,NA,NA
HRV,1964,NA,NA
HRV,1965,NA,NA
HRV,1966,NA,NA
HRV,1967,NA,NA
HRV,1968,NA,NA
HRV,1969,NA,NA
HRV,1970,NA,NA
HRV,1971,NA,NA
HRV,1972,NA,NA
HRV,1973,NA,NA
HRV,1974,NA,NA
HRV,1975,NA,NA
HRV,1976,NA,NA
HRV,1977,NA,NA
HRV,1978,NA,NA
HRV,1979,NA,NA
HRV,1980,NA,NA
HRV,1981,NA,NA
HRV,1982,NA,NA
HRV,1983,NA,NA
HRV,1984,NA,NA
HRV,1985,NA,NA
HRV,1986,NA,NA
HRV,1987,NA,NA
HRV,1988,NA,NA
HRV,1989,NA,NA
HRV,1990,NA,9753.60487836725
HRV,1991,NA,7841.71300282964
HRV,1992,NA,7094.46748343981
HRV,1993,NA,6490.13978561787
HRV,1994,NA,6794.98507074117
HRV,1995,4541.81349580546,7304.45852898653
HRV,1996,4690.18909357857,7857.72262122232
HRV,1997,5271.85507104806,8383.1827782947
HRV,1998,5208.54865999972,8577.21251426078
HRV,1999,5077.68603746258,8541.23941776512
HRV,2000,5357.3631456477,8879.96498049361
HRV,2001,5863.07909205558,9515.40905552687
HRV,2002,6417.2140518192,10061.694309434
HRV,2003,6708.39739218951,10618.9433102196
HRV,2004,7014.96150765369,11058.7184484755
HRV,2005,7327.01420623187,11522.3950059819
HRV,2006,7420.73087387146,12105.053757832
HRV,2007,7795.73389858062,12719.0032844824
HRV,2008,8038.10240887046,12970.9291075827
HRV,2009,7329.59692519328,12099.7971276004
HRV,2010,7233.42702540221,11965.4854792127
HRV,2011,7330.54876665259,11995.1325319122
HRV,2012,7188.80204242649,11780.5330067439
HRV,2013,7119.20899281804,11839.2458156921
HRV,2014,6996.16263158517,11863.8584044911
HRV,2015,7106.79693521684,12285.3032582105
HRV,2016,7411.82692393151,12849.34640034
HRV,2017,7771.02935658935,13485.8816667037
HRV,2018,8139.09738229659,14060.7189510749
HRV,2019,8555.64515038162,14641.2298817935
HRV,2020,8186.31549709768,13544.9715102628
HRV,2021,9148.51379020563,15394.4707328085
HRV,2022,9838.05305995884,16616.3915356348
HRV,2023,10126.9530981519,17147.1660226623
HTI,1960,NA,1735.02657122509
HTI,1961,NA,1653.89922572987
HTI,1962,NA,1752.00306965988
HTI,1963,NA,1688.67112439859
HTI,1964,NA,1631.54071205727
HTI,1965,NA,1636.19814585485
HTI,1966,NA,1596.9765972586
HTI,1967,NA,1534.49796433614
HTI,1968,NA,1554.12753020636
HTI,1969,NA,1583.57820985315
HTI,1970,NA,1564.38895221073
HTI,1971,NA,1634.68963949244
HTI,1972,NA,1619.58759427436
HTI,1973,NA,1664.49081836292
HTI,1974,NA,1727.23666370029
HTI,1975,NA,1713.30379616486
HTI,1976,NA,1822.40734517244
HTI,1977,NA,1853.92218428991
HTI,1978,NA,1931.45229634864
HTI,1979,NA,2037.86816576864
HTI,1980,NA,2146.49092997378
HTI,1981,NA,2045.46255796987
HTI,1982,NA,1934.639428235
HTI,1983,NA,1914.43247559
HTI,1984,NA,1882.81789284203
HTI,1985,NA,1856.96811301461
HTI,1986,NA,1811.0858236738
HTI,1987,NA,1760.75045120756
HTI,1988,1034.02924533112,1728.60254302384
HTI,1989,941.278770705057,1644.10374508487
HTI,1990,984.837403089682,1627.31264525633
HTI,1991,922.708153913507,1624.49598864977
HTI,1992,845.367793909827,1507.81872889823
HTI,1993,914.542506313681,1398.25464638175
HTI,1994,803.581239078605,1207.6605445003
HTI,1995,933.507075879649,1302.13491168553
HTI,1996,1055.45983691598,1330.54039885269
HTI,1997,1070.71836351123,1340.99702096807
HTI,1998,1086.67151676823,1344.9390395747
HTI,1999,1167.33216923787,1356.11344556059
HTI,2000,1332.90923868538,1342.89490450523
HTI,2001,1312.49651106854,1314.11419693969
HTI,2002,1298.4240532297,1304.5293810385
HTI,2003,1299.61651746662,1326.47161042212
HTI,2004,1259.27737124293,1286.90282128221
HTI,2005,1270.85598996815,1304.33303731231
HTI,2006,1265.88249557026,1305.03813815611
HTI,2007,1282.80182398502,1343.61111422048
HTI,2008,1267.56534917406,1356.53400140048
HTI,2009,1365.81387499587,1412.89653523429
HTI,2010,1260.04948882972,1317.58389339746
HTI,2011,1289.64316517272,1369.16921255852
HTI,2012,1283.96444445752,1354.88546124499
HTI,2013,1336.19686965806,1392.38204736859
HTI,2014,1316.48451923829,1411.76834802154
HTI,2015,1355.63605314883,1411.12684746796
HTI,2016,1411.51626433113,1416.74881879698
HTI,2017,1462.64836689713,1432.67228609541
HTI,2018,1502.60154009085,1437.35251928349
HTI,2019,1468.06888083174,1394.42114071112
HTI,2020,1391.30087604774,1331.69778506932
HTI,2021,1391.60146177583,1292.71954963551
HTI,2022,1366.18250674697,1256.72143592448
HTI,2023,1351.53102741779,1219.11871645847
HUN,1960,NA,2075.77985761695
HUN,1961,NA,2163.51335497237
HUN,1962,NA,2288.09295596742
HUN,1963,NA,2412.22987229813
HUN,1964,NA,2517.64639615445
HUN,1965,NA,3575.46258578804
HUN,1966,NA,3828.45799903552
HUN,1967,NA,4100.30440736971
HUN,1968,NA,4284.77449560262
HUN,1969,NA,4561.34032414782
HUN,1970,NA,4757.62040789326
HUN,1971,NA,5038.15422984296
HUN,1972,NA,5329.57035040081
HUN,1973,NA,5678.97913605148
HUN,1974,NA,5987.25651891823
HUN,1975,NA,6321.18317417528
HUN,1976,NA,6512.814617423
HUN,1977,NA,6975.30718085409
HUN,1978,NA,7257.14585872296
HUN,1979,NA,7439.6297011815
HUN,1980,NA,7449.65812166571
HUN,1981,NA,7662.70144236149
HUN,1982,NA,7885.05261050813
HUN,1983,NA,7954.00002686898
HUN,1984,NA,8181.77633009897
HUN,1985,NA,8175.92509236057
HUN,1986,NA,8315.59393637145
HUN,1987,NA,8667.00868003896
HUN,1988,NA,8674.6380057812
HUN,1989,NA,8834.20130102688
HUN,1990,NA,8613.83221773283
HUN,1991,4164.4571481259,7589.9019679997
HUN,1992,4239.90386643055,7360.21365612239
HUN,1993,4430.51772016455,7326.16050730217
HUN,1994,4456.73916752679,7552.40467422539
HUN,1995,4135.73492892417,7675.57817108924
HUN,1996,4041.62967356329,7695.11053742504
HUN,1997,4132.13867258049,7952.98313173573
HUN,1998,4341.96488672997,8282.39885965651
HUN,1999,4644.01398848583,8560.96909441129
HUN,2000,4800.48976215885,8967.69626924063
HUN,2001,5029.85768201443,9354.48075090137
HUN,2002,5441.85338925046,9825.94319858403
HUN,2003,5915.35380925045,10255.6101131603
HUN,2004,6047.90990200679,10792.7374278506
HUN,2005,6232.86129932566,11278.6160255559
HUN,2006,6338.33663147708,11741.9476769178
HUN,2007,6414.29044965394,11792.7712897392
HUN,2008,6343.49600554635,11932.0383995535
HUN,2009,5926.21965318524,11162.0559722742
HUN,2010,5865.88360243279,11307.7161991209
HUN,2011,5932.91026317797,11551.4989289342
HUN,2012,5830.09325172025,11466.1419094704
HUN,2013,5837.88436396047,11705.0092523564
HUN,2014,5994.8316743252,12233.299367172
HUN,2015,6236.60686767895,12717.038597002
HUN,2016,6549.96204580945,13035.3528590909
HUN,2017,6896.2468824084,13628.4044885706
HUN,2018,7257.69224648698,14377.4241602939
HUN,2019,7623.80633689381,15083.5991718742
HUN,2020,7551.68461620231,14437.8088480852
HUN,2021,7930.09222725288,15521.3815852251
HUN,2022,8547.06313721705,16343.0586949566
HUN,2023,8420.82918611522,16282.830349083
IBD,1960,NA,982.108527882549
IBD,1961,NA,982.341183296093
IBD,1962,NA,994.935707057915
IBD,1963,NA,1017.76518604551
IBD,1964,NA,1076.12692514647
IBD,1965,NA,1117.28843277355
IBD,1966,NA,1152.82649185716
IBD,1967,NA,1173.32904588145
IBD,1968,NA,1219.66644721378
IBD,1969,NA,1285.94025564704
IBD,1970,NA,1353.19675524242
IBD,1971,NA,1403.12837926207
IBD,1972,NA,1463.89475611309
IBD,1973,NA,1533.55025710808
IBD,1974,NA,1588.50305819576
IBD,1975,NA,1629.54708622777
IBD,1976,NA,1698.84861086053
IBD,1977,NA,1744.98530824954
IBD,1978,NA,1783.1149746078
IBD,1979,NA,1835.06651823798
IBD,1980,NA,1892.89438805005
IBD,1981,NA,1898.5279190647
IBD,1982,NA,1915.86247537112
IBD,1983,NA,1911.80983198032
IBD,1984,NA,1968.6988428889
IBD,1985,NA,2018.47225951789
IBD,1986,NA,2057.27203736816
IBD,1987,NA,2117.08789968577
IBD,1988,NA,2161.85359486732
IBD,1989,NA,2190.72412412785
IBD,1990,NA,2194.8007401155
IBD,1991,NA,2183.29314070812
IBD,1992,NA,2182.89721312807
IBD,1993,NA,2230.03891464426
IBD,1994,NA,2277.36167667773
IBD,1995,1251.65103358257,2335.3228154706
IBD,1996,1309.15962595197,2428.85132261826
IBD,1997,1354.07135975705,2524.36419440064
IBD,1998,1369.24713389092,2557.26995166057
IBD,1999,1391.07219029461,2619.00235775679
IBD,2000,1453.97625308774,2739.45666742088
IBD,2001,1485.27637457432,2805.05619099428
IBD,2002,1527.34963417272,2900.04810099201
IBD,2003,1577.86429891025,3038.50870779101
IBD,2004,1659.50758681339,3234.46937965401
IBD,2005,1753.94454595459,3429.38281948065
IBD,2006,1858.35708905181,3674.90583723127
IBD,2007,1994.47596264785,3963.47954193394
IBD,2008,2089.31786330348,4155.01327066187
IBD,2009,2119.8775825793,4226.65186034712
IBD,2010,2254.76170162044,4510.67213097232
IBD,2011,2415.4233848727,4748.83879036163
IBD,2012,2530.44105373965,4953.29523978093
IBD,2013,2642.29580472394,5154.61263284869
IBD,2014,2739.87529618499,5345.52517843562
IBD,2015,2818.60147476601,5525.00490743408
IBD,2016,2918.77110238318,5721.93630321402
IBD,2017,3061.74464713851,5965.97090074166
IBD,2018,3193.81306897015,6207.03315947399
IBD,2019,3299.7745935214,6402.50874761321
IBD,2020,3154.16150846162,6274.00736433143
IBD,2021,3430.12746705425,6710.62682633871
IBD,2022,3543.35568046067,6917.48287612115
IBD,2023,NA,7198.59762998782
IBT,1960,NA,946.230901312041
IBT,1961,NA,944.281198665959
IBT,1962,NA,959.241686034605
IBT,1963,NA,981.12414073337
IBT,1964,NA,1031.82368694049
IBT,1965,NA,1067.97175875687
IBT,1966,NA,1095.21077969018
IBT,1967,NA,1103.94457932702
IBT,1968,NA,1143.23722213865
IBT,1969,NA,1206.19535023757
IBT,1970,NA,1269.43565314779
IBT,1971,NA,1316.30785945501
IBT,1972,NA,1363.80655053972
IBT,1973,NA,1422.18204133617
IBT,1974,NA,1474.37728326034
IBT,1975,NA,1500.84943877439
IBT,1976,NA,1561.24564177951
IBT,1977,NA,1600.31351243282
IBT,1978,NA,1627.0825012564
IBT,1979,NA,1668.94857711331
IBT,1980,NA,1715.43315776895
IBT,1981,NA,1712.43747860427
IBT,1982,NA,1719.35702635341
IBT,1983,NA,1707.78166895097
IBT,1984,NA,1749.47945598153
IBT,1985,NA,1790.05048112798
IBT,1986,NA,1819.79523748776
IBT,1987,NA,1867.29082839371
IBT,1988,NA,1905.04958838881
IBT,1989,NA,1925.29304547944
IBT,1990,NA,1928.75628025879
IBT,1991,NA,1916.31748767036
IBT,1992,NA,1912.64189033048
IBT,1993,NA,1944.26660040894
IBT,1994,NA,1975.95948278069
IBT,1995,1117.10292139132,2020.34135014302
IBT,1996,1164.97138367148,2094.6993013395
IBT,1997,1200.09662217311,2168.63223879998
IBT,1998,1212.67551889378,2192.71030757092
IBT,1999,1229.59011122029,2238.32504556602
IBT,2000,1277.46745206142,2331.37680672446
IBT,2001,1302.21264731475,2381.41452227892
IBT,2002,1333.53142664269,2456.66459588038
IBT,2003,1373.85720924501,2564.21542705971
IBT,2004,1440.67842831877,2719.59153389004
IBT,2005,1519.90277608906,2872.66281709973
IBT,2006,1601.57303001828,3063.45041693876
IBT,2007,1710.17110475789,3285.57014298437
IBT,2008,1783.2428998585,3430.87743259209
IBT,2009,1804.32595730297,3485.20071867656
IBT,2010,1908.90576908126,3702.85966798352
IBT,2011,2030.67854546465,3879.73762617111
IBT,2012,2117.46466302038,4029.0961147455
IBT,2013,2202.20923888566,4182.85171265219
IBT,2014,2276.06617990922,4328.67419612881
IBT,2015,2334.28392999772,4458.11083061724
IBT,2016,2409.52451341241,4598.74856082386
IBT,2017,2516.18719791282,4775.35215903746
IBT,2018,2615.40283937206,4949.11504948694
IBT,2019,2694.35598380216,5086.08737566945
IBT,2020,2570.4157155508,4965.67182896473
IBT,2021,2777.23440443534,5276.4177680915
IBT,2022,2859.82346213549,5417.47910597358
IBT,2023,2951.71172258189,5606.7577610505105
IDA,1960,NA,727.080088597081
IDA,1961,NA,717.709194879894
IDA,1962,NA,741.250886841518
IDA,1963,NA,757.786262073536
IDA,1964,NA,774.786289031383
IDA,1965,NA,788.903704988892
IDA,1966,NA,782.109489311202
IDA,1967,NA,744.8656545501
IDA,1968,NA,754.531914505113
IDA,1969,NA,800.343584778813
IDA,1970,NA,843.643872702441
IDA,1971,NA,875.308176606111
IDA,1972,NA,869.324199824472
IDA,1973,NA,881.772318797383
IDA,1974,NA,921.127329238436
IDA,1975,NA,893.299103967789
IDA,1976,NA,918.144160551241
IDA,1977,NA,930.78760705658
IDA,1978,NA,917.606606416703
IDA,1979,NA,923.789352061307
IDA,1980,NA,930.191854674402
IDA,1981,NA,901.263268568707
IDA,1982,NA,875.648656776339
IDA,1983,NA,844.239974516052
IDA,1984,NA,835.157868688415
IDA,1985,NA,846.162551312844
IDA,1986,NA,848.262186598098
IDA,1987,NA,855.903306356394
IDA,1988,NA,872.496919462082
IDA,1989,NA,868.805050856561
IDA,1990,NA,878.693919823029
IDA,1991,NA,872.485978408286
IDA,1992,NA,867.542098744963
IDA,1993,732.020897860803,852.281706738542
IDA,1994,707.194980392501,837.839125370535
IDA,1995,736.2738994426,845.223459704047
IDA,1996,757.35396667034,863.187456336944
IDA,1997,759.2529569682,872.995624683103
IDA,1998,777.179562455681,880.555521734995
IDA,1999,786.468416036087,884.095095475373
IDA,2000,777.02602201779,896.824030463964
IDA,2001,790.679944516762,910.503413298198
IDA,2002,789.70335039159,937.12652278257406
IDA,2003,807.592261388536,959.83440787819
IDA,2004,838.25728664283,999.94139630421
IDA,2005,887.93378454132,1036.99202862369
IDA,2006,900.274567126206,1074.02292495603
IDA,2007,931.397674171188,1110.55647257664
IDA,2008,945.494855954787,1139.00172724194
IDA,2009,951.916751143802,1169.17281679072
IDA,2010,972.474615811824,1212.68776113399
IDA,2011,979.435098059269,1234.63606512314
IDA,2012,991.304274793627,1248.62016417175
IDA,2013,1004.76499166268,1287.81801279907
IDA,2014,1022.22727072305,1330.35812460173
IDA,2015,1036.31429180334,1346.69693190726
IDA,2016,1057.98801235816,1361.33964634057
IDA,2017,1077.67213484966,1385.3169668523
IDA,2018,1107.72377425938,1414.31962392947
IDA,2019,1140.35356933918,1438.67501370204
IDA,2020,1102.03884855797,1395.10937298767
IDA,2021,1148.5667262515,1426.0223838926
IDA,2022,1186.91600852179,1456.36449637398
IDA,2023,1192.20520956604,1471.15312062426
IDB,1960,NA,966.193322060022
IDB,1961,NA,955.341489229014
IDB,1962,NA,971.775724173057
IDB,1963,NA,1021.90922204269
IDB,1964,NA,1047.36955170984
IDB,1965,NA,1079.02865528622
IDB,1966,NA,1050.48230243737
IDB,1967,NA,945.445746656683
IDB,1968,NA,942.709819458129
IDB,1969,NA,1060.44383091727
IDB,1970,NA,1214.97072977527
IDB,1971,NA,1307.47937351
IDB,1972,NA,1324.1120209835
IDB,1973,NA,1360.5331642258
IDB,1974,NA,1434.65134481978
IDB,1975,NA,1366.65415670387
IDB,1976,NA,1411.49077182996
IDB,1977,NA,1442.14717428845
IDB,1978,NA,1393.55979059569
IDB,1979,NA,1429.84885019833
IDB,1980,NA,1455.35488924596
IDB,1981,NA,1348.13890169408
IDB,1982,NA,1290.87420794749
IDB,1983,NA,1216.32009957564
IDB,1984,NA,1201.20248011327
IDB,1985,NA,1236.3762021575
IDB,1986,NA,1234.17816102024
IDB,1987,NA,1242.60848556218
IDB,1988,NA,1282.98398371914
IDB,1989,NA,1284.57527386351
IDB,1990,NA,1326.74857349663
IDB,1991,NA,1314.41561028114
IDB,1992,NA,1317.8779401942
IDB,1993,NA,1280.33432112655
IDB,1994,NA,1258.53458448768
IDB,1995,NA,1250.39764210211
IDB,1996,NA,1273.38935944072
IDB,1997,NA,1265.52911535167
IDB,1998,NA,1266.37448404682
IDB,1999,NA,1260.37816891582
IDB,2000,NA,1274.50549100953
IDB,2001,NA,1295.45587076922
IDB,2002,NA,1351.1650957417
IDB,2003,NA,1384.48694828414
IDB,2004,NA,1452.47339416574
IDB,2005,NA,1504.59961011045
IDB,2006,NA,1553.45054387159
IDB,2007,NA,1598.2886079132
IDB,2008,NA,1621.28446739744
IDB,2009,NA,1673.84884772875
IDB,2010,NA,1728.13675098703
IDB,2011,NA,1763.81961033652
IDB,2012,NA,1799.34816073442
IDB,2013,NA,1858.25072155241
IDB,2014,NA,1921.9582853593
IDB,2015,NA,1953.90145153229
IDB,2016,NA,1956.34395068744
IDB,2017,NA,1967.76430140994
IDB,2018,NA,2003.11970420862
IDB,2019,NA,2020.17505380443
IDB,2020,NA,1950.44151018836
IDB,2021,NA,2010.83475762807
IDB,2022,NA,2056.12993063896
IDB,2023,NA,2069.10600928821
IDN,1960,321.415672747663,597.734506719811
IDN,1961,337.074979356345,614.678000375415
IDN,1962,350.58358298512,608.672830771216
IDN,1963,327.344540952147,578.480952879993
IDN,1964,320.618986268034,582.039622031283
IDN,1965,320.074614975155,573.64247409656
IDN,1966,308.022445545903,575.863301591243
IDN,1967,326.639361155813,568.830963825424
IDN,1968,346.974474112511,614.066837177306
IDN,1969,357.35898717976,638.076485720282
IDN,1970,357.507216676623,667.649761244456
IDN,1971,363.520184665641,695.446971525808
IDN,1972,377.866768138294,724.833992085434
IDN,1973,378.252578609324,763.256635981651
IDN,1974,419.65107479283,800.654080305011
IDN,1975,426.087246114377,819.538910891991
IDN,1976,441.402368352414,854.398567409728
IDN,1977,459.37388421497,906.717766424116
IDN,1978,484.677086057237,944.755242986209
IDN,1979,535.018307965537,989.678300392173
IDN,1980,588.929207929215,1061.79178943986
IDN,1981,670.753411786134,1119.39911024884
IDN,1982,680.874242429441,1118.38320743427
IDN,1983,715.28324187998,1139.00630127417
IDN,1984,723.84181974883,1191.59058776125
IDN,1985,714.496491193742,1195.12311552225
IDN,1986,717.731613454108,1240.06475653881
IDN,1987,726.823920910662,1276.13232000562
IDN,1988,741.15547042374,1324.37572957225
IDN,1989,754.944006454207,1396.69970912512
IDN,1990,817.13002649962,1470.91822263911
IDN,1991,861.782286270377,1544.99580900182
IDN,1992,871.149450702984,1617.10954878136
IDN,1993,906.370799165697,1693.10742608086
IDN,1994,960.977451751358,1790.32729969007
IDN,1995,1064.06928122302,1905.54236118211
IDN,1996,1148.45288427731,2020.99148139905
IDN,1997,1218.29223952195,2081.84166947239
IDN,1998,1125.21629269422,1780.20049551406
IDN,1999,1159.78512865625,1767.51466736224
IDN,2000,1161.38914961483,1828.10265975051
IDN,2001,1185.40135404284,1868.59172314131
IDN,2002,1214.29658949664,1926.37435875198
IDN,2003,1244.97750512463,1991.91820513763
IDN,2004,1290.3129372341,2065.70617478401
IDN,2005,1324.21378685856,2155.44780167098
IDN,2006,1348.24831523699,2244.08022270233
IDN,2007,1397.17441635337,2355.15285661899
IDN,2008,1452.75957078827,2464.60193427292
IDN,2009,1504.16949136296,2546.21969717085
IDN,2010,1555.72852135965,2670.81290999304
IDN,2011,1613.7145052755,2799.62468800564
IDN,2012,1680.97454614081,2930.51844543024
IDN,2013,1751.19993198748,3055.2424601765
IDN,2014,1822.18491829151,3170.72103023033
IDN,2015,1889.08452815745,3288.22269737572
IDN,2016,1963.17227485417,3416.81005183476
IDN,2017,2040.00779618769,3553.51999275326
IDN,2018,2124.10223741663,3701.32155475457
IDN,2019,2212.91942349228,3850.90321753072
IDN,2020,2135.69429126188,3739.44906576846
IDN,2021,2163.23260791114,3850.68877267995
IDN,2022,2253.5571326086,4024.92074265014
IDN,2023,2344.85039491788,4192.62390181339
IDX,1960,NA,NA
IDX,1961,NA,624.550420320283
IDX,1962,NA,652.557640970201
IDX,1963,NA,652.47937976674
IDX,1964,NA,665.698648446705
IDX,1965,NA,671.283411775829
IDX,1966,NA,675.213340084265
IDX,1967,NA,671.094756869197
IDX,1968,NA,687.351736414167
IDX,1969,NA,698.431866368712
IDX,1970,NA,686.795720582399
IDX,1971,NA,688.495705909434
IDX,1972,NA,670.332924046166
IDX,1973,NA,670.808965145337
IDX,1974,NA,693.515428209795
IDX,1975,NA,684.026484654513
IDX,1976,NA,698.392112137378
IDX,1977,NA,700.812508169518
IDX,1978,NA,703.649716022932
IDX,1979,NA,693.383588718156
IDX,1980,NA,686.913595205409
IDX,1981,NA,693.517042793305
IDX,1982,NA,681.706348758268
IDX,1983,NA,670.809337490863
IDX,1984,NA,664.040936511996
IDX,1985,NA,662.066470718959
IDX,1986,NA,665.276686002841
IDX,1987,NA,671.579434399145
IDX,1988,NA,674.44909952528
IDX,1989,NA,666.526465559123
IDX,1990,NA,657.522614167977
IDX,1991,NA,653.143775700878
IDX,1992,NA,643.409415991681
IDX,1993,NA,639.673197322966
IDX,1994,NA,628.92112149765
IDX,1995,NA,644.301458072405
IDX,1996,NA,659.659465048868
IDX,1997,NA,678.499026465586
IDX,1998,NA,689.372972951275
IDX,1999,NA,697.661509919039
IDX,2000,572.409916178753,709.310189418583
IDX,2001,582.745943454624,718.717467672996
IDX,2002,589.748805953656,730.320760092057
IDX,2003,607.961759319602,747.550723813962
IDX,2004,628.763314018728,773.05045517084
IDX,2005,657.766535515723,802.110233117409
IDX,2006,671.161042000409,832.907124161438
IDX,2007,699.105715064504,864.611222820803
IDX,2008,720.133720304106,895.107218533839
IDX,2009,731.589607230495,913.007810103633
IDX,2010,755.092098674867,950.162581743355
IDX,2011,752.729419699074,964.521128381712
IDX,2012,753.791329118093,967.273576597433
IDX,2013,761.955200992305,996.154763664708
IDX,2014,767.95072320803,1028.00745879721
IDX,2015,769.474214334705,1036.87089667356
IDX,2016,776.7857178465,1058.67800837567
IDX,2017,783.857275818128,1089.99269221314
IDX,2018,798.70484933004,1116.71117541596
IDX,2019,821.704640799505,1145.84268579509
IDX,2020,799.541197012865,1116.41697745071
IDX,2021,821.820214732658,1133.3205862878
IDX,2022,841.889612887798,1156.96961117473
IDX,2023,839.312072705502,1173.82062956165
IMN,1960,NA,NA
IMN,1961,NA,NA
IMN,1962,NA,NA
IMN,1963,NA,NA
IMN,1964,NA,NA
IMN,1965,NA,NA
IMN,1966,NA,NA
IMN,1967,NA,NA
IMN,1968,NA,NA
IMN,1969,NA,NA
IMN,1970,NA,NA
IMN,1971,NA,NA
IMN,1972,NA,NA
IMN,1973,NA,NA
IMN,1974,NA,NA
IMN,1975,NA,NA
IMN,1976,NA,NA
IMN,1977,NA,NA
IMN,1978,NA,NA
IMN,1979,NA,NA
IMN,1980,NA,NA
IMN,1981,NA,NA
IMN,1982,NA,NA
IMN,1983,NA,NA
IMN,1984,NA,18303.4356649234
IMN,1985,NA,18416.3589164412
IMN,1986,NA,21835.2224329301
IMN,1987,NA,23666.1501333527
IMN,1988,NA,26035.8540320139
IMN,1989,NA,27362.5680646573
IMN,1990,NA,28042.4441205102
IMN,1991,NA,28128.448581891502
IMN,1992,NA,28133.8324364624
IMN,1993,NA,28694.4160940259
IMN,1994,NA,29676.1422111499
IMN,1995,NA,30802.8930909929
IMN,1996,NA,32928.8324560471
IMN,1997,NA,35337.9128286621
IMN,1998,NA,39591.5712572814
IMN,1999,NA,44456.4562710624
IMN,2000,NA,46274.9709691403
IMN,2001,NA,48252.7638498277
IMN,2002,NA,50714.5824703383
IMN,2003,NA,53224.3527757804
IMN,2004,NA,55464.0220993356
IMN,2005,NA,58201.5990838178
IMN,2006,NA,62075.7601604994
IMN,2007,NA,66029.9755907183
IMN,2008,NA,68520.6825624937
IMN,2009,NA,69192.0258221691
IMN,2010,NA,70747.8417587183
IMN,2011,NA,71727.5055082703
IMN,2012,NA,77009.2973015086
IMN,2013,NA,80383.8276154987
IMN,2014,NA,84778.5809973472
IMN,2015,NA,84753.5187422732
IMN,2016,NA,90783.7654107394
IMN,2017,NA,93200.3109184264
IMN,2018,NA,95040.4055536796
IMN,2019,NA,95110.1388679513
IMN,2020,NA,86595.0674507157
IMN,2021,NA,89873.5421403346
IMN,2022,NA,NA
IMN,2023,NA,NA
IND,1960,268.758126279528,312.777847830375
IND,1961,266.867479976006,316.739644666886
IND,1962,264.007434464745,318.381945824671
IND,1963,267.478906589731,329.641494853773
IND,1964,276.897333415824,346.011883334459
IND,1965,270.973236274991,329.392574458486
IND,1966,268.683983147793,322.241317768205
IND,1967,277.85514307791,340.080025744959
IND,1968,279.092903742517,344.128288078914
IND,1969,283.406055368147,358.966799420621
IND,1970,286.597341281024,369.192480654411
IND,1971,285.770100714331,367.03330975615
IND,1972,281.438503712702,357.07792916052
IND,1973,281.928706267476,360.637844062503
IND,1974,275.310340562644,356.615069643548
IND,1975,284.154209429132,380.159941374693
IND,1976,283.081330342082,377.496025412265
IND,1977,299.026800973306,395.443306821969
IND,1978,310.079563490952,408.516944405283
IND,1979,296.156762720099,378.219592785732
IND,1980,315.206030084366,394.182239918298
IND,1981,321.274509463985,408.153549798956
IND,1982,317.001928612642,412.596737107488
IND,1983,333.703265112432,432.429235395483
IND,1984,335.361429792421,438.541705524351
IND,1985,341.322048974605,450.966703866791
IND,1986,344.058848718989,461.725611478711
IND,1987,347.826609536612,469.209956302852
IND,1988,361.313474061543,502.937342176693
IND,1989,370.862366656569,521.073383845828
IND,1990,378.946808605232,537.870269533789
IND,1991,378.820044827781,531.898397841583
IND,1992,380.399687749743,549.235069966802
IND,1993,388.687191911485,563.372872328964
IND,1994,399.330102623765,588.727892188017
IND,1995,415.198384713031,620.699954330379
IND,1996,438.623741135844,654.355928429641
IND,1997,442.940782025212,667.598423095039
IND,1998,462.692374468043,695.293709344799
IND,1999,481.573741260632,742.53920839445
IND,2000,488.86333149981,756.704109527449
IND,2001,508.365830741039,778.507377528365
IND,2002,513.571318342575,793.615912906381
IND,2003,534.648339398307,841.278894571674
IND,2004,552.797705469383,892.596614581612
IND,2005,584.400390287278,947.732565646672
IND,2006,603.727785882033,1008.23275343783
IND,2007,638.007559471599,1069.24696813025
IND,2008,656.893400221884,1086.50605251513
IND,2009,679.841135331439,1155.10163274172
IND,2010,715.052047713627,1235.15939133951
IND,2011,757.316863026267,1281.61054354933
IND,2012,787.848389180441,1333.09626557668
IND,2013,834.194597224675,1399.4537980287
IND,2014,876.407743432173,1484.31640682913
IND,2015,934.674245995534,1583.99815907985
IND,2016,998.692521227021,1694.46534973825
IND,2017,1048.73742126096,1788.69770318446
IND,2018,1110.83188085603,1883.35772705062
IND,2019,1156.16158300263,1936.03067741067
IND,2020,1084.39939055711,1806.50110583878
IND,2021,1201.10046879912,1965.30943437506
IND,2022,1272.32888432583,2086.07688562779
IND,2023,1311.91519242111,2236.31279250417
IRL,1960,NA,8532.59719329719
IRL,1961,NA,8973.93149242252
IRL,1962,NA,9224.52397334831
IRL,1963,NA,9605.96813284565
IRL,1964,NA,9921.30323312328
IRL,1965,NA,10075.342598068
IRL,1966,NA,10124.8576702506
IRL,1967,NA,10660.2806162666
IRL,1968,NA,11487.2596376639
IRL,1969,NA,12089.9471139118
IRL,1970,7406.27927635155,12308.3572872703
IRL,1971,7557.14091451969,12587.3198217504
IRL,1972,7828.99273062754,13206.4718187808
IRL,1973,8257.47638789146,13609.9593559512
IRL,1974,8255.1850557048,13956.6328466488
IRL,1975,8187.40470981824,14505.4696949899
IRL,1976,8293.00793766092,14487.4975064205
IRL,1977,8735.30295767225,15466.2310911941
IRL,1978,9396.92629285469,16344.2016973105
IRL,1979,9683.69926489452,16623.5099267152
IRL,1980,9613.95455533098,16939.3355841216
IRL,1981,9663.43859929669,17298.8386542409
IRL,1982,8896.90147855215,17527.3600792384
IRL,1983,8909.30570753218,17361.0241024495
IRL,1984,9032.19182714105,18005.0626039506
IRL,1985,9431.76898603062,18530.9426925293
IRL,1986,9617.23331197821,18443.1867640097
IRL,1987,9935.94762163334,19301.208298541
IRL,1988,10426.1037275483,20395.2738487724
IRL,1989,11149.8286047705,21666.7232832664
IRL,1990,11297.8953081086,23481.3128567371
IRL,1991,11435.870810211,23797.2065983241
IRL,1992,11685.9928570596,24425.5975112538
IRL,1993,11965.6166138719,24958.2197097899
IRL,1994,12438.6691509639,26290.9316540796
IRL,1995,12801.592487623,28676.510604152
IRL,1996,13573.0439771714,30550.0360829405
IRL,1997,14361.3182111412,33578.7616121473
IRL,1998,15340.2690003024,36143.3422357798
IRL,1999,16606.9768278329,39501.3763778575
IRL,2000,18090.6344865962,42643.6343965079
IRL,2001,18647.8236083243,44196.9159835327
IRL,2002,19002.8966827776,46022.1410834443
IRL,2003,19217.8071933642,46643.1579569282
IRL,2004,19589.9704249602,48906.963231587
IRL,2005,20514.0300274301,50599.6045007359
IRL,2006,21243.7864917865,51710.362231689
IRL,2007,22015.9507617354,52904.4732788865
IRL,2008,21612.877609057,49512.4261970583
IRL,2009,20255.4574128895,46514.5426215055
IRL,2010,20206.2522069095,47040.3543858023
IRL,2011,19847.0337888334,47607.8852921203
IRL,2012,19630.7542887996,47217.4433846332
IRL,2013,19591.6397053467,47999.1237980737
IRL,2014,19974.6124469518,52098.1049579337
IRL,2015,20458.7310164384,64311.8234684057
IRL,2016,21203.5977274015,64367.4069016353
IRL,2017,21516.4238002416,70069.0995778991
IRL,2018,22060.6130262588,74427.5520727589
IRL,2019,22297.8108622202,77117.1897861686
IRL,2020,19687.663156539,81791.0934649925
IRL,2021,21149.5944234192,94184.0378160321
IRL,2022,22534.2130373476,99677.473101993
IRL,2023,22612.5345388469,91647.7688541174
IRN,1960,863.972868618621,2345.11087212964
IRN,1961,841.554032384573,2512.11791006453
IRN,1962,832.748336694085,2629.72819341092
IRN,1963,817.277399536197,2729.80655122362
IRN,1964,764.231689272123,2870.38012579818
IRN,1965,774.591356788707,3255.50135774215
IRN,1966,819.679579541167,3518.61621818272
IRN,1967,879.356480823642,3797.07696677173
IRN,1968,841.19414455889,4215.93673234612
IRN,1969,881.710259671453,4726.09252157202
IRN,1970,943.525980939273,5085.75681676835
IRN,1971,1050.71599521528,5612.36301510843
IRN,1972,1077.7157592787,6240.70077372589
IRN,1973,1185.75274902909,6511.65454254454
IRN,1974,1406.70053439193,6688.44521322136
IRN,1975,1794.38492495176,6468.1223948876
IRN,1976,1735.14021629175,7422.12860861166
IRN,1977,1801.71225798858,6996.18431406878
IRN,1978,1779.15042234344,5901.81296035876
IRN,1979,1777.46652361985,5016.91486789934
IRN,1980,1636.19269770233,3793.35429688212
IRN,1981,1598.24869223921,3394.34358172067
IRN,1982,1626.18163440865,3965.27550470444
IRN,1983,1789.95878595189,4236.71681089405
IRN,1984,1816.59351437949,3788.977628582
IRN,1985,1781.0422497703,3720.53262273169
IRN,1986,1542.62265577428,3234.88543131802
IRN,1987,1397.2224245062,3115.61803177017
IRN,1988,1363.11592412316,2833.18757791547
IRN,1989,1327.32719791963,2920.36931132344
IRN,1990,1563.83780382165,3222.20102704478
IRN,1991,1658.35141152321,3534.65396419326
IRN,1992,1700.22017236469,3579.73221786542
IRN,1993,1747.28714831594,3514.51966573319
IRN,1994,1667.0576225673,3448.25956880387
IRN,1995,1548.61180103416,3492.17204968494
IRN,1996,1592.936475297,3674.0326860468
IRN,1997,1705.65286261723,3679.27534912763
IRN,1998,1732.06713390737,3704.56563043005
IRN,1999,1709.17946720553,3725.31745830681
IRN,2000,1862.65649652338,3885.30183362976
IRN,2001,1946.30444980059,3917.29935490307
IRN,2002,2144.35874348843,4198.95356080112
IRN,2003,2152.8738951797,4511.4313402737
IRN,2004,2292.89772925844,4607.45169101785
IRN,2005,2402.24882380679,4650.3584147747
IRN,2006,2528.77522330668,4778.79345868067
IRN,2007,2805.05931850209,5084.71796041484
IRN,2008,2672.13356676448,5035.94008526563
IRN,2009,2693.7680487971,5023.89314380531
IRN,2010,2776.42537337815,5249.06133359393
IRN,2011,2862.82334981229,5321.75870744451
IRN,2012,2773.99422535833,5058.64637811833
IRN,2013,2710.71057452106,4916.97291948474
IRN,2014,2692.2210105244,5093.20319702186
IRN,2015,2645.82906243317,4952.73355532178
IRN,2016,2720.62236101546,5312.61724954192
IRN,2017,2723.39383099676,5381.18709991831
IRN,2018,2640.27419103797,5215.34606957702
IRN,2019,2488.01965148406,5000.98599002449
IRN,2020,2482.36947459467,5127.95975696418
IRN,2021,2558.03067099706,5325.54680453553
IRN,2022,2746.85555613495,5460.69457075433
IRN,2023,2825.93060307733,5667.52647829172
IRQ,1960,NA,997.925581506414
IRQ,1961,NA,1045.35159413524
IRQ,1962,NA,1061.12493114338
IRQ,1963,NA,1051.08048848022
IRQ,1964,NA,1167.09649202161
IRQ,1965,NA,1249.76156739787
IRQ,1966,NA,1268.03983724558
IRQ,1967,NA,1117.05793442321
IRQ,1968,NA,1290.03189560145
IRQ,1969,NA,1286.79354274415
IRQ,1970,NA,1299.35892720761
IRQ,1971,NA,1322.70187022675
IRQ,1972,NA,1325.75580274961
IRQ,1973,NA,1337.44392023958
IRQ,1974,NA,1501.23712514077
IRQ,1975,NA,1633.76336398088
IRQ,1976,NA,1852.73076542326
IRQ,1977,NA,1826.17052819415
IRQ,1978,NA,2066.87426184461
IRQ,1979,NA,2419.11515236455
IRQ,1980,NA,2924.31916822628
IRQ,1981,NA,2817.12121531585
IRQ,1982,NA,2833.0144210139
IRQ,1983,NA,2390.54919750291
IRQ,1984,NA,2282.72261735824
IRQ,1985,NA,2260.8763214908
IRQ,1986,NA,2308.44327504947
IRQ,1987,NA,2454.9950238006
IRQ,1988,NA,2398.23797711999
IRQ,1989,NA,2262.47044477723
IRQ,1990,NA,3526.57925126853
IRQ,1991,NA,1254.63057385597
IRQ,1992,NA,1615.03903542774
IRQ,1993,NA,2005.56353164115
IRQ,1994,NA,1985.79691950682
IRQ,1995,NA,1961.09255088499
IRQ,1996,NA,2108.82328338114
IRQ,1997,NA,2478.84310444349
IRQ,1998,NA,3242.95733892317
IRQ,1999,NA,3691.7405134218898
IRQ,2000,NA,4172.78025105244
IRQ,2001,NA,4116.09405320279
IRQ,2002,NA,3660.92527507177
IRQ,2003,NA,2250.06990123369
IRQ,2004,NA,3354.26588756715
IRQ,2005,NA,3310.86344473993
IRQ,2006,NA,3471.98744698568
IRQ,2007,1881.98380625225,3565.58054079041
IRQ,2008,1871.51919608767,3781.78001712762
IRQ,2009,2312.44736601223,3768.17284328983
IRQ,2010,2308.02077317449,3881.94327045302
IRQ,2011,2233.65017360894,4030.01686860986
IRQ,2012,2672.81784024905,4387.90469058707
IRQ,2013,2610.83378073549,4504.82687537354
IRQ,2014,2612.65304483138,4446.97343234862
IRQ,2015,2472.22903585524,4440.14189252367
IRQ,2016,2480.85549975988,4932.9272911439
IRQ,2017,2467.9878064882,4736.32710809857
IRQ,2018,2465.5570995104,4749.00921836896
IRQ,2019,2447.78416995158,4898.14897652181
IRQ,2020,2262.4721826005,4213.99843766061
IRQ,2021,2269.11318388664,4182.50064045825
IRQ,2022,2276.44561251478,4399.948027123
IRQ,2023,NA,4175.70315667132
ISL,1960,NA,13502.265919441399
ISL,1961,NA,13231.8685601414
ISL,1962,NA,14068.8892637073
ISL,1963,NA,15241.6168825956
ISL,1964,NA,16452.6739063868
ISL,1965,NA,17349.8863359957
ISL,1966,NA,18551.2834195154
ISL,1967,NA,18024.3111033747
ISL,1968,NA,16801.9046614388
ISL,1969,NA,17044.2870368683
ISL,1970,NA,18219.7032993357
ISL,1971,NA,20433.4333427239
ISL,1972,NA,21380.4118679382
ISL,1973,NA,22493.5427152219
ISL,1974,NA,23457.5710769044
ISL,1975,NA,23309.1267111711
ISL,1976,NA,24454.198609719
ISL,1977,NA,26414.2474392372
ISL,1978,NA,27785.7899973431
ISL,1979,NA,28852.6382864911
ISL,1980,NA,30189.6890090305
ISL,1981,NA,31120.2965196462
ISL,1982,NA,31368.7118801277
ISL,1983,NA,30290.1976549156
ISL,1984,NA,31207.2163168676
ISL,1985,NA,31981.9145307433
ISL,1986,NA,33739.276129427
ISL,1987,NA,36223.5564297017
ISL,1988,NA,35628.6396325007
ISL,1989,NA,35281.0820917833
ISL,1990,19710.8920065722,35417.1490966556
ISL,1991,20069.7574747291,34930.7276057715
ISL,1992,19177.783442396,33330.7146821937
ISL,1993,18102.8810362005,33426.874442296
ISL,1994,18462.4097941618,34334.2872064646
ISL,1995,18759.5086139286,34188.3505876665
ISL,1996,19597.2276749871,35557.277250986
ISL,1997,20659.630068837,37302.6680254519
ISL,1998,22847.7017900898,39622.6069816837
ISL,1999,24216.3227813706,40725.886035875
ISL,2000,24830.2856076127,42174.6650584696
ISL,2001,23818.9529002743,43288.0763046335
ISL,2002,23436.1887313827,43143.4605797013
ISL,2003,24656.6213854559,43763.7756121132
ISL,2004,26188.3157621224,46766.0168708212
ISL,2005,28783.759550457,48850.7658634924
ISL,2006,29198.3055253475,50731.6906881712
ISL,2007,30352.7894232419,53646.3690202759
ISL,2008,27798.616269756,53821.47082221
ISL,2009,24241.2253288189,49527.3988280929
ISL,2010,24212.5902664247,48193.7014041013
ISL,2011,24656.2209019846,48933.5456614347
ISL,2012,24971.6578697206,49191.574417162
ISL,2013,25000.8357209854,50946.8162625339
ISL,2014,25442.5909585454,51233.2440468041
ISL,2015,26308.3978504573,52951.6815110898
ISL,2016,27692.8514779388,55513.6423015865
ISL,2017,29205.5027914478,56501.4576788793
ISL,2018,29807.057630174,57697.8044237427
ISL,2019,29667.6889457752,57493.4195335925
ISL,2020,28283.2702896428,52641.7234828803
ISL,2021,29756.1762273281,54506.7280464878
ISL,2022,31425.3775658451,57933.4748261586
ISL,2023,30657.7944530911,59096.4444709589
ISR,1960,NA,8756.37329946438
ISR,1961,NA,9421.10621894085
ISR,1962,NA,9889.12590902548
ISR,1963,NA,10551.1151037208
ISR,1964,NA,10946.8380435048
ISR,1965,NA,11522.1522590068
ISR,1966,NA,11223.9465413277
ISR,1967,NA,11071.5921828256
ISR,1968,NA,12603.5307469767
ISR,1969,NA,13945.1327057611
ISR,1970,5633.34987296245,14476.0795346139
ISR,1971,5752.6820104284,15564.1903908628
ISR,1972,6171.12320632866,17016.6723343038
ISR,1973,6424.20321586003,17254.9127649999
ISR,1974,6711.27049594822,17833.7651151939
ISR,1975,6558.85731455368,17996.4112059125
ISR,1976,6729.18010251176,17655.852090343
ISR,1977,6913.74815059318,17443.6550447601
ISR,1978,7345.10631577738,18028.4443796853
ISR,1979,7731.54664748878,18662.0989670399
ISR,1980,7270.82402363464,18523.7112731595
ISR,1981,8056.54942673947,19128.1309869297
ISR,1982,8553.96148312481,19163.1685346299
ISR,1983,9132.08674088966,19449.824255435
ISR,1984,8395.53516345812,19376.4416042604
ISR,1985,8354.71392679941,19806.2495677505
ISR,1986,9467.7327949409,20319.3453143863
ISR,1987,10145.4470324989,21421.2882107987
ISR,1988,10445.7586744104,21682.3685123779
ISR,1989,10326.4754113344,21440.1587510678
ISR,1990,10609.3682442449,22307.4301634161
ISR,1991,10714.0120338468,22627.626632006
ISR,1992,11134.6836017161,23555.1962722555
ISR,1993,11623.860281236,23881.5994936481
ISR,1994,12409.4760356715,24999.7260557082
ISR,1995,13102.5303378508,25948.7323912948
ISR,1996,13517.5965713993,26762.0191453672
ISR,1997,13714.4613606936,27081.6170854316
ISR,1998,14181.0683515269,27545.1108182352
ISR,1999,14414.6815701711,27744.9220453844
ISR,2000,15204.0121645563,29352.2758538156
ISR,2001,15428.4053814552,28717.1277542377
ISR,2002,15355.7927977195,28110.3463494109
ISR,2003,15118.5655148017,28011.8266813741
ISR,2004,15629.624232889,28808.8298448048
ISR,2005,15883.1158249545,29498.6336701064
ISR,2006,16411.791778296,30599.2172149639
ISR,2007,17330.2817684128,31871.0466312068
ISR,2008,17393.3948767153,32338.6662012343
ISR,2009,17161.9576049718,31924.7910234896
ISR,2010,17664.7616121277,33112.7068111258
ISR,2011,18084.2267893858,34314.6503871244
ISR,2012,18226.7853765279,34542.8817579662
ISR,2013,18475.3210185686,35338.6242052342
ISR,2014,18840.6920521974,36013.6686508041
ISR,2015,19151.058449766,36123.9907881129
ISR,2016,19930.254181125,36969.741657336
ISR,2017,20241.8014084607,37809.4415224874
ISR,2018,20563.4708656267,38599.1089040283
ISR,2019,20983.1880747873,39302.6518220125
ISR,2020,19090.3913344276,38049.9903345588
ISR,2021,20923.9873002962,40911.4355330311
ISR,2022,22037.4008250219,42710.4017586756
ISR,2023,21429.4524674139,42852.5810267712
ITA,1960,NA,9731.19625389748
ITA,1961,NA,10459.714363523
ITA,1962,NA,11033.68886401
ITA,1963,NA,11567.9458703087
ITA,1964,NA,11794.1608356407
ITA,1965,NA,12077.4620215465
ITA,1966,NA,12701.1618805091
ITA,1967,NA,13514.7573625089
ITA,1968,NA,14308.5594206087
ITA,1969,NA,15095.4127878086
ITA,1970,9167.46529567458,15813.2011151821
ITA,1971,9469.49176431947,16025.774880121
ITA,1972,9727.53807071336,16523.1331630299
ITA,1973,10221.6175932024,17580.9120721826
ITA,1974,10474.4637826641,18426.9080079986
ITA,1975,10444.31770649,17934.3228585104
ITA,1976,10858.1918992315,19116.6107654729
ITA,1977,11134.5217674875,19522.9969341739
ITA,1978,11385.9318796282,20083.8802098074
ITA,1979,12120.48304277,21219.2669568741
ITA,1980,12820.2460004563,21901.9268726405
ITA,1981,13010.7888840955,22060.3287109607
ITA,1982,13128.2283210439,22135.1628478985
ITA,1983,13099.9323592432,22385.8416078726
ITA,1984,13483.5337731587,23102.8115432379
ITA,1985,13866.0994377999,23742.3854885964
ITA,1986,14428.8488260283,24420.0802796796
ITA,1987,14952.6692363786,25196.9881135514
ITA,1988,15556.4570996958,26241.1619178713
ITA,1989,16161.8422757915,27109.9705713608
ITA,1990,16478.4987635482,27625.1792401549
ITA,1991,16908.177664347,28030.7653844433
ITA,1992,17188.2100868672,28245.4271224971
ITA,1993,16655.496333516,27987.4328992052
ITA,1994,16907.0907844047,28583.6255334144
ITA,1995,17164.9984920439,29408.3209648256
ITA,1996,17340.1724296062,29795.659782462
ITA,1997,17935.5359763564,30353.3778330306
ITA,1998,18533.8891763337,30892.1758716425
ITA,1999,19040.6389110076,31405.2609086396
ITA,2000,19538.2215096805,32609.6674684471
ITA,2001,19653.0387657999,33245.2803732961
ITA,2002,19615.5123135326,33285.4148556776
ITA,2003,19660.3214589986,33159.8415780158
ITA,2004,19723.2806077446,33431.5599098693
ITA,2005,19898.7520402316,33521.3202180455
ITA,2006,20105.4937110218,34022.1190389231
ITA,2007,20241.700137274,34345.7598862545
ITA,2008,19880.4034999292,33769.8973537384
ITA,2009,19492.8223025937,31832.9860141479
ITA,2010,19637.0589522775,32220.4860698495
ITA,2011,19616.0149133112,32388.8180099136
ITA,2012,18836.4803230737,31292.1311312137
ITA,2013,18164.2985628297,30369.1293679326
ITA,2014,18029.8377167613,30091.3481539205
ITA,2015,18377.8772455421,30387.1293187854
ITA,2016,18638.6752268516,30815.0869082281
ITA,2017,18953.8417036347,31356.224035187
ITA,2018,19167.2133858425,31675.5758014951
ITA,2019,19429.6138937421,32180.4341021496
ITA,2020,17491.7005792024,29469.7989279182
ITA,2021,18543.5624983085,32267.7090970216
ITA,2022,19491.7701399258,33840.3432155508
ITA,2023,19735.5106342819,34088.088128227
JAM,1960,NA,NA
JAM,1961,NA,NA
JAM,1962,NA,NA
JAM,1963,NA,NA
JAM,1964,NA,NA
JAM,1965,NA,NA
JAM,1966,NA,3921.00936427155
JAM,1967,NA,3944.82549922615
JAM,1968,NA,4123.87848079124
JAM,1969,NA,4303.6370819599
JAM,1970,NA,4763.60871569935
JAM,1971,NA,4815.24379630176
JAM,1972,NA,5600.57368551674
JAM,1973,NA,5213.25512633628
JAM,1974,NA,4918.32420065763
JAM,1975,NA,4837.51199696179
JAM,1976,NA,4454.98938664447
JAM,1977,NA,4286.7133147414
JAM,1978,NA,4234.9598365577
JAM,1979,NA,4141.3362804261
JAM,1980,NA,3857.06561622744
JAM,1981,NA,3907.58698559803
JAM,1982,NA,3934.02362080234
JAM,1983,NA,3953.61770868909
JAM,1984,NA,3841.53525709487
JAM,1985,NA,3685.98178241151
JAM,1986,NA,3720.50350246099
JAM,1987,NA,3982.11264719632
JAM,1988,NA,4112.19684347709
JAM,1989,NA,4377.0629440887
JAM,1990,NA,4526.50159323362
JAM,1991,NA,4704.01222472021
JAM,1992,NA,4748.86205122046
JAM,1993,NA,5142.58835187444
JAM,1994,NA,5160.4307955405
JAM,1995,NA,5229.03067140027
JAM,1996,NA,5172.78239570246
JAM,1997,NA,5066.85282562384
JAM,1998,NA,4906.41450897104
JAM,1999,NA,4919.4174468527
JAM,2000,NA,4928.33188369804
JAM,2001,NA,4963.06607294795
JAM,2002,NA,5031.19564397903
JAM,2003,NA,5184.14288666889
JAM,2004,NA,5222.09798764334
JAM,2005,NA,5239.67290258786
JAM,2006,NA,5363.82690314058
JAM,2007,4630.21469994137,5414.90880663073
JAM,2008,4752.83656472533,5347.63274507982
JAM,2009,4209.6487286913,5094.03087418339
JAM,2010,4140.16757483382,4998.66718141268
JAM,2011,4279.92445975691,5063.19380143837
JAM,2012,4219.56546398821,5010.45967443592
JAM,2013,4173.64448851189,5016.0313458778
JAM,2014,4123.4231491193495,5032.44263080999
JAM,2015,4106.32541475973,5062.89556466908
JAM,2016,4089.07090369737,5119.03971902628
JAM,2017,4128.41953568067,5159.34337408318
JAM,2018,4162.83068100697,5248.77402203987
JAM,2019,4200.69853701541,5289.65492391338
JAM,2020,NA,4752.33342267359
JAM,2021,NA,4958.84581479999
JAM,2022,NA,5215.08607266374
JAM,2023,NA,5328.61624140582
JOR,1960,NA,NA
JOR,1961,NA,NA
JOR,1962,NA,NA
JOR,1963,NA,NA
JOR,1964,NA,NA
JOR,1965,NA,NA
JOR,1966,NA,NA
JOR,1967,NA,NA
JOR,1968,NA,NA
JOR,1969,NA,NA
JOR,1970,NA,NA
JOR,1971,NA,NA
JOR,1972,NA,NA
JOR,1973,NA,NA
JOR,1974,NA,NA
JOR,1975,NA,NA
JOR,1976,NA,2926.45125614878
JOR,1977,NA,3073.82095340642
JOR,1978,NA,3415.76551832763
JOR,1979,NA,3991.69034157644
JOR,1980,NA,4278.6328839702
JOR,1981,NA,4816.74408026333
JOR,1982,NA,4939.75537300451
JOR,1983,NA,4619.9825173175
JOR,1984,NA,4605.21127002269
JOR,1985,NA,4280.41643791534
JOR,1986,NA,4312.61101897606
JOR,1987,NA,4213.3547984474
JOR,1988,NA,4080.28749525417
JOR,1989,NA,3472.2250968608
JOR,1990,NA,3202.33686003165
JOR,1991,NA,3010.13731183677
JOR,1992,NA,3264.84472634328
JOR,1993,NA,3238.47541692105
JOR,1994,NA,3240.44545104214
JOR,1995,NA,3303.28717864788
JOR,1996,NA,3262.10615178904
JOR,1997,NA,3280.69793184873
JOR,1998,NA,3302.29942733776
JOR,1999,NA,3341.65644275163
JOR,2000,NA,3412.07673213708
JOR,2001,NA,3518.76635312228
JOR,2002,NA,3644.62434644332
JOR,2003,NA,3713.15193593268
JOR,2004,NA,3935.15704743447
JOR,2005,NA,4151.61313015439
JOR,2006,NA,4209.86864014361
JOR,2007,NA,4287.35229821209
JOR,2008,NA,4489.9554553731105
JOR,2009,NA,4615.23067817324
JOR,2010,NA,4621.5742854131
JOR,2011,NA,4631.67703841605
JOR,2012,NA,4677.47613977192
JOR,2013,NA,4556.52023716712
JOR,2014,NA,4282.11872849239
JOR,2015,3218.50084060628,4042.75678097555
JOR,2016,NA,3933.14704611068
JOR,2017,NA,3940.70199181145
JOR,2018,NA,3928.77026821205
JOR,2019,NA,3919.06426916073
JOR,2020,NA,3806.87949354914
JOR,2021,NA,3874.32707806481
JOR,2022,NA,3909.80226400152
JOR,2023,NA,3950.31227288316
JPN,1960,NA,6388.87810064976
JPN,1961,NA,7094.47046454383
JPN,1962,NA,7655.05526031226
JPN,1963,NA,8219.98739660426
JPN,1964,NA,9084.79518054167
JPN,1965,NA,9510.54956577863
JPN,1966,NA,10426.6399027996
JPN,1967,NA,11462.9263865587
JPN,1968,NA,12794.6236237767
JPN,1969,NA,14221.0523672392
JPN,1970,7823.15688364747,14114.3158179076
JPN,1971,8072.78194358143,14456.8211953459
JPN,1972,8674.24700621533,15455.1369428391
JPN,1973,9305.21589111826,16463.2791725065
JPN,1974,9174.36263896029,16046.7846823822
JPN,1975,9456.63480705211,16333.6748183256
JPN,1976,9627.71231827424,16801.9250306258
JPN,1977,9920.3456977382,17370.6165468412
JPN,1978,10346.6583084855,18120.7284269821
JPN,1979,10925.208306802,18953.3339137399
JPN,1980,10955.1528376292,19334.3747442401
JPN,1981,11149.9019578587,20011.8292508853
JPN,1982,11588.994335694,20525.2958514713
JPN,1983,11897.4271946446,21122.9648423051
JPN,1984,12192.8090532725,21912.1518618524
JPN,1985,12613.5286877072,22898.9942415023
JPN,1986,13007.8468766412,23527.7125188459
JPN,1987,13511.650000918,24503.0845657802
JPN,1988,14147.9117333371,26026.8648821107
JPN,1989,14785.3690058171,27199.939969537
JPN,1990,15438.9111867992,28422.2131195125
JPN,1991,15719.7402783121,29308.274088137
JPN,1992,16017.8245401441,29462.6539670948
JPN,1993,16137.978294896,29232.4397928178
JPN,1994,16460.6317749597,29466.7552451756
JPN,1995,16826.4172355566,30171.1637924347
JPN,1996,17117.0420592165,31046.1701544648
JPN,1997,17170.9876088603,31276.1930771932
JPN,1998,17013.6273260945,30795.0888900928
JPN,1999,17163.9202667503,30636.266116943
JPN,2000,17399.1129182481,31430.6311303282
JPN,2001,17713.1771927372,31476.052066579
JPN,2002,17899.7692422626,31416.1241772435
JPN,2003,17974.7717791919,31830.2175849262
JPN,2004,18206.1918455418,32515.1158024317
JPN,2005,18483.1290725905,33098.5474664872
JPN,2006,18642.9046524387,33531.5185630775
JPN,2007,18762.1189967671,33990.0360341685
JPN,2008,18540.5302746562,33557.6454041531
JPN,2009,18373.1621743749,31651.0837739853
JPN,2010,18797.9656093834,32942.2020783725
JPN,2011,18734.0408570777,33011.13423011
JPN,2012,19144.6247794758,33518.444936892
JPN,2013,19671.9196480316,34239.8862473683
JPN,2014,19519.4606944528,34386.905855287
JPN,2015,19497.8271021974,34960.6393843385
JPN,2016,19424.5655540307,35242.1993771881
JPN,2017,19645.0667658179,35861.9728545838
JPN,2018,19715.4032422305,36138.5290824719
JPN,2019,19619.9766306596,36043.7844013365
JPN,2020,18803.0146380464,34650.7967802766
JPN,2021,19037.611669265,35701.4542716142
JPN,2022,19534.3114459302,36202.639274898
JPN,2023,NA,36990.3301140205
KAZ,1960,NA,NA
KAZ,1961,NA,NA
KAZ,1962,NA,NA
KAZ,1963,NA,NA
KAZ,1964,NA,NA
KAZ,1965,NA,NA
KAZ,1966,NA,NA
KAZ,1967,NA,NA
KAZ,1968,NA,NA
KAZ,1969,NA,NA
KAZ,1970,NA,NA
KAZ,1971,NA,NA
KAZ,1972,NA,NA
KAZ,1973,NA,NA
KAZ,1974,NA,NA
KAZ,1975,NA,NA
KAZ,1976,NA,NA
KAZ,1977,NA,NA
KAZ,1978,NA,NA
KAZ,1979,NA,NA
KAZ,1980,NA,NA
KAZ,1981,NA,NA
KAZ,1982,NA,NA
KAZ,1983,NA,NA
KAZ,1984,NA,NA
KAZ,1985,NA,NA
KAZ,1986,NA,NA
KAZ,1987,NA,NA
KAZ,1988,NA,NA
KAZ,1989,NA,NA
KAZ,1990,3407.13621459561,5557.08215736977
KAZ,1991,3228.6325948782,4910.15324119135
KAZ,1992,3182.31197515422,4635.42154654073
KAZ,1993,2893.05765830989,4223.1282023154
KAZ,1994,2241.70385351871,3740.97810892024
KAZ,1995,1816.42658391453,3498.51454364229
KAZ,1996,1756.19811727076,3583.36908423331
KAZ,1997,1854.4663895916,3728.96386519689
KAZ,1998,1888.23876027713,3750.56494562659
KAZ,1999,1920.85909781544,3899.65723139778
KAZ,2000,1939.69461816133,4269.33016782791
KAZ,2001,2085.85981067719,4822.52862802669
KAZ,2002,2128.98391476336,5267.6990320263
KAZ,2003,2366.18052760963,5724.43199248054
KAZ,2004,2676.51481072314,6233.29439373307
KAZ,2005,2940.68670899567,6787.4115548789
KAZ,2006,3282.14177107537,7450.39687062615
KAZ,2007,3602.78026194505,8036.87599811505
KAZ,2008,3828.80581305678,8216.52181589585
KAZ,2009,3801.7511780091,8218.39912556048
KAZ,2010,4182.92543051246,8704.70655484556
KAZ,2011,4619.1233584703205,9223.3021336315
KAZ,2012,5013.97579409919,9531.91477617058
KAZ,2013,5468.31441539568,9959.72586930534
KAZ,2014,5460.14068266197,10226.7100539683
KAZ,2015,5477.13420150601,10196.1226255982
KAZ,2016,5460.35239838416,10151.423313302
KAZ,2017,5458.83853590494,10404.2718646317
KAZ,2018,5704.72405826524,10670.2120148279
KAZ,2019,5964.44989995526,10989.6840718388
KAZ,2020,5663.730243232,10565.0359816235
KAZ,2021,5938.75997094575,10873.3915275276
KAZ,2022,5970.28547025556,11058.3482413407
KAZ,2023,6156.257873183,11453.3952725363
KEN,1960,729.158450190994,792.958020207348
KEN,1961,711.216646998337,704.532413221054
KEN,1962,739.220412609757,742.214802683441
KEN,1963,711.941451874549,776.61405320386
KEN,1964,731.830453611811,783.777273902912
KEN,1965,759.012762642162,768.312009345226
KEN,1966,787.058517739745,847.028481793247
KEN,1967,796.728947760017,841.449011083599
KEN,1968,692.480489130497,873.396320093881
KEN,1969,685.933561144726,906.636182608442
KEN,1970,597.180605794646,831.801819281121
KEN,1971,834.724043560127,980.029449369286
KEN,1972,912.124162487913,1108.22714085008
KEN,1973,823.295291439618,1133.74828467608
KEN,1974,914.905753807651,1140.55255920466
KEN,1975,867.667137623682,1113.00977634208
KEN,1976,796.621630403494,1100.6565011535
KEN,1977,836.128656132225,1165.36861222478
KEN,1978,924.198459897384,1203.76787713531
KEN,1979,928.521947604302,1251.31913330141
KEN,1980,918.515537151769,1275.28269729355
KEN,1981,853.095891043908,1276.92778781689
KEN,1982,849.116632717519,1250.61396929068
KEN,1983,791.989445804408,1221.53485890834
KEN,1984,823.942645740266,1198.09437242046
KEN,1985,740.28144822216,1204.91932367736
KEN,1986,850.053693559343,1245.98851025394
KEN,1987,891.772178860181,1274.22087961614
KEN,1988,933.962954900817,1306.36433683504
KEN,1989,955.307171290475,1320.50774519897
KEN,1990,920.320196303671,1329.33312766232
KEN,1991,912.38748237145,1305.46415701447
KEN,1992,875.820757331799,1255.93870622359
KEN,1993,837.075284497948,1223.50616725762
KEN,1994,827.93951877241,1219.7841113305
KEN,1995,917.437119288207,1237.88250467675
KEN,1996,915.721224989951,1254.21025248674
KEN,1997,925.082546773363,1226.19542113337
KEN,1998,941.09791588774,1232.06658106635
KEN,1999,951.820243453991,1224.63404639886
KEN,2000,920.032702653915,1195.41296851656
KEN,2001,928.607781747418,1202.29348759987
KEN,2002,907.434724918839,1171.4262517349
KEN,2003,899.245845634462,1169.14433674051
KEN,2004,892.850830467797,1191.25443604556
KEN,2005,921.8262407589,1223.44738472019
KEN,2006,982.905735091714,1263.54164666211
KEN,2007,1004.14780115223,1309.91092948216
KEN,2008,959.383896623479,1273.77226103073
KEN,2009,973.549859011387,1276.73503486074
KEN,2010,992.706128777821,1340.16467408856
KEN,2011,1013.50859103628,1370.58000874482
KEN,2012,1030.44291617998,1396.30178709756
KEN,2013,1067.60815678526,1413.94142522583
KEN,2014,1086.83042700747,1450.59338202277
KEN,2015,1124.53484106792,1489.11959777284
KEN,2016,1149.52152016063,1517.97796057742
KEN,2017,1180.03193431134,1542.33773973372
KEN,2018,1210.99972390901,1596.69045914945
KEN,2019,1246.83311991795,1645.70961777862
KEN,2020,1204.06988156652,1609.33414078281
KEN,2021,1254.51617997326,1698.89578271444
KEN,2022,1268.51972734183,1747.53198804428
KEN,2023,1319.90241220313,1808.40479129677
KGZ,1960,NA,NA
KGZ,1961,NA,NA
KGZ,1962,NA,NA
KGZ,1963,NA,NA
KGZ,1964,NA,NA
KGZ,1965,NA,NA
KGZ,1966,NA,NA
KGZ,1967,NA,NA
KGZ,1968,NA,NA
KGZ,1969,NA,NA
KGZ,1970,NA,NA
KGZ,1971,NA,NA
KGZ,1972,NA,NA
KGZ,1973,NA,NA
KGZ,1974,NA,NA
KGZ,1975,NA,NA
KGZ,1976,NA,NA
KGZ,1977,NA,NA
KGZ,1978,NA,NA
KGZ,1979,NA,NA
KGZ,1980,NA,NA
KGZ,1981,NA,NA
KGZ,1982,NA,NA
KGZ,1983,NA,NA
KGZ,1984,NA,NA
KGZ,1985,NA,NA
KGZ,1986,NA,1022.86660449102
KGZ,1987,NA,1036.7101298442701
KGZ,1988,NA,1153.02506583629
KGZ,1989,NA,1160.67608073008
KGZ,1990,NA,1203.47208279448
KGZ,1991,NA,1089.90005451003
KGZ,1992,NA,928.315623345335
KGZ,1993,NA,784.564919201316
KGZ,1994,NA,627.221059388758
KGZ,1995,NA,587.298180667228
KGZ,1996,NA,619.667835556358
KGZ,1997,NA,671.250079627062
KGZ,1998,NA,675.05831892302
KGZ,1999,NA,689.414278205464
KGZ,2000,NA,718.34290572247
KGZ,2001,NA,749.423855336367
KGZ,2002,NA,742.44300111832
KGZ,2003,NA,786.350474964134
KGZ,2004,NA,831.48218538698
KGZ,2005,NA,820.709598923049
KGZ,2006,NA,837.138026647346
KGZ,2007,NA,900.028050315122
KGZ,2008,NA,966.409971184817
KGZ,2009,NA,981.220904665529
KGZ,2010,826.224922185119,962.764789828724
KGZ,2011,890.462906242915,1005.48326882132
KGZ,2012,971.337421641733,985.8472865972
KGZ,2013,1026.13643457102,1069.78404438716
KGZ,2014,1033.67075920762,1088.58223445646
KGZ,2015,1001.1300254518,1105.65202996955
KGZ,2016,973.005173622051,1128.31625263844
KGZ,2017,1012.68007977595,1157.18284932307
KGZ,2018,1040.98532878964,1175.0713690492
KGZ,2019,1025.80412415317,1201.87701429721
KGZ,2020,942.76381060319,1093.32864588331
KGZ,2021,1099.80903249552,1132.5546781282
KGZ,2022,1264.23951996309,1212.17821410944
KGZ,2023,1371.27966793088,1264.17439486467
KHM,1960,NA,NA
KHM,1961,NA,NA
KHM,1962,NA,NA
KHM,1963,NA,NA
KHM,1964,NA,NA
KHM,1965,NA,NA
KHM,1966,NA,NA
KHM,1967,NA,NA
KHM,1968,NA,NA
KHM,1969,NA,NA
KHM,1970,NA,NA
KHM,1971,NA,NA
KHM,1972,NA,NA
KHM,1973,NA,NA
KHM,1974,NA,NA
KHM,1975,NA,775.61301310347
KHM,1976,NA,832.046370021047
KHM,1977,NA,768.349009368511
KHM,1978,NA,835.709043830217
KHM,1979,NA,746.08572413472
KHM,1980,NA,688.762215998489
KHM,1981,NA,678.011250962987
KHM,1982,NA,659.062242599126
KHM,1983,NA,663.885539072704
KHM,1984,NA,671.730248753369
KHM,1985,NA,679.989551081934
KHM,1986,NA,678.670094090388
KHM,1987,NA,790.553706971779
KHM,1988,NA,852.223975284838
KHM,1989,NA,849.279049748096
KHM,1990,NA,824.051655825488
KHM,1991,NA,850.610221172946
KHM,1992,NA,862.478030888085
KHM,1993,474.377015914269,845.382004292362
KHM,1994,464.407592951286,513.967147968351
KHM,1995,463.007353813536,520.926883186259
KHM,1996,470.12498828587,511.670349596777
KHM,1997,430.934101074139,496.770551311204
KHM,1998,456.352072829271,499.016649050995
KHM,1999,476.064097750852,552.901492232515
KHM,2000,491.886491243181,598.561915252147
KHM,2001,504.986649969403,632.833573980849
KHM,2002,527.044832791844,662.188341283454
KHM,2003,566.562558355403,719.333494240509
KHM,2004,592.071447089059,775.847139030978
KHM,2005,661.815607642751,866.340290123209
KHM,2006,703.767793579623,947.065220050691
KHM,2007,745.017108402897,1030.23117620792
KHM,2008,827.245717097182,1090.57475806147
KHM,2009,823.387031375769,1117.25834194514
KHM,2010,885.856364049585,1155.85236856699
KHM,2011,966.33736484928,1221.38839852454
KHM,2012,1009.36009526058,1295.25271477893
KHM,2013,1062.09319027528,1376.29557595926
KHM,2014,1103.056681139,1464.53115866927
KHM,2015,1148.83751565969,1547.32010444393
KHM,2016,1184.05627257677,1645.46671578126
KHM,2017,1245.76110415655,1753.93530504662
KHM,2018,1297.72735339736,1884.28374817086
KHM,2019,1324.81118697622,2008.32094006706
KHM,2020,1280.83603038708,1908.63427518336
KHM,2021,1231.20833786519,1938.76436741728
KHM,2022,1278.33805790324,2010.76673658328
KHM,2023,1319.83202656349,2083.59301849948
KIR,1960,NA,NA
KIR,1961,NA,NA
KIR,1962,NA,NA
KIR,1963,NA,NA
KIR,1964,NA,NA
KIR,1965,NA,NA
KIR,1966,NA,NA
KIR,1967,NA,NA
KIR,1968,NA,NA
KIR,1969,NA,NA
KIR,1970,NA,1473.59705796086
KIR,1971,NA,1411.81578729325
KIR,1972,NA,1552.54646406197
KIR,1973,NA,1844.89991222101
KIR,1974,NA,2663.39389676594
KIR,1975,NA,2816.41012049413
KIR,1976,NA,2073.59109217369
KIR,1977,NA,1990.87497135555
KIR,1978,NA,2025.51458714859
KIR,1979,NA,1781.69204330242
KIR,1980,NA,1734.32994559361
KIR,1981,NA,1811.68113801607
KIR,1982,NA,1763.17910219659
KIR,1983,NA,1565.11839160727
KIR,1984,NA,1754.01221606002
KIR,1985,NA,1492.76032624447
KIR,1986,NA,1422.51648576931
KIR,1987,NA,1406.31566848507
KIR,1988,NA,1675.63809024261
KIR,1989,NA,1516.91504310773
KIR,1990,NA,1387.65291745794
KIR,1991,NA,1283.34636341684
KIR,1992,NA,1564.72311281185
KIR,1993,NA,1539.30445964374
KIR,1994,NA,1547.62397647288
KIR,1995,NA,1566.47246119761
KIR,1996,NA,1539.33665080748
KIR,1997,NA,1529.24949484426
KIR,1998,NA,1569.02701626793
KIR,1999,NA,1482.19199839683
KIR,2000,NA,1555.58163876136
KIR,2001,NA,1477.95152090297
KIR,2002,NA,1467.99249991305
KIR,2003,NA,1415.54587814327
KIR,2004,NA,1378.95845078454
KIR,2005,NA,1368.99725739118
KIR,2006,1318.05886251857,1419.38693237616
KIR,2007,1286.21872796484,1433.35742787716
KIR,2008,1219.84748596289,1361.83585343997
KIR,2009,1116.59525033798,1340.27572148771
KIR,2010,1102.11154592331,1328.78757544885
KIR,2011,1179.15462637352,1348.060276659
KIR,2012,1186.51646093745,1405.5027269033
KIR,2013,1266.7218475458,1493.49114108782
KIR,2014,1312.37951125505,1492.85058580954
KIR,2015,1474.36817604771,1639.85274301496
KIR,2016,1569.7596397996,1731.43693361219
KIR,2017,1604.53545816859,1769.51190858639
KIR,2018,1607.11365267064,1803.94864497849
KIR,2019,1749.6475966728,1835.21962590991
KIR,2020,1643.37762517899,1793.38536230105
KIR,2021,2059.65867122982,1911.69443416476
KIR,2022,2136.35389848798,1954.50275057384
KIR,2023,NA,2003.46946759298
KNA,1960,NA,NA
KNA,1961,NA,NA
KNA,1962,NA,NA
KNA,1963,NA,NA
KNA,1964,NA,NA
KNA,1965,NA,NA
KNA,1966,NA,NA
KNA,1967,NA,NA
KNA,1968,NA,NA
KNA,1969,NA,NA
KNA,1970,NA,NA
KNA,1971,NA,NA
KNA,1972,NA,NA
KNA,1973,NA,NA
KNA,1974,NA,NA
KNA,1975,NA,NA
KNA,1976,NA,NA
KNA,1977,NA,4474.44162151065
KNA,1978,NA,4664.55711811818
KNA,1979,NA,5040.41499881822
KNA,1980,NA,5489.17511917791
KNA,1981,NA,5593.93046876973
KNA,1982,NA,5646.52293616151
KNA,1983,NA,5740.25408985267
KNA,1984,NA,6281.96829091358
KNA,1985,NA,6858.00144737872
KNA,1986,NA,7649.33908016446
KNA,1987,NA,8203.61881033902
KNA,1988,NA,9022.84351759517
KNA,1989,NA,9588.26287871082
KNA,1990,NA,10136.986550185
KNA,1991,NA,9966.20374372867
KNA,1992,NA,10300.5415354294
KNA,1993,NA,10860.6034990877
KNA,1994,NA,11290.2168438156
KNA,1995,NA,11743.3784162332
KNA,1996,NA,12269.7967435843
KNA,1997,NA,12940.7852855874
KNA,1998,NA,12710.9629751883
KNA,1999,NA,12942.857504219
KNA,2000,NA,14039.0281125333
KNA,2001,NA,14610.9099610508
KNA,2002,NA,14727.3908829316
KNA,2003,NA,14100.3067967234
KNA,2004,NA,14619.795111247
KNA,2005,NA,16000.5658929826
KNA,2006,NA,16457.8622372067
KNA,2007,NA,16508.1437081315
KNA,2008,NA,18325.7612670282
KNA,2009,NA,17671.2547069735
KNA,2010,NA,17688.0690103409
KNA,2011,NA,17958.6813977053
KNA,2012,NA,17770.4963640576
KNA,2013,NA,18773.8926898397
KNA,2014,NA,20187.8061975481
KNA,2015,NA,20328.8003530109
KNA,2016,NA,21133.6575914414
KNA,2017,NA,21191.6047083703
KNA,2018,NA,21635.4972146482
KNA,2019,NA,22274.591411543
KNA,2020,NA,18887.4362551531
KNA,2021,NA,19021.4594824501
KNA,2022,NA,21047.3636286568
KNA,2023,NA,21505.7244171915
KOR,1960,1057.17986902012,1027.65478060417
KOR,1961,1050.12217302862,1066.80385223795
KOR,1962,1119.9708231096,1077.11603032602
KOR,1963,1136.42950251654,1142.0276294736
KOR,1964,1201.68410855841,1217.94699410879
KOR,1965,1252.11841644711,1274.2724441705
KOR,1966,1301.40274193198,1391.67246263597
KOR,1967,1382.61291180267,1482.99525342715
KOR,1968,1493.39150742285,1639.75015442225
KOR,1969,1616.02782186047,1836.47870739596
KOR,1970,1747.74080098533,1977.42941286358
KOR,1971,1877.9483208846,2143.28913020771
KOR,1972,1946.56944167348,2255.20673616978
KOR,1973,2085.95279068292,2545.77754274699
KOR,1974,2204.25711182194,2740.58529939811
KOR,1975,2291.45141658999,2906.15049933566
KOR,1976,2444.81801899998,3238.2698721178
KOR,1977,2540.66714686025,3581.46823922047
KOR,1978,2715.8247992588,3913.83317387391
KOR,1979,2908.53791478392,4189.18148771045
KOR,1980,2863.4610922865,4056.5260070304
KOR,1981,2971.88066705433,4283.11960147149
KOR,1982,3146.9322101123,4569.08717491563
KOR,1983,3387.87422836142,5104.44809742942
KOR,1984,3604.15602921882,5573.84271916316
KOR,1985,3829.54404843388,5951.87908924407
KOR,1986,4145.75126114533,6560.47967201762
KOR,1987,4457.8138148599,7322.71986885993
KOR,1988,4828.52718209729,8120.63968724428
KOR,1989,5298.15484454912,8609.42611390093
KOR,1990,5773.64006147709,9367.09258686755
KOR,1991,6234.59821682534,10274.4827454694
KOR,1992,6600.26028003933,10798.561680692
KOR,1993,6987.4799958205,11424.5851330612
KOR,1994,7554.23803118464,12358.5180229628
KOR,1995,8280.65108622611,13411.1119170158
KOR,1996,8837.27372246353,14332.1367231987
KOR,1997,9124.39658661795,15074.4883429924
KOR,1998,7978.7557547398,14198.386270755
KOR,1999,8876.66022951083,15714.4119484746
KOR,2000,9623.1880799243,16995.5591864626
KOR,2001,10102.8503965099,17684.0503773277
KOR,2002,10946.361261606,18940.3842233935
KOR,2003,10848.5514122322,19435.4934104303
KOR,2004,10848.8002915031,20364.7599656771
KOR,2005,11329.9024602149,21197.1990880347
KOR,2006,11825.2584289798,22196.2077459266
KOR,2007,12387.3274197052,23365.1402064812
KOR,2008,12493.1755939252,23887.0595538423
KOR,2009,12456.1526278074,23952.8132191069
KOR,2010,12938.5313464423,25455.6174843658
KOR,2011,13217.8474902011,26191.6442615421
KOR,2012,13366.0493913069,26680.275444870502
KOR,2013,13536.3402993208,27399.6159477521
KOR,2014,13719.8366492496,28100.0102759544
KOR,2015,13949.314127127,28737.4391706499
KOR,2016,14254.2527745438,29467.124342556
KOR,2017,14608.7148625892,30312.8888500809
KOR,2018,15008.1272428782,31059.2668087927
KOR,2019,15271.9595221996,31645.9498343307
KOR,2020,14515.4236444203,31378.1579340648
KOR,2021,15054.0224876258,32771.0724243229
KOR,2022,15705.1460106828,33690.3788793046
KOR,2023,15975.281460139,34121.0211756766
KWT,1960,NA,NA
KWT,1961,NA,NA
KWT,1962,NA,NA
KWT,1963,NA,NA
KWT,1964,NA,NA
KWT,1965,NA,NA
KWT,1966,NA,NA
KWT,1967,NA,NA
KWT,1968,NA,NA
KWT,1969,NA,NA
KWT,1970,NA,68591.7072405807
KWT,1971,NA,68673.3288572346
KWT,1972,NA,67066.7398498353
KWT,1973,NA,58987.7696963038
KWT,1974,NA,48324.5307174264
KWT,1975,NA,39840.7599309817
KWT,1976,NA,39811.7352388742
KWT,1977,NA,35866.60554377
KWT,1978,NA,36140.3244544664
KWT,1979,NA,38757.8066581846
KWT,1980,NA,29547.7548248932
KWT,1981,NA,22766.1031819434
KWT,1982,NA,19135.9122832081
KWT,1983,NA,19686.2017923291
KWT,1984,NA,19848.7792766845
KWT,1985,NA,18264.4443904523
KWT,1986,NA,19042.3787729438
KWT,1987,NA,19786.3644452903
KWT,1988,NA,17116.0655926444
KWT,1989,NA,20743.6867254266
KWT,1990,NA,20140.7833621894
KWT,1991,NA,14812.92001334
KWT,1992,NA,22382.8419489494
KWT,1993,NA,29323.8531051883
KWT,1994,NA,31946.4900872792
KWT,1995,NA,33156.8471720356
KWT,1996,NA,32417.9626222646
KWT,1997,NA,32152.4365708657
KWT,1998,NA,32306.6685512895
KWT,1999,NA,30798.0945469691
KWT,2000,NA,31341.9779145225
KWT,2001,NA,30573.4282591058
KWT,2002,NA,30702.21604281
KWT,2003,NA,35169.6333859206
KWT,2004,NA,37918.5403803743
KWT,2005,NA,40451.2549496189
KWT,2006,NA,41137.9697079252
KWT,2007,NA,41113.8691746555
KWT,2008,NA,39852.5126986897
KWT,2009,NA,35124.0852064802
KWT,2010,12751.6774852715,32568.5149842886
KWT,2011,12319.9811359938,33545.3460715444
KWT,2012,12528.537299574,33578.3308233506
KWT,2013,12207.2074033446,32311.1795193025
KWT,2014,12555.6521216948,31073.1534776392
KWT,2015,12415.8533105239,29882.2126867068
KWT,2016,12026.2629841963,29454.4421199637
KWT,2017,12000.2514452516,27048.3705363937
KWT,2018,11997.2638459759,26706.0190338255
KWT,2019,11960.563684147,26580.226300826
KWT,2020,10714.130935689,25541.50749746
KWT,2021,11631.5329040987,26354.9456744811
KWT,2022,11241.5977091935,26508.4604683157
KWT,2023,NA,24155.1872264077
LAC,1960,1685.73049796853,3214.82929592555
LAC,1961,1747.81244258455,3319.05997715654
LAC,1962,1807.16853882699,3367.69976578445
LAC,1963,1818.92781944493,3332.61249695842
LAC,1964,1890.12464024824,3488.15876194729
LAC,1965,2094.22703228457,3593.101376588
LAC,1966,2143.55760922794,3659.65595439292
LAC,1967,2230.20895147144,3722.41634801225
LAC,1968,2334.89583964853,3896.7414406848
LAC,1969,2328.75740625704,4060.18905130711
LAC,1970,2507.13036818546,4228.98549430857
LAC,1971,2633.26042244597,4413.24168278117
LAC,1972,2769.50014029358,4638.81196708068
LAC,1973,2905.77496662549,4921.01019615197
LAC,1974,3055.49688503248,5123.42682639561
LAC,1975,3009.28170629631,5215.57584055979
LAC,1976,3215.00785034759,5375.73592741528
LAC,1977,3355.57901479851,5502.43545032657
LAC,1978,3399.37763576635,5608.22230724786
LAC,1979,3576.72057905602,5885.02019588979
LAC,1980,4062.42293092644,6135.6146363231
LAC,1981,3956.77072907267,6064.71782850136
LAC,1982,3883.87068571702,5949.71199672639
LAC,1983,3692.67007568927,5701.37687409207
LAC,1984,3723.20657408491,5799.36405514349
LAC,1985,3741.23894431541,5857.96433180401
LAC,1986,3859.49685159105,5933.08522588129
LAC,1987,3741.3695988158,5999.98205792369
LAC,1988,3588.05931434756,5904.56929496413
LAC,1989,3568.47606786839,5872.99817919612
LAC,1990,3660.961493173,5736.004226544
LAC,1991,3739.42673399994,5789.20490132387
LAC,1992,3725.12170334556,5807.6964268728
LAC,1993,3727.72110111099,5955.15351357727
LAC,1994,3849.94299812378,6162.64834603778
LAC,1995,3890.4388164689,6085.44728642746
LAC,1996,3958.6243462471,6218.56861660356
LAC,1997,4099.87210969458,6443.35745511494
LAC,1998,4134.44341345606,6519.32104175294
LAC,1999,4103.14601213702,6453.71782429486
LAC,2000,4228.71499906224,6589.9401443163
LAC,2001,4196.98666241182,6509.77616856587
LAC,2002,4139.8499165228905,6446.5297580418
LAC,2003,4164.91010336698,6516.93359393835
LAC,2004,4268.23794522816,6775.40642379217
LAC,2005,4384.48392406541,6960.33376224895
LAC,2006,4590.76926248586,7239.30314970264
LAC,2007,4763.69714236193,7536.73380030113
LAC,2008,4920.33800639044,7728.81449684895
LAC,2009,4822.66842959211,7458.14410065767
LAC,2010,5069.30079776085,7869.15845611304
LAC,2011,5285.76692211204,8129.13906232384
LAC,2012,5390.19026330908,8233.38362187076
LAC,2013,5518.28860475031,8373.05442324551
LAC,2014,5554.84241349896,8395.365296428
LAC,2015,5545.56593082908,8337.14599402852
LAC,2016,5466.33198677125,8216.79823575993
LAC,2017,5547.23966330762,8300.30643477661
LAC,2018,5586.13609789208,8344.87531835759
LAC,2019,5594.86107727892,8315.3142885428
LAC,2020,5140.45722521378,7713.1035785803
LAC,2021,5459.86957850264,8188.8438964048
LAC,2022,5718.55954484629,8449.54418250572
LAC,2023,5852.67625562516,8562.81505295761
LAO,1960,NA,NA
LAO,1961,NA,NA
LAO,1962,NA,NA
LAO,1963,NA,NA
LAO,1964,NA,NA
LAO,1965,NA,NA
LAO,1966,NA,NA
LAO,1967,NA,NA
LAO,1968,NA,NA
LAO,1969,NA,NA
LAO,1970,NA,NA
LAO,1971,NA,NA
LAO,1972,NA,NA
LAO,1973,NA,NA
LAO,1974,NA,NA
LAO,1975,NA,NA
LAO,1976,NA,NA
LAO,1977,NA,NA
LAO,1978,NA,NA
LAO,1979,NA,NA
LAO,1980,NA,NA
LAO,1981,NA,NA
LAO,1982,NA,NA
LAO,1983,NA,NA
LAO,1984,NA,579.867782983835
LAO,1985,NA,592.627301998099
LAO,1986,NA,604.331788271833
LAO,1987,NA,579.022620522311
LAO,1988,NA,551.363163716143
LAO,1989,NA,611.822069881845
LAO,1990,NA,634.525297009385
LAO,1991,NA,643.410259077746
LAO,1992,NA,660.633861954064
LAO,1993,NA,680.964153708638
LAO,1994,NA,717.509245108717
LAO,1995,NA,749.234741728538
LAO,1996,NA,782.683156535545
LAO,1997,NA,819.205851313643
LAO,1998,NA,836.088098507116
LAO,1999,NA,881.634129609675
LAO,2000,575.728373112551,917.228038617529
LAO,2001,676.111868552101,954.123505414634
LAO,2002,657.361932825086,994.492241963795
LAO,2003,744.89659821744,1038.71192767783
LAO,2004,811.964843038143,1088.76034728831
LAO,2005,854.644374124633,1148.68153852071
LAO,2006,880.270084682247,1228.08927619923
LAO,2007,871.104200174486,1301.08597549864
LAO,2008,1004.32618935516,1381.73754223953
LAO,2009,1031.11080846288,1463.3379666846
LAO,2010,1192.66385744522,1564.91068311647
LAO,2011,1213.16046283601,1666.40086189871
LAO,2012,1374.16004009223,1774.63585203672
LAO,2013,1420.92199753611,1890.27861294875
LAO,2014,1466.92189143769,2006.31195444447
LAO,2015,1510.80094076966,2121.01339097363
LAO,2016,1554.75945600955,2234.76098741846
LAO,2017,NA,2351.57441747595
LAO,2018,NA,2459.97874636195
LAO,2019,NA,2554.95638019245
LAO,2020,NA,2529.74622698761
LAO,2021,NA,2556.58912640405
LAO,2022,NA,2589.05015191628
LAO,2023,NA,2648.88726608035
LBN,1960,NA,NA
LBN,1961,NA,NA
LBN,1962,NA,NA
LBN,1963,NA,NA
LBN,1964,NA,NA
LBN,1965,NA,NA
LBN,1966,NA,NA
LBN,1967,NA,NA
LBN,1968,NA,NA
LBN,1969,NA,NA
LBN,1970,NA,NA
LBN,1971,NA,NA
LBN,1972,NA,NA
LBN,1973,NA,NA
LBN,1974,NA,NA
LBN,1975,NA,NA
LBN,1976,NA,NA
LBN,1977,NA,NA
LBN,1978,NA,NA
LBN,1979,NA,NA
LBN,1980,NA,NA
LBN,1981,NA,NA
LBN,1982,NA,NA
LBN,1983,NA,NA
LBN,1984,NA,NA
LBN,1985,NA,NA
LBN,1986,NA,NA
LBN,1987,NA,NA
LBN,1988,NA,3934.02937659685
LBN,1989,NA,2218.62643641084
LBN,1990,2293.4724334996,2752.72442253257
LBN,1991,3099.39047775818,4031.19474543924
LBN,1992,4700.84984563955,4595.5808332577
LBN,1993,5343.08332050483,4992.69878232449
LBN,1994,5334.09117088341,5301.41584672248
LBN,1995,5484.84069617515,5542.2265103529
LBN,1996,5542.4863264824,6054.52911921482
LBN,1997,5250.10899639876,6008.75855385657
LBN,1998,5256.61775860485,6120.45672717024
LBN,1999,5216.8613038098,5982.41788354308
LBN,2000,5199.40188958661,5958.97836750301
LBN,2001,5384.69990608597,6085.76041420146
LBN,2002,5443.16362820196,6207.24133893746
LBN,2003,5556.48736429165,6319.76518298647
LBN,2004,5780.9589478506,6633.75258002393
LBN,2005,5509.39557122749,6707.18024635316
LBN,2006,5589.92037017441,6696.37428200596
LBN,2007,5881.71794969836,7179.34520092306
LBN,2008,6334.62802172685,7701.29823027979
LBN,2009,7064.40230231688,8375.48851252821
LBN,2010,7610.65994128655,8955.54336184707
LBN,2011,7300.72362411454,8936.20027462737
LBN,2012,7793.77412189852,8920.8056984673
LBN,2013,7398.83264311759,8443.53856528784
LBN,2014,7009.06109218896,7830.4151113336
LBN,2015,7004.81174058787,7714.1099998804
LBN,2016,7192.69039754913,8019.1416913426
LBN,2017,7376.96157842553,8305.57405425721
LBN,2018,7402.67567505145,8388.7235123835
LBN,2019,7462.1866943427,8064.04873416236
LBN,2020,6517.44893384313,6440.82843092922
LBN,2021,6636.43884618194,5973.41933892988
LBN,2022,6757.91535162544,5909.03651555028
LBN,2023,NA,NA
LBR,1960,NA,2444.31469526757
LBR,1961,NA,2443.49659480131
LBR,1962,NA,2415.69266041905
LBR,1963,NA,2409.4954202823
LBR,1964,NA,2470.56791446524
LBR,1965,NA,2524.01173421628
LBR,1966,NA,2650.22595716575
LBR,1967,NA,2758.08976875735
LBR,1968,NA,2816.84664683349
LBR,1969,NA,2945.89004216618
LBR,1970,NA,3062.76012670052
LBR,1971,NA,3133.08794246405
LBR,1972,NA,3181.18745918364
LBR,1973,NA,3029.07698774212
LBR,1974,NA,3089.60241101354
LBR,1975,NA,2902.91706211827
LBR,1976,NA,2974.92235227576
LBR,1977,NA,2938.3808063932
LBR,1978,NA,2991.43152973263
LBR,1979,NA,2999.25307157856
LBR,1980,NA,2792.03699789523
LBR,1981,NA,2653.14625045204
LBR,1982,NA,2514.92132162384
LBR,1983,NA,2394.57437804073
LBR,1984,NA,2272.71154024111
LBR,1985,NA,2185.92809767452
LBR,1986,NA,2085.95288219421
LBR,1987,NA,2005.365759545
LBR,1988,NA,1908.45304051582
LBR,1989,NA,1360.08049123405
LBR,1990,NA,754.134009462384
LBR,1991,NA,735.180658658157
LBR,1992,NA,450.538677691808
LBR,1993,NA,290.388920233659
LBR,1994,NA,227.742776021788
LBR,1995,NA,216.093554614513
LBR,1996,NA,235.435058248512
LBR,1997,NA,449.286058616964
LBR,1998,NA,528.670341826706
LBR,1999,NA,609.040903258705
LBR,2000,NA,754.850917360951
LBR,2001,NA,754.422355762017
LBR,2002,NA,762.716393927064
LBR,2003,NA,528.567395543421
LBR,2004,NA,535.995882066218
LBR,2005,NA,539.665378841936
LBR,2006,NA,551.377446611852
LBR,2007,NA,574.609394348543
LBR,2008,NA,591.185378141907
LBR,2009,NA,603.256211077605
LBR,2010,NA,621.783295071575
LBR,2011,NA,646.908727016597
LBR,2012,NA,674.360011422232
LBR,2013,NA,717.007280358975
LBR,2014,NA,707.157694930142
LBR,2015,NA,692.590082351257
LBR,2016,NA,668.031513175601
LBR,2017,NA,671.260899835355
LBR,2018,NA,665.875439637137
LBR,2019,NA,636.699384824869
LBR,2020,NA,605.025475431411
LBR,2021,NA,621.927983063426
LBR,2022,NA,638.005183858289
LBR,2023,NA,653.329188343162
LBY,1960,NA,2818.01054981575
LBY,1961,NA,2971.84367839673
LBY,1962,NA,3777.5309453831
LBY,1963,NA,4893.76778426124
LBY,1964,NA,6843.4814499726
LBY,1965,NA,8525.2050717474
LBY,1966,NA,9863.91368888797
LBY,1967,NA,10676.1021152589
LBY,1968,NA,13891.9893383714
LBY,1969,NA,15230.4046797114
LBY,1970,NA,15460.2338332372
LBY,1971,NA,14161.8807376114
LBY,1972,NA,14950.5563277566
LBY,1973,NA,14659.8970274195
LBY,1974,NA,17044.2198549165
LBY,1975,NA,16770.0269191519
LBY,1976,NA,19473.6763289922
LBY,1977,NA,20018.4295248634
LBY,1978,NA,19521.5919192401
LBY,1979,NA,20077.740120192
LBY,1980,NA,19090.5503735732
LBY,1981,NA,14587.3858912799
LBY,1982,NA,14580.8924435817
LBY,1983,NA,14242.6127542805
LBY,1984,NA,13328.5893545722
LBY,1985,NA,13975.0974777952
LBY,1986,NA,12022.664788855
LBY,1987,NA,9976.13024516634
LBY,1988,NA,10458.6701898418
LBY,1989,NA,10940.1407021471
LBY,1990,NA,11085.9439949716
LBY,1991,NA,12541.6926152482
LBY,1992,NA,11949.2275026865
LBY,1993,NA,11274.3452230872
LBY,1994,NA,11280.3829303475
LBY,1995,NA,10839.2802241884
LBY,1996,NA,10891.8055687803
LBY,1997,NA,11284.7780739062
LBY,1998,NA,10722.8700734717
LBY,1999,NA,10643.1452796026
LBY,2000,NA,10853.8059516526
LBY,2001,NA,10467.8776146012
LBY,2002,NA,10170.3095776338
LBY,2003,NA,11267.0627623548
LBY,2004,NA,11529.1086646221
LBY,2005,NA,12628.896152656
LBY,2006,NA,13176.7758911904
LBY,2007,NA,13712.9602583972
LBY,2008,NA,13403.0004645911
LBY,2009,NA,12549.0854345521
LBY,2010,3974.84735811228,12913.9334939386
LBY,2011,2653.82025995529,6569.59477578957
LBY,2012,3661.62900839272,12599.258882136
LBY,2013,3828.6111853251,10126.314927806
LBY,2014,3630.40843921431,7644.24843947404
LBY,2015,3299.00404956865,7458.48917756374
LBY,2016,3240.28320659924,7236.16409923502
LBY,2017,2651.7195162749,9435.60060040046
LBY,2018,2288.79578786605,10020.9165751361
LBY,2019,2338.46946241689,8768.4104874586
LBY,2020,2487.3518994484202,6102.79864032512
LBY,2021,2447.73361606232,7733.39007562927
LBY,2022,2387.34731804898,7008.20648391963
LBY,2023,2485.19123341031,7633.45142779936
LCA,1960,NA,NA
LCA,1961,NA,NA
LCA,1962,NA,NA
LCA,1963,NA,NA
LCA,1964,NA,NA
LCA,1965,NA,NA
LCA,1966,NA,NA
LCA,1967,NA,NA
LCA,1968,NA,NA
LCA,1969,NA,NA
LCA,1970,NA,NA
LCA,1971,NA,NA
LCA,1972,NA,NA
LCA,1973,NA,NA
LCA,1974,NA,NA
LCA,1975,NA,NA
LCA,1976,NA,NA
LCA,1977,NA,4232.46608958683
LCA,1978,NA,4600.43397394654
LCA,1979,NA,4706.09254781427
LCA,1980,NA,4533.62357512215
LCA,1981,NA,4745.08370520503
LCA,1982,NA,4768.48153100327
LCA,1983,NA,4926.92025160174
LCA,1984,NA,5200.7499510728
LCA,1985,NA,5540.55750653423
LCA,1986,NA,6238.05096078739
LCA,1987,NA,6386.07940049669
LCA,1988,NA,7178.19474081266
LCA,1989,NA,7736.22301526997
LCA,1990,NA,8418.44604587137
LCA,1991,NA,8349.35218508229
LCA,1992,NA,8879.91639652586
LCA,1993,NA,8800.64241746154
LCA,1994,NA,8808.69845751702
LCA,1995,NA,8822.51623633759
LCA,1996,NA,8945.87928585249
LCA,1997,NA,8759.58298004024
LCA,1998,NA,9183.36781077142
LCA,1999,NA,9306.77671554942
LCA,2000,NA,9198.95514428292
LCA,2001,NA,8795.56131122949
LCA,2002,NA,8755.47481325578
LCA,2003,NA,9054.08372936543
LCA,2004,NA,9637.39498682298
LCA,2005,NA,9527.60147386254
LCA,2006,NA,10045.6680952106
LCA,2007,NA,10147.461117218
LCA,2008,NA,10583.4496563264
LCA,2009,NA,10219.8203998162
LCA,2010,NA,10191.3326312581
LCA,2011,NA,10576.9166019205
LCA,2012,NA,10517.2962861137
LCA,2013,NA,10259.9336790247
LCA,2014,NA,10369.9770417343
LCA,2015,NA,10334.9225558425
LCA,2016,NA,10644.1189999038
LCA,2017,NA,10960.6049819498
LCA,2018,NA,11233.9485189504
LCA,2019,NA,11114.7780538251
LCA,2020,NA,8379.30975677286
LCA,2021,NA,9337.0177901296
LCA,2022,NA,11224.2497461512
LCA,2023,NA,11440.0632358822
LCN,1960,1755.81134025988,3354.24370759855
LCN,1961,1820.16291575921,3463.16011032021
LCN,1962,1880.25577272181,3514.04373598555
LCN,1963,1893.86965326419,3489.66542389188
LCN,1964,1960.80942054169,3642.34940754287
LCN,1965,2155.95995361929,3746.96986509305
LCN,1966,2216.06060803678,3829.68136744831
LCN,1967,2299.47266108144,3893.55361279792
LCN,1968,2403.88310293991,4065.18495041749
LCN,1969,2405.69497182974,4235.0600313525
LCN,1970,2581.14391797015,4401.17112732076
LCN,1971,2712.61147663313,4590.42319837056
LCN,1972,2860.57527136684,4801.57299709839
LCN,1973,2984.52537092458,5062.25587881083
LCN,1974,3102.51044714688,5252.13938952085
LCN,1975,3043.94465767751,5314.97996324253
LCN,1976,3318.66232465276,5476.52364217714
LCN,1977,3394.62365187696,5613.55350720106
LCN,1978,3445.23794812231,5735.88603152011
LCN,1979,3622.103144342,6022.87426557586
LCN,1980,4092.34520594099,6281.69093358902
LCN,1981,3998.16275517237,6221.69167282157
LCN,1982,3909.24670158253,6079.67142339723
LCN,1983,3720.16082986132,5815.70992393093
LCN,1984,3751.46642423101,5915.98617145866
LCN,1985,3769.29319854798,5976.49279864783
LCN,1986,3888.07344404172,6060.76695780961
LCN,1987,3782.50410773766,6138.11125455014
LCN,1988,3641.5335638888,6056.27946342437
LCN,1989,3629.4873877973,6043.19543962436
LCN,1990,3718.25234497754,5908.00950092757
LCN,1991,3796.68593309007,5971.47347872289
LCN,1992,3796.24319579979,6016.21244868941
LCN,1993,3808.04976978506,6171.53904838566
LCN,1994,3935.92801087392,6384.21127747552
LCN,1995,3973.37333122507,6330.40431467519
LCN,1996,4067.97209575034,6471.34798147995
LCN,1997,4218.03573250658,6712.71217941669
LCN,1998,4265.06126498286,6805.49265457153
LCN,1999,4236.41884885721,6748.22606135712
LCN,2000,4363.05389760792,6891.11464707654
LCN,2001,4333.78982863854,6826.67706991555
LCN,2002,4283.83716231051,6767.16200958334
LCN,2003,4316.11882021236,6844.66684281926
LCN,2004,4434.88142156464,7127.31663127544
LCN,2005,4563.95872436075,7319.10807077915
LCN,2006,4774.87532623967,7604.33341538348
LCN,2007,4950.75264377482,7906.24856070091
LCN,2008,5103.17794355752,8100.80096412841
LCN,2009,5001.09929417507,7828.23546720269
LCN,2010,5260.91124810798,8238.24531410929
LCN,2011,5488.58653223602,8509.36893280399
LCN,2012,5603.2101750145,8635.96596535157
LCN,2013,5739.92477440135,8782.54714421537
LCN,2014,5777.53495940579,8810.2901744253
LCN,2015,5771.16452041882,8759.80639725635
LCN,2016,5702.92421387291,8648.36599981157
LCN,2017,5794.53026584056,8732.80197489431
LCN,2018,5852.58283063271,8795.62699125399
LCN,2019,5872.0688122786,8784.28523074287
LCN,2020,5409.66566245105,8145.99967744683
LCN,2021,5795.42784363508,8670.01524851671
LCN,2022,6062.81895747914,8960.23778188341
LCN,2023,6181.47556580334,9084.67548578985
LDC,1960,NA,NA
LDC,1961,NA,617.628887931591
LDC,1962,NA,647.854989720109
LDC,1963,NA,645.051842789259
LDC,1964,NA,652.312581731261
LDC,1965,NA,659.782606058459
LDC,1966,NA,664.794133241784
LDC,1967,NA,654.871542830641
LDC,1968,NA,671.009824524119
LDC,1969,NA,675.21059414991
LDC,1970,NA,654.04017376461
LDC,1971,NA,650.081075916537
LDC,1972,NA,625.328340174489
LDC,1973,NA,623.265129465966
LDC,1974,NA,641.65954552328
LDC,1975,NA,628.587804266596
LDC,1976,NA,637.352553638911
LDC,1977,NA,634.514179394131
LDC,1978,NA,629.018543117832
LDC,1979,NA,624.352985295255
LDC,1980,NA,622.639449699101
LDC,1981,NA,623.948189438223
LDC,1982,NA,615.06090907176
LDC,1983,NA,608.753708909383
LDC,1984,NA,606.614783936219
LDC,1985,NA,600.424487653026
LDC,1986,NA,605.185085406729
LDC,1987,NA,615.022597352866
LDC,1988,NA,616.097736307646
LDC,1989,NA,611.364555946309
LDC,1990,NA,596.683210826095
LDC,1991,NA,592.618227765665
LDC,1992,NA,579.463229145853
LDC,1993,482.219704325494,562.191812704354
LDC,1994,455.311600538174,550.37092658325
LDC,1995,470.205104462988,566.948317691939
LDC,1996,483.159904400274,583.182336977967
LDC,1997,478.305145393094,598.877358192873
LDC,1998,500.404597149366,607.314509857714
LDC,1999,499.826932471731,616.540026181297
LDC,2000,496.003747450295,628.189699241001
LDC,2001,510.385871085802,643.160711750394
LDC,2002,513.17489227434,660.735952984977
LDC,2003,526.824226982462,676.985725396958
LDC,2004,541.463005606194,703.105736551591
LDC,2005,557.715985730025,737.541250964312
LDC,2006,580.904576631303,769.618820847047
LDC,2007,601.058924451925,806.771937369964
LDC,2008,611.526751001103,839.165899852081
LDC,2009,629.525511893152,855.089359473011
LDC,2010,647.191449723844,887.388670804362
LDC,2011,640.37667329725,894.822309421536
LDC,2012,655.611450011878,901.862436350559
LDC,2013,675.877022557552,932.285480836562
LDC,2014,691.824086672415,961.890540498261
LDC,2015,699.444981633,964.449793360221
LDC,2016,707.152502793483,977.155242071557
LDC,2017,718.995444550739,997.787431054508
LDC,2018,732.112826900119,1019.39455562242
LDC,2019,742.942699671877,1045.92643341587
LDC,2020,724.15692554283,1020.04519699244
LDC,2021,738.924925717244,1024.76170591215
LDC,2022,758.312912741078,1048.29941660578
LDC,2023,752.477920298866,1059.75863047307
LIE,1960,NA,NA
LIE,1961,NA,NA
LIE,1962,NA,NA
LIE,1963,NA,NA
LIE,1964,NA,NA
LIE,1965,NA,NA
LIE,1966,NA,NA
LIE,1967,NA,NA
LIE,1968,NA,NA
LIE,1969,NA,NA
LIE,1970,NA,NA
LIE,1971,NA,NA
LIE,1972,NA,NA
LIE,1973,NA,NA
LIE,1974,NA,NA
LIE,1975,NA,NA
LIE,1976,NA,NA
LIE,1977,NA,NA
LIE,1978,NA,NA
LIE,1979,NA,NA
LIE,1980,NA,NA
LIE,1981,NA,NA
LIE,1982,NA,NA
LIE,1983,NA,NA
LIE,1984,NA,NA
LIE,1985,NA,NA
LIE,1986,NA,NA
LIE,1987,NA,NA
LIE,1988,NA,NA
LIE,1989,NA,NA
LIE,1990,NA,NA
LIE,1991,NA,NA
LIE,1992,NA,NA
LIE,1993,NA,NA
LIE,1994,NA,NA
LIE,1995,NA,NA
LIE,1996,NA,NA
LIE,1997,NA,NA
LIE,1998,NA,NA
LIE,1999,NA,NA
LIE,2000,NA,NA
LIE,2001,NA,NA
LIE,2002,NA,NA
LIE,2003,NA,NA
LIE,2004,NA,NA
LIE,2005,NA,NA
LIE,2006,NA,NA
LIE,2007,NA,NA
LIE,2008,NA,NA
LIE,2009,NA,NA
LIE,2010,NA,NA
LIE,2011,NA,NA
LIE,2012,NA,NA
LIE,2013,NA,NA
LIE,2014,NA,NA
LIE,2015,NA,167187.15730982
LIE,2016,NA,NA
LIE,2017,NA,NA
LIE,2018,NA,NA
LIE,2019,NA,NA
LIE,2020,NA,NA
LIE,2021,NA,NA
LIE,2022,NA,NA
LIE,2023,NA,NA
LKA,1960,NA,NA
LKA,1961,NA,659.69330629927
LKA,1962,NA,668.380473346022
LKA,1963,NA,668.638101759368
LKA,1964,NA,677.909334565534
LKA,1965,NA,678.325615318281
LKA,1966,NA,695.398031901797
LKA,1967,NA,722.512489513696
LKA,1968,NA,746.26918114991
LKA,1969,NA,785.271601767386
LKA,1970,NA,797.342745308048
LKA,1971,NA,790.722371167036
LKA,1972,NA,771.658787144285
LKA,1973,NA,810.196818472345
LKA,1974,NA,825.877693629096
LKA,1975,NA,860.734587486044
LKA,1976,NA,873.466901047582
LKA,1977,NA,901.513326678551
LKA,1978,NA,935.127409816324
LKA,1979,NA,976.617327373137
LKA,1980,NA,1015.02750814793
LKA,1981,NA,1055.01334318152
LKA,1982,NA,1085.25524122931
LKA,1983,NA,1129.94297855549
LKA,1984,NA,1183.47937194525
LKA,1985,NA,1234.46862571907
LKA,1986,NA,1272.91465633627
LKA,1987,NA,1279.80364857171
LKA,1988,NA,1298.2319973552
LKA,1989,NA,1314.19247750419
LKA,1990,NA,1389.41614689913
LKA,1991,NA,1442.48817179149
LKA,1992,NA,1482.2129390932
LKA,1993,NA,1557.81148949391
LKA,1994,NA,1621.25577136014
LKA,1995,NA,1682.35144165772
LKA,1996,NA,1713.0273181187
LKA,1997,NA,1788.4742268416
LKA,1998,NA,1837.4826670222
LKA,1999,NA,1881.22600963848
LKA,2000,NA,1958.09806795553
LKA,2001,NA,1897.61149519367
LKA,2002,NA,1952.38679401121
LKA,2003,NA,2053.25202647413
LKA,2004,NA,2150.38565090357
LKA,2005,NA,2270.03856484018
LKA,2006,NA,2427.79314044729
LKA,2007,NA,2575.07565490193
LKA,2008,NA,2710.19836602213
LKA,2009,NA,2788.93277634451
LKA,2010,NA,2994.79585926731
LKA,2011,NA,3234.29773884142
LKA,2012,NA,3486.86498954517
LKA,2013,NA,3731.15570563116
LKA,2014,NA,3932.2601057325
LKA,2015,2596.2408013932,4060.13139670248
LKA,2016,2640.92427608795,4217.25021944232
LKA,2017,2596.17795161869,4440.51155042957
LKA,2018,2690.69940895441,4495.71046284418
LKA,2019,2776.57819605674,4458.43442725849
LKA,2020,2602.69313957701,4229.74962899734
LKA,2021,2644.26901511565,4360.56656284016
LKA,2022,2629.12633481762,4035.65116324423
LKA,2023,2603.68979945269,3968.6762893616
LMY,1960,NA,798.995133647758
LMY,1961,NA,795.971049939696
LMY,1962,NA,808.304182128496
LMY,1963,NA,826.227845894418
LMY,1964,NA,869.31012711144
LMY,1965,NA,899.951979409016
LMY,1966,NA,920.814845558355
LMY,1967,NA,927.287913396665
LMY,1968,NA,959.801270361526
LMY,1969,NA,1012.29871031301
LMY,1970,NA,1065.49093221207
LMY,1971,NA,1103.66134984759
LMY,1972,NA,1144.01199951409
LMY,1973,NA,1194.04048758921
LMY,1974,NA,1237.16222734913
LMY,1975,NA,1261.450250063
LMY,1976,NA,1311.77469300736
LMY,1977,NA,1343.58250501659
LMY,1978,NA,1364.31289587637
LMY,1979,NA,1397.21381906246
LMY,1980,NA,1432.87394758324
LMY,1981,NA,1429.92984832449
LMY,1982,NA,1438.92919737098
LMY,1983,NA,1430.95696339245
LMY,1984,NA,1466.27757388178
LMY,1985,NA,1499.40873116334
LMY,1986,NA,1522.18643671274
LMY,1987,NA,1559.54873095842
LMY,1988,NA,1589.59020293911
LMY,1989,NA,1604.73785831913
LMY,1990,NA,1621.19609011928
LMY,1991,NA,1634.94167245815
LMY,1992,NA,1672.3887583399
LMY,1993,NA,1724.2344417902
LMY,1994,NA,1780.33216060661
LMY,1995,1044.91357564706,1829.44498520314
LMY,1996,1087.41827643616,1909.84054537597
LMY,1997,1120.45649450488,1983.5477694941
LMY,1998,1133.67063988252,2015.16631269504
LMY,1999,1153.08173983075,2054.76084145714
LMY,2000,1197.22631298331,2134.33630954632
LMY,2001,1215.62293386788,2177.75137675328
LMY,2002,1240.0743115933,2246.61396414731
LMY,2003,1275.32802190963,2343.44554621473
LMY,2004,1331.4837240881,2486.00887995812
LMY,2005,1400.93701878295,2629.52280956562
LMY,2006,1471.52311941794,2804.75042747707
LMY,2007,1564.79161134986,3009.94032975908
LMY,2008,1624.42293788351,3143.42622922925
LMY,2009,1655.48713422389,3222.82023510331
LMY,2010,1756.3751392043,3437.27748428502
LMY,2011,1871.87916171931,3605.67347773318
LMY,2012,1952.22467941931,3749.67988452287
LMY,2013,2035.24440554434,3905.36990805055
LMY,2014,2108.01453204554,4051.955413697
LMY,2015,2179.76966138033,4187.84406931518
LMY,2016,2258.22894122899,4330.88462331612
LMY,2017,2358.721889836,4503.56586786811
LMY,2018,2450.93293771527,4669.07690535004
LMY,2019,2525.51562752979,4800.43782534205
LMY,2020,2410.6568264717,4692.43176532252
LMY,2021,2601.00180376513,4984.36001668603
LMY,2022,2683.4839536313398,5124.98382202177
LMY,2023,NA,5309.28601106189
LSO,1960,4.52521118498538,262.740430477896
LSO,1961,4.52368575429739,259.766244822179
LSO,1962,5.12509986281782,290.783296423173
LSO,1963,5.75012501698489,312.241145215823
LSO,1964,6.09497582461083,328.198191287611
LSO,1965,6.22596174032041,325.590538885237
LSO,1966,7.04896875378242,314.05528569707
LSO,1967,6.76443527724745,336.08707480963
LSO,1968,6.73952876857644,322.801616409112
LSO,1969,6.78206444664888,316.095837742896
LSO,1970,7.11518717950318,311.547635974626
LSO,1971,7.88245347568243,316.016165909906
LSO,1972,9.15024345501097,304.47441265352097
LSO,1973,12.0229625172371,371.74336550207
LSO,1974,15.278099691721,398.583050725907
LSO,1975,17.8549794270119,333.011647916614
LSO,1976,21.952650432434,358.129667050375
LSO,1977,26.6202809942522,423.805354129932
LSO,1978,29.4183226821982,487.351455588325
LSO,1979,34.0164666517706,487.16604508229
LSO,1980,38.8505712152362,460.201617282317
LSO,1981,45.722452967296,450.102526288964
LSO,1982,52.1669387833131,456.70895712652
LSO,1983,60.3553901810092,452.520331729117
LSO,1984,67.3391182634043,464.085693764499
LSO,1985,72.033248315644,462.892172294155
LSO,1986,80.3922319125577,472.432855957162
LSO,1987,81.9914652262971,465.473147313833
LSO,1988,99.4172981320332,494.921891483579
LSO,1989,114.401265372367,513.106302889949
LSO,1990,119.65207571515,533.824964193999
LSO,1991,143.36051953724,560.884905718596
LSO,1992,153.032553923843,590.008212092485
LSO,1993,165.668136990389,601.55791413154
LSO,1994,172.37089209789,628.960051227201
LSO,1995,186.361133949263,641.758711944969
LSO,1996,206.670715551798,670.469581774155
LSO,1997,253.955885011116,689.806218455005
LSO,1998,356.285260703473,696.935973937753
LSO,1999,380.910838375077,698.441087182066
LSO,2000,409.996008781959,725.263668707773
LSO,2001,416.986388007813,752.243212493971
LSO,2002,489.491789956452,760.033443180306
LSO,2003,523.933851323086,798.540500554454
LSO,2004,561.009568627444,817.793597897186
LSO,2005,609.923095482091,853.960500629797
LSO,2006,670.315018504753,893.750686627156
LSO,2007,609.409064230834,927.26863327342
LSO,2008,678.873455512441,971.881366821351
LSO,2009,729.564730943576,952.747929746529
LSO,2010,791.885510604757,995.233432451681
LSO,2011,822.606489771815,1031.99721564343
LSO,2012,828.986534290459,1086.39034816283
LSO,2013,811.276480818306,1093.95323489272
LSO,2014,805.149470986527,1100.04993684215
LSO,2015,858.373541540473,1121.19851342518
LSO,2016,834.013290942019,1147.58748801671
LSO,2017,877.924471886798,1097.82166812752
LSO,2018,868.126451830731,1068.44462913373
LSO,2019,823.074858019927,1040.99351014117
LSO,2020,826.196743950142,944.834118658555
LSO,2021,803.157832696233,955.221236301503
LSO,2022,792.853487136375,967.51928598325
LSO,2023,854.797943624321,974.382482849023
LTE,1960,NA,884.488305896106
LTE,1961,NA,850.756248108345
LTE,1962,NA,864.712359728553
LTE,1963,NA,880.02151680933
LTE,1964,NA,922.627589818681
LTE,1965,NA,964.982969999331
LTE,1966,NA,1014.57494232336
LTE,1967,NA,1009.6472778337
LTE,1968,NA,1038.349974376
LTE,1969,NA,1115.1137396723
LTE,1970,NA,1207.03543987481
LTE,1971,NA,1279.51079638207
LTE,1972,NA,1350.68051051386
LTE,1973,NA,1453.34358642774
LTE,1974,NA,1497.18247982518
LTE,1975,NA,1534.79207788785
LTE,1976,NA,1610.55555210512
LTE,1977,NA,1686.88120865108
LTE,1978,NA,1772.49504520973
LTE,1979,NA,1882.7429254338
LTE,1980,NA,1991.98801188106
LTE,1981,NA,1966.44115028358
LTE,1982,NA,1973.95075317471
LTE,1983,NA,1978.37280966361
LTE,1984,NA,2102.59689735133
LTE,1985,NA,2222.30217123163
LTE,1986,NA,2315.59833568117
LTE,1987,NA,2426.3607122569
LTE,1988,NA,2511.36794679192
LTE,1989,NA,2591.40625729255
LTE,1990,NA,2562.4392135657
LTE,1991,NA,2541.90259691867
LTE,1992,NA,2530.67721209572
LTE,1993,NA,2610.0327112036
LTE,1994,NA,2696.19654127035
LTE,1995,1339.32048346162,2818.87394492916
LTE,1996,1421.47109441729,2932.36976673755
LTE,1997,1465.88091702701,3067.02055089493
LTE,1998,1479.68666400214,3124.12486239747
LTE,1999,1515.27847745093,3240.14639019778
LTE,2000,1607.47563782776,3439.32553679405
LTE,2001,1669.7016229311,3591.04762108148
LTE,2002,1753.12875974437,3780.14009325572
LTE,2003,1817.25883890595,4011.73378547981
LTE,2004,1939.88676239421,4312.30495779685
LTE,2005,2076.37222581127,4616.72923352631
LTE,2006,2237.31639697054,5013.04026550178
LTE,2007,2452.69502286863,5488.64311016902
LTE,2008,2621.87632092286,5830.41940457377
LTE,2009,2674.730022693,6007.68096231807
LTE,2010,2844.18065319416,6453.53889639912
LTE,2011,3088.15024112596,6874.49735694415
LTE,2012,3261.79883996652,7220.62359366518
LTE,2013,3432.01592081021,7572.05948017612
LTE,2014,3608.97733593732,7911.07613838917
LTE,2015,3717.50091966046,8228.52190325449
LTE,2016,3865.48437365826,8540.00060585723
LTE,2017,4098.58001915957,8934.99162597092
LTE,2018,4331.52452118194,9368.07913290218
LTE,2019,4532.75794913391,9759.68977594716
LTE,2020,4366.64867500091,9747.60290129074
LTE,2021,4780.84688794362,10460.5569090609
LTE,2022,4890.73047125852,10772.0168363139
LTE,2023,NA,11206.5239533808
LTU,1960,NA,NA
LTU,1961,NA,NA
LTU,1962,NA,NA
LTU,1963,NA,NA
LTU,1964,NA,NA
LTU,1965,NA,NA
LTU,1966,NA,NA
LTU,1967,NA,NA
LTU,1968,NA,NA
LTU,1969,NA,NA
LTU,1970,NA,NA
LTU,1971,NA,NA
LTU,1972,NA,NA
LTU,1973,NA,NA
LTU,1974,NA,NA
LTU,1975,NA,NA
LTU,1976,NA,NA
LTU,1977,NA,NA
LTU,1978,NA,NA
LTU,1979,NA,NA
LTU,1980,NA,NA
LTU,1981,NA,NA
LTU,1982,NA,NA
LTU,1983,NA,NA
LTU,1984,NA,NA
LTU,1985,NA,NA
LTU,1986,NA,NA
LTU,1987,NA,NA
LTU,1988,NA,NA
LTU,1989,NA,NA
LTU,1990,NA,8333.35053496193
LTU,1991,NA,7847.01718127491
LTU,1992,NA,6185.53510851476
LTU,1993,NA,5206.44255362131
LTU,1994,NA,4730.69622192068
LTU,1995,2877.78612400329,4924.09657364995
LTU,1996,3083.1559456009,5211.10009196454
LTU,1997,3281.23675161959,5685.44881050537
LTU,1998,3462.5149422744,6154.17226900569
LTU,1999,3659.91620580995,6129.99860515858
LTU,2000,3939.10150380784,6384.30864873307
LTU,2001,4136.83354528013,6854.52505220435
LTU,2002,4421.06567928084,7374.09777788834
LTU,2003,4963.60982140323,8218.69324974821
LTU,2004,5565.13786650985,8851.92600601146
LTU,2005,6310.37827491091,9692.86837221713
LTU,2006,6997.05818040624,10577.214234025
LTU,2007,7963.94400876606,11889.354545844
LTU,2008,8358.15309998678,12324.5195097128
LTU,2009,6981.63128687929,10612.9203246688
LTU,2010,6909.92903836041,10884.1160456797
LTU,2011,7372.90142564376,11836.7199700848
LTU,2012,7703.05391216394,12522.3408614335
LTU,2013,8116.76201275923,13161.6342669635
LTU,2014,8489.34325267192,13776.1052981213
LTU,2015,8917.06088783126,14300.2553666736
LTU,2016,9399.95295707991,14870.1049461514
LTU,2017,9872.1774259955,15775.00059445
LTU,2018,10328.7462738717,16709.5561779447
LTU,2019,10640.0726337714,17537.4819556631
LTU,2020,10281.945160768,17540.2948595021
LTU,2021,11094.7656496256,18619.7026827218
LTU,2022,11197.1947714045,18884.5148575051
LTU,2023,10928.1091745491,18685.551945873
LUX,1960,NA,27861.1688948029
LUX,1961,NA,28665.756752807
LUX,1962,NA,28701.496428869
LUX,1963,NA,29381.7015829684
LUX,1964,NA,31339.8677164892
LUX,1965,NA,30757.6226181151
LUX,1966,NA,30874.710795449
LUX,1967,NA,30840.0249219752
LUX,1968,NA,32048.5354843166
LUX,1969,NA,35072.3830257911
LUX,1970,14522.7504476632,35513.8009854427
LUX,1971,15193.2704156921,36114.9765484434
LUX,1972,15737.1663023602,38033.7401625331
LUX,1973,16460.1342444881,40742.7918500131
LUX,1974,16977.9159373669,41908.9752721689
LUX,1975,17679.1505676768,38729.5604581864
LUX,1976,18144.1809688186,39515.0353486263
LUX,1977,18526.6650262106,40065.6914169583
LUX,1978,19038.9680598189,41623.6010396531
LUX,1979,19665.2610471671,42500.2548997291
LUX,1980,20146.4445763229,42705.3385418472
LUX,1981,20436.51202253,42345.0451531547
LUX,1982,20500.201275243,42788.9485611364
LUX,1983,20595.6687337531,44056.251468465
LUX,1984,20871.9370925802,46733.9235529516
LUX,1985,21393.9207637833,47945.8483699444
LUX,1986,21993.7470267165,52496.6662006102
LUX,1987,22852.9130771557,54218.2753941324
LUX,1988,24043.1101735611,58381.7542558669
LUX,1989,24961.2331568094,63481.5847355331
LUX,1990,25581.9705822353,66027.0758007817
LUX,1991,27014.5173375222,70779.9729147771
LUX,1992,26037.0133396094,71116.9400892209
LUX,1993,26217.5795523962,73116.1946629406
LUX,1994,26908.7930221457,74883.1418537888
LUX,1995,27032.0675306411,74896.0965788046
LUX,1996,27331.6504152191,74916.5067672272
LUX,1997,27858.2432319993,77993.0585335828
LUX,1998,28967.1844931238,82170.2399212578
LUX,1999,30008.4942964884,87695.33957586
LUX,2000,31111.9366652694,92527.7118069642
LUX,2001,31763.1081446682,94243.7073233917
LUX,2002,33054.7756425178,96269.5793851216
LUX,2003,33449.4269823412,97597.9969176553
LUX,2004,33368.9050566655,100292.568479162
LUX,2005,32698.6704593066,101222.045664401
LUX,2006,33507.6569145576,105614.179863952
LUX,2007,33777.4813540038,112417.878458001
LUX,2008,33968.6164238135,110094.792338745
LUX,2009,34118.5416697049,104574.349887682
LUX,2010,34613.0868350253,106544.057241723
LUX,2011,34411.1908247395,105290.249048827
LUX,2012,34411.6505696068,104487.744238704
LUX,2013,33883.4447143396,105338.956059283
LUX,2014,34092.3198705667,105583.937014123
LUX,2015,34311.4627222219,105462.012584423
LUX,2016,34707.4563606012,108351.452158933
LUX,2017,34881.9245957947,107142.127556443
LUX,2018,35118.2647839235,106376.783565763
LUX,2019,35309.6091936589,107350.626687276
LUX,2020,31781.6495908345,104616.03467801
LUX,2021,34860.7253542767,110425.88843286
LUX,2022,34949.1251693932,109714.924316129
LUX,2023,35630.8270120988,106342.757463856
LVA,1960,NA,NA
LVA,1961,NA,NA
LVA,1962,NA,NA
LVA,1963,NA,NA
LVA,1964,NA,NA
LVA,1965,NA,NA
LVA,1966,NA,NA
LVA,1967,NA,NA
LVA,1968,NA,NA
LVA,1969,NA,NA
LVA,1970,NA,NA
LVA,1971,NA,NA
LVA,1972,NA,NA
LVA,1973,NA,NA
LVA,1974,NA,NA
LVA,1975,NA,NA
LVA,1976,NA,NA
LVA,1977,NA,NA
LVA,1978,NA,NA
LVA,1979,NA,NA
LVA,1980,NA,NA
LVA,1981,NA,NA
LVA,1982,NA,NA
LVA,1983,NA,NA
LVA,1984,NA,NA
LVA,1985,NA,NA
LVA,1986,NA,NA
LVA,1987,NA,NA
LVA,1988,NA,NA
LVA,1989,NA,NA
LVA,1990,NA,7622.69843955032
LVA,1991,NA,6694.19910155276
LVA,1992,NA,4607.11390600301
LVA,1993,NA,4464.72124061395
LVA,1994,NA,4639.50576165125
LVA,1995,3133.2312997568,4661.66851148723
LVA,1996,3343.55028481096,4822.90396636409
LVA,1997,3560.42784242852,5317.98018252187
LVA,1998,3629.03336732349,5719.98922340219
LVA,1999,3780.91515242435,5929.26760970467
LVA,2000,3898.89685871553,6336.38310612599
LVA,2001,4151.93246686547,6833.4352857494
LVA,2002,4458.91700743992,7443.22938820575
LVA,2003,4865.70542366982,8149.00194474603
LVA,2004,5422.19233311518,8957.23390372866
LVA,2005,6049.5350111101,10106.2624634001
LVA,2006,7230.6392067347,11507.4646780972
LVA,2007,8112.68342561681,12810.0407808465
LVA,2008,7520.96400015743,12506.694495072
LVA,2009,6445.62962944528,10675.4252448647
LVA,2010,6720.03995421641,10500.8666389182
LVA,2011,6838.84230893857,11018.5153747356
LVA,2012,7314.25211304971,11971.0108776675
LVA,2013,7873.65633443055,12353.5388527084
LVA,2014,8006.15992527682,12731.6774205863
LVA,2015,8253.16460694519,13321.9753140616
LVA,2016,8619.84587491243,13787.3367216588
LVA,2017,8951.12849533902,14382.8613400359
LVA,2018,9294.53997916241,15120.0696016293
LVA,2019,9361.39087852307,15328.3861531528
LVA,2020,9020.06402352853,14900.7294732334
LVA,2021,9759.09343545555,16070.8728743971
LVA,2022,10491.2630539869,16406.6490572974
LVA,2023,10365.2932894069,16703.9018520982
MAC,1960,NA,NA
MAC,1961,NA,NA
MAC,1962,NA,NA
MAC,1963,NA,NA
MAC,1964,NA,NA
MAC,1965,NA,NA
MAC,1966,NA,NA
MAC,1967,NA,NA
MAC,1968,NA,NA
MAC,1969,NA,NA
MAC,1970,NA,NA
MAC,1971,NA,NA
MAC,1972,NA,NA
MAC,1973,NA,NA
MAC,1974,NA,NA
MAC,1975,NA,NA
MAC,1976,NA,NA
MAC,1977,NA,NA
MAC,1978,NA,NA
MAC,1979,NA,NA
MAC,1980,NA,NA
MAC,1981,NA,NA
MAC,1982,8305.36885126574,23023.3397720712
MAC,1983,8330.80910191576,23952.6741351334
MAC,1984,8294.98894904064,24734.5912110263
MAC,1985,8598.89955050027,24326.5998239214
MAC,1986,9161.85176922041,25398.4380620598
MAC,1987,9602.84596782462,28006.9104457978
MAC,1988,10204.1424302968,29320.4814876996
MAC,1989,10349.95412819,29931.5886177004
MAC,1990,10605.1851163344,31369.8635643468
MAC,1991,10824.995721893,30973.3657720283
MAC,1992,11166.2346299375,33271.1922725489
MAC,1993,11481.3708468013,33802.9807094517
MAC,1994,11789.8374735357,34103.7623025662
MAC,1995,11751.3777370366,34151.9035982021
MAC,1996,12052.0322118582,33533.6096691965
MAC,1997,12159.4470788618,33263.7045307135
MAC,1998,11895.0501546619,31367.2423992605
MAC,1999,12042.7862298333,30262.1351696049
MAC,2000,11838.1210763058,31763.2544886623
MAC,2001,11967.3923701695,32432.2785674008
MAC,2002,12544.007470192,34959.4789553457
MAC,2003,12821.8329672532,38571.5853069907
MAC,2004,13497.501527039,47650.9371115089
MAC,2005,13747.2243280909,49454.3054456136
MAC,2006,14032.817001154,53221.6129284219
MAC,2007,14836.1813013468,58352.9615581923
MAC,2008,15078.9853641273,58122.7746636858
MAC,2009,15425.4603916873,59490.4023246461
MAC,2010,16163.1618567096,74158.8329148087
MAC,2011,17578.0024721672,88121.854021015
MAC,2012,18308.4779925973,93164.193587976
MAC,2013,18749.7882632766,98998.2586741496
MAC,2014,18851.9498023622,92322.2273232045
MAC,2015,18553.701927114,70070.2918001631
MAC,2016,18094.1592919907,68570.512855482
MAC,2017,18644.2275712736,75807.990437175
MAC,2018,19105.0053441805,79378.3395479546
MAC,2019,19278.9466890205,75835.7636508166
MAC,2020,16017.9164761429,33952.4969134127
MAC,2021,17593.674864461,42121.7745037138
MAC,2022,16707.4086514248,34121.9508226626
MAC,2023,18890.034016249,59602.3570393926
MAF,1960,NA,NA
MAF,1961,NA,NA
MAF,1962,NA,NA
MAF,1963,NA,NA
MAF,1964,NA,NA
MAF,1965,NA,NA
MAF,1966,NA,NA
MAF,1967,NA,NA
MAF,1968,NA,NA
MAF,1969,NA,NA
MAF,1970,NA,NA
MAF,1971,NA,NA
MAF,1972,NA,NA
MAF,1973,NA,NA
MAF,1974,NA,NA
MAF,1975,NA,NA
MAF,1976,NA,NA
MAF,1977,NA,NA
MAF,1978,NA,NA
MAF,1979,NA,NA
MAF,1980,NA,NA
MAF,1981,NA,NA
MAF,1982,NA,NA
MAF,1983,NA,NA
MAF,1984,NA,NA
MAF,1985,NA,NA
MAF,1986,NA,NA
MAF,1987,NA,NA
MAF,1988,NA,NA
MAF,1989,NA,NA
MAF,1990,NA,NA
MAF,1991,NA,NA
MAF,1992,NA,NA
MAF,1993,NA,NA
MAF,1994,NA,NA
MAF,1995,NA,NA
MAF,1996,NA,NA
MAF,1997,NA,NA
MAF,1998,NA,NA
MAF,1999,NA,NA
MAF,2000,NA,NA
MAF,2001,NA,NA
MAF,2002,NA,NA
MAF,2003,NA,NA
MAF,2004,NA,NA
MAF,2005,NA,NA
MAF,2006,NA,NA
MAF,2007,NA,NA
MAF,2008,NA,NA
MAF,2009,NA,NA
MAF,2010,NA,NA
MAF,2011,NA,NA
MAF,2012,NA,NA
MAF,2013,NA,NA
MAF,2014,NA,NA
MAF,2015,NA,NA
MAF,2016,NA,NA
MAF,2017,NA,NA
MAF,2018,NA,NA
MAF,2019,NA,NA
MAF,2020,NA,NA
MAF,2021,NA,NA
MAF,2022,NA,NA
MAF,2023,NA,NA
MAR,1960,474.126647949219,NA
MAR,1961,470.158264160156,NA
MAR,1962,506.469787597656,NA
MAR,1963,509.579986572266,NA
MAR,1964,482.454406738281,NA
MAR,1965,478.844604492188,NA
MAR,1966,484.88427734375,844.244873046875
MAR,1967,509.747741699219,904.050476074219
MAR,1968,561.423950195313,966.91650390625
MAR,1969,555.664916992188,1020.01104736328
MAR,1970,539.682678222656,1039.61254882813
MAR,1971,546.546875,1069.3251953125
MAR,1972,555.970581054688,1068.21313476563
MAR,1973,562.728576660156,1079.19360351563
MAR,1974,577.642395019531,1112.03527832031
MAR,1975,627.671264648438,1167.787109375
MAR,1976,654.094909667969,1263.17102050781
MAR,1977,688.080688476563,1306.12939453125
MAR,1978,718.804321289063,1301.05102539063
MAR,1979,745.388061523438,1328.20642089844
MAR,1980,707.570861816406,1340.24670410156
MAR,1981,708.091674804688,1281.85180664063
MAR,1982,736.560546875,1359.98828125
MAR,1983,779.196105957031,1343.30456542969
MAR,1984,793.143859863281,1394.10388183594
MAR,1985,803.940673828125,1442.95849609375
MAR,1986,879.466247558594,1542.61840820313
MAR,1987,879.741333007813,1507.19995117188
MAR,1988,943.658081054688,1654.0068359375
MAR,1989,971.9521484375,1669.73254394531
MAR,1990,982.443481445313,1695.63647460938
MAR,1991,1103.69482421875,1786.76281738281
MAR,1992,1082.44592285156,1720.42248535156
MAR,1993,1049.48840332031,1680.71044921875
MAR,1994,1165.93811035156,1830.88061523438
MAR,1995,1102.59826660156,1705.4482421875
MAR,1996,1232.64013671875,1886.67224121094
MAR,1997,1163.09167480469,1828.96862792969
MAR,1998,1211.66625976563,1931.74047851563
MAR,1999,1214.06958007813,1935.47875976563
MAR,2000,1218.85681152344,1957.14135742188
MAR,2001,1216.41479492188,2078.96606445313
MAR,2002,1242.11889648438,2127.50708007813
MAR,2003,1299.79187011719,2229.576171875
MAR,2004,1340.03979492188,2301.08178710938
MAR,2005,1365.72009277344,2342.15478515625
MAR,2006,1434.44128417969,2489.99291992188
MAR,2007,1479.6298828125,2540.615234375
MAR,2008,1569.59448242188,2648.58569335938
MAR,2009,1610.72863769531,2710.66650390625
MAR,2010,1653.21691894531,2767.04223632813
MAR,2011,1720.06774902344,2879.53930664063
MAR,2012,1767.2314453125,2927.45043945313
MAR,2013,1799.5498046875,3008.185546875
MAR,2014,1832.91235351563,3051.458984375
MAR,2015,1855.13293457031,3146.24780273438
MAR,2016,1867.41345214844,3124.42504882813
MAR,2017,1913.16430664063,3242.64428710938
MAR,2018,1939.41870117188,3304.7119140625
MAR,2019,1960.92993164063,3364.73950195313
MAR,2020,1831.89636230469,3090.89428710938
MAR,2021,1939.49926757813,3309.130859375
MAR,2022,1920.11962890625,3325.560546875
MAR,2023,1974.27368164063,3403.31982421875
MCO,1960,NA,NA
MCO,1961,NA,NA
MCO,1962,NA,NA
MCO,1963,NA,NA
MCO,1964,NA,NA
MCO,1965,NA,NA
MCO,1966,NA,NA
MCO,1967,NA,NA
MCO,1968,NA,NA
MCO,1969,NA,NA
MCO,1970,NA,72837.7236189989
MCO,1971,NA,75563.5268306393
MCO,1972,NA,78166.3033413738
MCO,1973,NA,82591.5137380706
MCO,1974,NA,85729.8095579345
MCO,1975,NA,84013.7170561646
MCO,1976,NA,86382.0160151437
MCO,1977,NA,88164.4008364715
MCO,1978,NA,90506.3380580042
MCO,1979,NA,92704.9676890985
MCO,1980,NA,93468.0634012794
MCO,1981,NA,93739.1816077361
MCO,1982,NA,95085.6031046345
MCO,1983,NA,94848.727743484
MCO,1984,NA,94912.5173943415
MCO,1985,NA,95274.3117216542
MCO,1986,NA,96396.2283814114
MCO,1987,NA,97606.9499621531
MCO,1988,NA,100947.054448965
MCO,1989,NA,104091.09474987
MCO,1990,NA,105878.37276656
MCO,1991,NA,106020.717884683
MCO,1992,NA,106558.024151992
MCO,1993,NA,104739.794413175
MCO,1994,NA,106244.898612952
MCO,1995,NA,107691.087543628
MCO,1996,NA,108107.452988927
MCO,1997,NA,109747.029483889
MCO,1998,NA,112873.604489635
MCO,1999,NA,116084.581378187
MCO,2000,NA,120456.506337384
MCO,2001,NA,123122.12291461
MCO,2002,NA,124481.880220824
MCO,2003,NA,126022.239091348
MCO,2004,NA,129403.404955341
MCO,2005,NA,132253.218402608
MCO,2006,NA,140615.178788026
MCO,2007,NA,162028.480643444
MCO,2008,NA,163243.752211148
MCO,2009,NA,142375.532007071
MCO,2010,NA,141814.78664157
MCO,2011,NA,148272.711991792
MCO,2012,NA,146472.677860476
MCO,2013,NA,157167.975027858
MCO,2014,NA,165288.200345355
MCO,2015,NA,170437.101188261
MCO,2016,NA,173120.189785092
MCO,2017,NA,165781.779121526
MCO,2018,NA,173041.761057866
MCO,2019,NA,185582.7556905
MCO,2020,NA,161262.925884403
MCO,2021,NA,194674.777609089
MCO,2022,NA,213937.006283651
MCO,2023,NA,224582.449752101
MDA,1960,NA,NA
MDA,1961,NA,NA
MDA,1962,NA,NA
MDA,1963,NA,NA
MDA,1964,NA,NA
MDA,1965,NA,NA
MDA,1966,NA,NA
MDA,1967,NA,NA
MDA,1968,NA,NA
MDA,1969,NA,NA
MDA,1970,NA,NA
MDA,1971,NA,NA
MDA,1972,NA,NA
MDA,1973,NA,NA
MDA,1974,NA,NA
MDA,1975,NA,NA
MDA,1976,NA,NA
MDA,1977,NA,NA
MDA,1978,NA,NA
MDA,1979,NA,NA
MDA,1980,NA,NA
MDA,1981,NA,NA
MDA,1982,NA,NA
MDA,1983,NA,NA
MDA,1984,NA,NA
MDA,1985,NA,NA
MDA,1986,NA,NA
MDA,1987,NA,NA
MDA,1988,NA,NA
MDA,1989,NA,NA
MDA,1990,NA,3740.10149814887
MDA,1991,NA,3137.8350172715
MDA,1992,NA,2225.17356234959
MDA,1993,NA,2202.16445303219
MDA,1994,NA,1526.42524496526
MDA,1995,658.369662629623,1511.95831765054
MDA,1996,784.971216180709,1425.9518091471
MDA,1997,863.089044878132,1454.80861555923
MDA,1998,906.577877439389,1360.18161095544
MDA,1999,831.159210536529,1316.43254916007
MDA,2000,1007.16955104919,1346.9156717656101
MDA,2001,1071.08335717685,1432.2768928234
MDA,2002,1140.55403009769,1547.57421231612
MDA,2003,1356.05556482943,1654.36629303195
MDA,2004,1444.34394510671,1781.19145323724
MDA,2005,1645.43344277196,1919.44550763748
MDA,2006,1779.04203882418,2017.17730062908
MDA,2007,1847.03536999937,2082.51260097669
MDA,2008,1958.56659783607,2249.22589719372
MDA,2009,1803.737556691,2116.94357544097
MDA,2010,1976.99472562575,2269.51116145996
MDA,2011,2160.52104291184,2402.94446306051
MDA,2012,2180.77005062463,2389.08666147529
MDA,2013,2320.78152289239,2605.85029986142
MDA,2014,2449.35107618604,2737.80185056647
MDA,2015,2408.36081818503,2749.55137054338
MDA,2016,2475.19762926853,2910.95486872376
MDA,2017,2661.3297562187,3085.33305844263
MDA,2018,2799.29886534498,3267.9961042872
MDA,2019,2966.29411604149,3438.67732670712
MDA,2020,2771.89276200315,3188.91691602699
MDA,2021,3298.74798431892,3688.16729442144
MDA,2022,3179.66682758084,3596.22420493094
MDA,2023,3264.26637661167,3728.90191379122
MDG,1960,704.029320027812,812.250361890455
MDG,1961,680.532117802239,807.540073151815
MDG,1962,680.693886350101,804.713147422012
MDG,1963,679.055103084934,776.884057825641
MDG,1964,681.967452562484,787.058949603953
MDG,1965,659.844051785781,763.403670639472
MDG,1966,655.118297146186,758.928205137102
MDG,1967,641.17748341516506,779.716062786951
MDG,1968,673.389019743637,810.5066908574
MDG,1969,680.526637502461,817.562921868275
MDG,1970,705.143160619257,836.540881714049
MDG,1971,720.674805926509,844.493878879637
MDG,1972,686.920536770419,809.524118883836
MDG,1973,648.790921000173,765.217007612961
MDG,1974,610.477967604741,757.532392832002
MDG,1975,593.813620340317,744.310095866488
MDG,1976,545.797848006663,699.987924820762
MDG,1977,553.679535410522,695.149219761086
MDG,1978,525.340264220196,656.398369596654
MDG,1979,570.155915688698,699.485480907614
MDG,1980,552.12335976398094,685.100689761521
MDG,1981,489.408712791644,599.781047690351
MDG,1982,467.106995777678,571.230461402833
MDG,1983,433.516645372743,559.661168899672
MDG,1984,444.600459258179,553.131009938747
MDG,1985,449.153104782883,543.513684745557
MDG,1986,428.985905156061,538.491952606661
MDG,1987,397.335493662414,529.509105998087
MDG,1988,389.763414001212,532.03346958824
MDG,1989,350.552325588027,537.840431033529
MDG,1990,398.29247942435,538.536275056569
MDG,1991,360.669659227304,489.716098120013
MDG,1992,352.480793662549,480.810932444988
MDG,1993,356.67605227374,476.159733326381
MDG,1994,345.899009618244,461.397665709464
MDG,1995,338.85781706423103,454.537946632781
MDG,1996,334.755483169339,449.6280870806
MDG,1997,339.035725514456,451.303199370831
MDG,1998,347.943073927409,453.886174768872
MDG,1999,350.845468988239,460.034389996571
MDG,2000,351.992641886031,465.529509827021
MDG,2001,343.990505907855,478.40561494987
MDG,2002,335.788984891248,406.70122213637
MDG,2003,356.647442921086,433.601040301214
MDG,2004,364.623603112955,443.278654985967
MDG,2005,353.717031256935,450.955230911228
MDG,2006,349.907400995649,461.540337897729
MDG,2007,318.069136698655,473.785462328449
MDG,2008,327.816363168908,490.963935389518
MDG,2009,326.374788954318,457.789754866068
MDG,2010,331.538084193072,447.417143030687
MDG,2011,329.682243986533,441.755158414121
MDG,2012,330.429230362491,442.641500123543
MDG,2013,343.234703006275,440.67465890362803
MDG,2014,325.468555141714,443.343869908205
MDG,2015,326.450358369194,445.320069480568
MDG,2016,329.964738733849,451.15659433146
MDG,2017,325.185232417842,456.851859574031
MDG,2018,328.528504688664,459.330367799543
MDG,2019,329.746550868814,467.27741349648
MDG,2020,328.373658892071,422.924255422319
MDG,2021,329.838565314413,436.090064737198
MDG,2022,291.846231639407,442.415162117323
MDG,2023,249.66325622778,448.058746204617
MDV,1960,NA,NA
MDV,1961,NA,NA
MDV,1962,NA,NA
MDV,1963,NA,NA
MDV,1964,NA,NA
MDV,1965,NA,NA
MDV,1966,NA,NA
MDV,1967,NA,NA
MDV,1968,NA,NA
MDV,1969,NA,NA
MDV,1970,NA,1528.11685803258
MDV,1971,NA,1559.3960364857
MDV,1972,NA,1549.23529580511
MDV,1973,NA,1527.22323552036
MDV,1974,NA,1567.92919032705
MDV,1975,NA,1400.54388779647
MDV,1976,NA,1367.223555703
MDV,1977,NA,1476.96711852393
MDV,1978,NA,1647.98371121547
MDV,1979,NA,1775.95133607457
MDV,1980,NA,2048.62733329064
MDV,1981,NA,2226.20620766043
MDV,1982,NA,2099.68684439656
MDV,1983,NA,2375.67558202004
MDV,1984,NA,2933.0342628068
MDV,1985,NA,3278.90252893366
MDV,1986,NA,3462.63060332896
MDV,1987,NA,3638.84366439382
MDV,1988,NA,3826.30331095103
MDV,1989,NA,4051.51567663513
MDV,1990,NA,4590.26356695948
MDV,1991,NA,4515.06612430301
MDV,1992,NA,4680.15538526464
MDV,1993,NA,4812.29925947695
MDV,1994,NA,5062.47182108124
MDV,1995,NA,5590.00858122666
MDV,1996,NA,5898.35513531258
MDV,1997,NA,6265.68163671991
MDV,1998,NA,6611.39751143758
MDV,1999,NA,6901.04317295071
MDV,2000,NA,7049.37475025832
MDV,2001,NA,6659.25959328415
MDV,2002,NA,7024.50162334981
MDV,2003,NA,7858.99379450401
MDV,2004,NA,8180.30181956038
MDV,2005,NA,7143.33627610066
MDV,2006,NA,8620.77452138445
MDV,2007,NA,8932.38983152591
MDV,2008,NA,9395.96484110418
MDV,2009,NA,8329.52984333565
MDV,2010,NA,8590.16212928659
MDV,2011,NA,9005.04761398753
MDV,2012,NA,8904.68161856579
MDV,2013,NA,9209.23725155412
MDV,2014,4026.2103966706,9602.5027218867
MDV,2015,3942.63692246982,9644.90655028145
MDV,2016,4288.32953334534,9927.42327472035
MDV,2017,4677.70731848633,10280.3915425959
MDV,2018,4998.10157618803,10821.7341975778
MDV,2019,5187.84905152692,11263.1928054734
MDV,2020,4239.53667492087,7340.09129737358
MDV,2021,4508.58307282726,9818.73434768401
MDV,2022,5111.0735253917,11006.7091828435
MDV,2023,5655.54300446651,11485.5546954096
MEA,1960,NA,2157.17949826353
MEA,1961,NA,2230.91093535467
MEA,1962,NA,2289.12479354045
MEA,1963,NA,2468.5432378714
MEA,1964,NA,2638.43644782222
MEA,1965,NA,2893.27091294974
MEA,1966,NA,3003.86586280256
MEA,1967,NA,3151.85865772461
MEA,1968,NA,3455.07716919698
MEA,1969,NA,3722.47651356754
MEA,1970,NA,4261.43749350892
MEA,1971,NA,4536.4550269633
MEA,1972,NA,5043.18124009486
MEA,1973,NA,5456.70486125216
MEA,1974,NA,5775.65676270135
MEA,1975,NA,5600.92623127543
MEA,1976,NA,6206.00336666239
MEA,1977,NA,6245.14244396541
MEA,1978,NA,6015.31095081958
MEA,1979,NA,6159.29053344164
MEA,1980,NA,6021.2946153373
MEA,1981,NA,5813.88479820538
MEA,1982,NA,5516.37357433682
MEA,1983,NA,5294.95614714488
MEA,1984,NA,5112.15569101216
MEA,1985,NA,4953.09720666635
MEA,1986,NA,4694.95283008549
MEA,1987,NA,4573.43480992709
MEA,1988,NA,4518.27782976198
MEA,1989,NA,4555.96218189788
MEA,1990,NA,4797.59269356162
MEA,1991,NA,4762.01875967009
MEA,1992,NA,4921.8952468342
MEA,1993,NA,4933.63103373817
MEA,1994,NA,4976.10749665115
MEA,1995,NA,5017.39398961902
MEA,1996,NA,5163.25615951538
MEA,1997,NA,5279.19732278296
MEA,1998,NA,5390.49003990887
MEA,1999,NA,5420.31494357639
MEA,2000,2771.8609617325,5652.57885946375
MEA,2001,2815.72217665122,5632.12281757703
MEA,2002,2886.0075831991,5628.27453907449
MEA,2003,2914.38162128531,5768.45209264883
MEA,2004,3040.99521014805,6090.25566697473
MEA,2005,3136.2722981346,6252.95894465341
MEA,2006,3294.15368029971,6474.52888745363
MEA,2007,3545.90145103504,6658.65992644486
MEA,2008,3678.70660131269,6809.67732994585
MEA,2009,3592.2112749211,6715.6074739535
MEA,2010,3550.98193785078,6931.90724774948
MEA,2011,3597.15448092269,7038.38614431908
MEA,2012,3657.50937817995,7155.03514316564
MEA,2013,3650.49059390726,7142.17420551868
MEA,2014,3728.2780086463,7201.34876853789
MEA,2015,3710.11570405185,7228.30889534971
MEA,2016,3761.40879691657,7391.52312470061
MEA,2017,3793.27602149684,7410.7972336466
MEA,2018,3775.03301026828,7469.04225001288
MEA,2019,3807.79633808513,7445.73820236986
MEA,2020,3627.87587929123,7067.8646530167
MEA,2021,3791.10528487918,7319.79554041933
MEA,2022,3945.81247524305,7577.45086676794
MEA,2023,4039.97704480463,7571.59200766655
MEX,1960,2299.54241936567,4145.79302184391
MEX,1961,2313.19571903974,4219.18150869443
MEX,1962,2338.33884131779,4276.14326508853
MEX,1963,2411.87694722395,4474.72750864397
MEX,1964,2586.42651429053,4845.87442780417
MEX,1965,3489.85299642689,5021.3479928949
MEX,1966,3541.55394929909,5153.81469089099
MEX,1967,3654.31072672473,5278.10822022788
MEX,1968,3775.74780124262,5589.05119200198
MEX,1969,3892.95918805246,5596.39687793608
MEX,1970,4028.09229555387,5774.7704592642
MEX,1971,4077.08287566257,5809.39879118197
MEX,1972,4233.57520291086,6099.20317390896
MEX,1973,4394.32417343864,6385.19714673421
MEX,1974,4437.61268526437,6559.30112736973
MEX,1975,4521.21263896478,6740.62499353237
MEX,1976,4561.27717308906,6845.37111751372
MEX,1977,4562.24569715621,6888.5789464534
MEX,1978,4752.05982524323,7309.60711423978
MEX,1979,5042.31856357577,7814.54966733746
MEX,1980,5425.48853564404,8290.28898927734
MEX,1981,5690.88743803633,8875.07151189312
MEX,1982,5428.72969209032,8676.57130971348
MEX,1983,5028.02778508673,8098.51642174164
MEX,1984,5083.38853112579,8207.92337537128
MEX,1985,5143.35972854513,8194.16249388144
MEX,1986,4909.52014213214,7713.61215366042
MEX,1987,4805.63986505397,7716.49731737025
MEX,1988,4797.05070078255,7657.7274754579
MEX,1989,5024.68217498574,7783.80581012845
MEX,1990,5229.01710422408,8036.86114412537
MEX,1991,5380.06496996958,8197.01179494896
MEX,1992,5485.42088650989,8330.26426802488
MEX,1993,5395.25502323545,8411.79621338297
MEX,1994,5569.67271646307,8623.48043007968
MEX,1995,5138.7667419446,7970.64038496182
MEX,1996,5231.90596697566,8320.65295694833
MEX,1997,5539.1153409717,8770.84481553539
MEX,1998,5821.90792599669,9161.89527783381
MEX,1999,5973.83171608024,9264.97729259968
MEX,2000,6396.02221996837,9581.96970210753
MEX,2001,6479.65393112539,9398.35074355724
MEX,2002,6493.01632786914,9242.27886130016
MEX,2003,6538.68210316678,9221.99666693097
MEX,2004,6600.21687073375,9421.28975988024
MEX,2005,6651.38848177098,9491.51730225718
MEX,2006,6857.57239384096,9813.8280424425
MEX,2007,6843.06727981013,9877.69532644737
MEX,2008,6810.98755669023,9826.3421836048
MEX,2009,6233.36364684351,9074.1188145564
MEX,2010,6429.13636874712,9389.06722084275
MEX,2011,6634.56577017391,9575.93437788582
MEX,2012,6686.03170106684,9782.51776305354
MEX,2013,6769.88287842356,9738.71059803658
MEX,2014,6820.88307144116,9862.48125444199
MEX,2015,6929.61175595384,10021.2386118827
MEX,2016,6994.9748544846,10100.5021214015
MEX,2017,7049.26979739588,10193.7727193457
MEX,2018,7085.02174363916,10296.8690937052
MEX,2019,7081.05946168763,10159.4448355881
MEX,2020,6332.55010343618,9234.64362485294
MEX,2021,6819.8628241877,9728.05680032556
MEX,2022,7101.32149529688,10011.2545383826
MEX,2023,7391.96413160042,10241.8945112994
MHL,1960,NA,NA
MHL,1961,NA,NA
MHL,1962,NA,NA
MHL,1963,NA,NA
MHL,1964,NA,NA
MHL,1965,NA,NA
MHL,1966,NA,NA
MHL,1967,NA,NA
MHL,1968,NA,NA
MHL,1969,NA,NA
MHL,1970,NA,2038.67199289836
MHL,1971,NA,2011.13806385346
MHL,1972,NA,1979.85303434478
MHL,1973,NA,2587.94027907734
MHL,1974,NA,2900.13630613536
MHL,1975,NA,2806.68563126099
MHL,1976,NA,2726.44598645498
MHL,1977,NA,2704.13846484627
MHL,1978,NA,2766.69030511298
MHL,1979,NA,2737.49266931199
MHL,1980,NA,2454.9977903425
MHL,1981,NA,2511.56866664584
MHL,1982,NA,2524.11369284666
MHL,1983,NA,2797.12547757893
MHL,1984,NA,2788.85704831238
MHL,1985,NA,2510.70662853208
MHL,1986,NA,3005.51720714758
MHL,1987,NA,3162.8043989419
MHL,1988,NA,3288.88849507337
MHL,1989,NA,3139.41439911898
MHL,1990,NA,3148.09977817114
MHL,1991,NA,3085.93530547753
MHL,1992,NA,3247.85289298957
MHL,1993,NA,3391.38513154821
MHL,1994,NA,3544.13564721663
MHL,1995,NA,3791.20498901919
MHL,1996,NA,3365.11122501281
MHL,1997,NA,3117.27400069023
MHL,1998,NA,3067.73739364805
MHL,1999,NA,2997.54989841042
MHL,2000,NA,3040.59677355737
MHL,2001,NA,3224.7911898754
MHL,2002,NA,3322.41127856101
MHL,2003,NA,3256.97244330835
MHL,2004,2854.3395570659,3234.15265200518
MHL,2005,2980.91357453859,3284.78403267445
MHL,2006,2826.30981689491,3285.12078781351
MHL,2007,2922.49063130585,3403.47842798117
MHL,2008,2522.08917931962,3146.26177205458
MHL,2009,2545.70060939272,3262.26955535477
MHL,2010,2549.80977634309,3441.31888402121
MHL,2011,2651.5364016414,3433.06297801838
MHL,2012,2715.63818821836,3420.91444796671
MHL,2013,2954.34186381484,3602.92811901896
MHL,2014,2876.13262109406,3620.77275283155
MHL,2015,2913.79918032787,3764.34426229508
MHL,2016,3083.08076044352,3946.8444109078
MHL,2017,3479.19362118249,4190.93468589482
MHL,2018,3546.12564866954,4542.34293916308
MHL,2019,3881.6824596087,5162.81500670348
MHL,2020,3876.93064206435,5172.57528216176
MHL,2021,3850.21393864675,5405.2747359006
MHL,2022,4151.0167926741,5516.88000598847
MHL,2023,3893.85479176861,5470.42006850903
MIC,1960,NA,816.814374034852
MIC,1961,NA,815.353240598649
MIC,1962,NA,825.94608570494
MIC,1963,NA,845.235901790751
MIC,1964,NA,891.669124399129
MIC,1965,NA,923.951616523586
MIC,1966,NA,945.928635515667
MIC,1967,NA,952.95978151294
MIC,1968,NA,987.357885891414
MIC,1969,NA,1042.26589021401
MIC,1970,NA,1098.86269295624
MIC,1971,NA,1138.84484048556
MIC,1972,NA,1182.17554066534
MIC,1973,NA,1235.93130512343
MIC,1974,NA,1280.9459350561
MIC,1975,NA,1307.06937491684
MIC,1976,NA,1360.75882940591
MIC,1977,NA,1394.82427850784
MIC,1978,NA,1418.32920357561
MIC,1979,NA,1454.69255138007
MIC,1980,NA,1492.59202976648
MIC,1981,NA,1489.03753914293
MIC,1982,NA,1499.2400394475
MIC,1983,NA,1491.54864736716
MIC,1984,NA,1531.04187553103
MIC,1985,NA,1567.65725028644
MIC,1986,NA,1592.41113498948
MIC,1987,NA,1631.96986395418
MIC,1988,NA,1664.33620800423
MIC,1989,NA,1682.14682831571
MIC,1990,NA,1702.16008856227
MIC,1991,NA,1718.07304095266
MIC,1992,NA,1760.55744244966
MIC,1993,NA,1818.51515558071
MIC,1994,NA,1880.72760931969
MIC,1995,1093.20563363811,1934.20617421499
MIC,1996,1138.24560872376,2021.38845971953
MIC,1997,1175.10474319304,2101.17249838422
MIC,1998,1188.15373656107,2136.41866580786
MIC,1999,1211.29142072958,2181.07762414846
MIC,2000,1261.44769891099,2268.73890308849
MIC,2001,1281.75111163715,2316.91798140791
MIC,2002,1308.82256322875,2393.09206945161
MIC,2003,1346.88941021414,2500.04415099275
MIC,2004,1407.5711471949,2656.25877970633
MIC,2005,1482.52999210012,2813.72778314351
MIC,2006,1561.09598379579,3006.87329453185
MIC,2007,1662.64359327441,3233.16904311089
MIC,2008,1728.09333092595,3381.57829171962
MIC,2009,1762.78870226471,3471.82453681204
MIC,2010,1874.11651007724,3708.97386994991
MIC,2011,2005.06400118784,3900.34679987957
MIC,2012,2096.98349817991,4067.84516724604
MIC,2013,2192.13364728133,4243.25244689552
MIC,2014,2274.54852042919,4408.25405381064
MIC,2015,2358.16771368031,4565.92744572992
MIC,2016,2447.552627552,4730.67013277925
MIC,2017,2562.9836881522,4928.64354041549
MIC,2018,2669.98059465575,5119.74762657887
MIC,2019,2755.49508855965,5273.45530182456
MIC,2020,2634.387090822,5163.6994642281
MIC,2021,2851.07248169929,5499.86744004448
MIC,2022,2947.79414771112,5666.65129971231
MIC,2023,NA,5884.82814699816
MKD,1960,NA,NA
MKD,1961,NA,NA
MKD,1962,NA,NA
MKD,1963,NA,NA
MKD,1964,NA,NA
MKD,1965,NA,NA
MKD,1966,NA,NA
MKD,1967,NA,NA
MKD,1968,NA,NA
MKD,1969,NA,NA
MKD,1970,NA,NA
MKD,1971,NA,NA
MKD,1972,NA,NA
MKD,1973,NA,NA
MKD,1974,NA,NA
MKD,1975,NA,NA
MKD,1976,NA,NA
MKD,1977,NA,NA
MKD,1978,NA,NA
MKD,1979,NA,NA
MKD,1980,NA,NA
MKD,1981,NA,NA
MKD,1982,NA,NA
MKD,1983,NA,NA
MKD,1984,NA,NA
MKD,1985,NA,NA
MKD,1986,NA,NA
MKD,1987,NA,NA
MKD,1988,NA,NA
MKD,1989,NA,NA
MKD,1990,1922.93633009988,3534.32265095546
MKD,1991,1779.58373216516,3328.63950847977
MKD,1992,1615.16936587108,3146.02235459166
MKD,1993,1785.47585184736,2948.27151752275
MKD,1994,1960.21726832938,2917.05894611342
MKD,1995,2060.32741989139,2876.0722287817
MKD,1996,2070.22547506961,2889.88516353778
MKD,1997,2116.53058161861,2954.5238308875
MKD,1998,2181.05851119906,3038.13983382569
MKD,1999,2264.83264560572,3154.84918240006
MKD,2000,2352.10623861004,3283.37934095351
MKD,2001,2105.64778612231,3169.32514368931
MKD,2002,2331.8039095501,3240.11064526089
MKD,2003,2433.42664377644,3307.92040834712
MKD,2004,2624.23719229503,3473.76544811451
MKD,2005,2827.71921221859,3657.56307699216
MKD,2006,2949.19919288257,3866.74650622977
MKD,2007,3191.87329140598,4140.63354809364
MKD,2008,3364.09765257183,4392.5507164151
MKD,2009,3274.02763282443,4405.20045750867
MKD,2010,3419.44076579153,4582.36517512347
MKD,2011,3251.05033134038,4711.13027870081
MKD,2012,3302.95245432186,4708.05168535923
MKD,2013,3376.85584556827,4863.68088666968
MKD,2014,3459.98475204621,5053.75001236367
MKD,2015,3622.96597610555,5262.68671928674
MKD,2016,3775.56477758042,5429.94678358359
MKD,2017,3869.93329748443,5510.81862920922
MKD,2018,4032.93976104902,5698.39334484489
MKD,2019,4212.32028064981,5961.58475399191
MKD,2020,4106.46072751737,5743.72649424581
MKD,2021,4505.12960520838,6064.92315120022
MKD,2022,4767.1863710431,6250.62720952063
MKD,2023,4834.30672975432,6393.78647551263
MLI,1960,NA,NA
MLI,1961,NA,NA
MLI,1962,NA,NA
MLI,1963,NA,NA
MLI,1964,NA,NA
MLI,1965,NA,NA
MLI,1966,NA,NA
MLI,1967,376.873042060641,334.45243953705
MLI,1968,381.192825156474,341.605247243717
MLI,1969,375.22552865949,337.144295249623
MLI,1970,388.160194254344,352.203719909006
MLI,1971,390.31405970341,355.504364704644
MLI,1972,406.812373288991,370.141087790428
MLI,1973,398.24104739585,358.486306959619
MLI,1974,421.464617891186,346.785503542085
MLI,1975,441.072773071947,380.20222457528
MLI,1976,481.824157068731,424.320893258128
MLI,1977,469.30833185181,442.986519926047
MLI,1978,485.52292942053,428.1309392181
MLI,1979,511.688746566115,463.306428356145
MLI,1980,473.440492981746,434.126198250171
MLI,1981,486.902914397082,431.381844328058
MLI,1982,449.173643874349,391.041854610699
MLI,1983,454.270189733191,389.529074513176
MLI,1984,450.039382255952,380.168406587218
MLI,1985,426.387381073754,448.223991324262
MLI,1986,393.331044793882,451.843077616184
MLI,1987,357.351263560694,443.423710554245
MLI,1988,383.11715464253,467.953164537101
MLI,1989,365.460608254344,478.512771943294
MLI,1990,359.240544264668,457.445829210427
MLI,1991,422.294211118713,501.12499187012
MLI,1992,379.791524243212,475.316821153577
MLI,1993,401.190898337375,480.277588513466
MLI,1994,388.974241382736,487.817806474246
MLI,1995,390.774651005936,481.757520252354
MLI,1996,407.897384871521,504.752043612501
MLI,1997,389.639107983778,517.237651197416
MLI,1998,384.714844900468,542.486619489623
MLI,1999,410.196354196811,557.691179166949
MLI,2000,391.644423081263,541.349959295276
MLI,2001,407.427623110721,606.087325789489
MLI,2002,386.56007295408,605.798110999901
MLI,2003,403.731215142228,640.357496675707
MLI,2004,408.436555243374,629.62644918936
MLI,2005,422.025657244647,649.1577691577
MLI,2006,427.063186309372,657.496279045272
MLI,2007,437.459827592741,658.457019310221
MLI,2008,457.286551679919,667.583424768544
MLI,2009,467.869919491254,677.24304910758
MLI,2010,500.983918253213,690.434176248061
MLI,2011,495.71982273877,689.951621809593
MLI,2012,487.142891836223,664.489488855298
MLI,2013,510.068890722491,660.173389348304
MLI,2014,536.549721629549,684.949913127196
MLI,2015,552.719543312533,704.821646439506
MLI,2016,566.855725615851,722.812021596039
MLI,2017,567.809610383744,737.275674738634
MLI,2018,566.847744484421,748.506920372791
MLI,2019,570.894868635213,760.795187413671
MLI,2020,564.449936279081,729.061137632465
MLI,2021,563.860519700311,728.671852610385
MLI,2022,569.030120907776,731.640024202997
MLI,2023,575.00291202661,743.273871368099
MLT,1960,NA,NA
MLT,1961,NA,NA
MLT,1962,NA,NA
MLT,1963,NA,NA
MLT,1964,NA,NA
MLT,1965,NA,NA
MLT,1966,NA,NA
MLT,1967,NA,NA
MLT,1968,NA,NA
MLT,1969,NA,NA
MLT,1970,NA,3133.22804404431
MLT,1971,NA,3209.58701278577
MLT,1972,NA,3399.78107877213
MLT,1973,NA,3543.6698436041
MLT,1974,NA,3901.96088137921
MLT,1975,NA,4631.05229058068
MLT,1976,NA,5391.61706895881
MLT,1977,NA,6024.97484821977
MLT,1978,NA,6628.07850356084
MLT,1979,NA,7249.55980632399
MLT,1980,NA,7679.6798130979
MLT,1981,NA,7875.88453156322
MLT,1982,NA,7884.85018162417
MLT,1983,NA,7726.8839163565
MLT,1984,NA,7798.07190360025
MLT,1985,NA,7860.36695873533
MLT,1986,NA,8030.4492408878
MLT,1987,NA,8303.16848502417
MLT,1988,NA,8928.21082956161
MLT,1989,NA,9564.90935878406
MLT,1990,NA,10067.6981674592
MLT,1991,NA,10413.1235495181
MLT,1992,NA,10789.7090111113
MLT,1993,NA,11161.1378649963
MLT,1994,NA,11682.0945167611
MLT,1995,NA,12336.7254609096
MLT,1996,NA,12718.9472844946
MLT,1997,NA,13286.6460045186
MLT,1998,NA,13877.1799347657
MLT,1999,NA,14446.2786385453
MLT,2000,10264.976539027,17178.285512948
MLT,2001,10359.2375503384,16920.7309210792
MLT,2002,10122.580685513,17255.4273732686
MLT,2003,10641.621603492,17775.5868275971
MLT,2004,10787.7193699233,17728.4915191352
MLT,2005,11087.8808520176,18123.2975105227
MLT,2006,11365.6496650563,18479.2305223587
MLT,2007,11643.6111357528,19342.39192186
MLT,2008,11713.9079364908,20064.4398081358
MLT,2009,11446.2440844569,19635.8764747478
MLT,2010,11668.0013736024,20750.6053846472
MLT,2011,12058.456634466,20867.8390565654
MLT,2012,12067.2672277023,21529.4927880365
MLT,2013,12317.0739088027,22565.0085794121
MLT,2014,12455.7853714743,23806.8319393667
MLT,2015,12573.9019736665,25481.8977555627
MLT,2016,12639.5388934407,25920.9076621619
MLT,2017,13114.0972282045,28492.3072831419
MLT,2018,13958.9484233653,29492.5863910946
MLT,2019,14180.8748834655,29513.8670529001
MLT,2020,12329.6252810699,27865.3293176048
MLT,2021,13709.509719813,31420.7339514472
MLT,2022,14838.7824292761,31925.1853539107
MLT,2023,15860.6580852796,33000.5930696382
MMR,1960,NA,129.772040231109
MMR,1961,NA,127.564281190663
MMR,1962,NA,129.887941416343
MMR,1963,NA,144.000792900169
MMR,1964,NA,132.522439576095
MMR,1965,NA,143.417217807904
MMR,1966,NA,133.398254664935
MMR,1967,NA,122.678900960286
MMR,1968,NA,134.388136936557
MMR,1969,NA,135.702756195484
MMR,1970,NA,139.275133597327
MMR,1971,NA,141.823799627033
MMR,1972,NA,142.10434466421
MMR,1973,NA,137.829004501636
MMR,1974,NA,142.387514060492
MMR,1975,NA,145.457960079234
MMR,1976,NA,151.381528101607
MMR,1977,NA,157.337620355192
MMR,1978,NA,164.358420131183
MMR,1979,NA,169.599433098827
MMR,1980,NA,179.58860092812
MMR,1981,NA,187.439973498343
MMR,1982,NA,194.360862265846
MMR,1983,NA,198.973143501678
MMR,1984,NA,204.503943959359
MMR,1985,NA,206.179024168251
MMR,1986,NA,200.215576805229
MMR,1987,NA,188.871667527198
MMR,1988,NA,164.700416639617
MMR,1989,NA,168.11385420489
MMR,1990,NA,170.233436726358
MMR,1991,NA,166.710439947437
MMR,1992,NA,180.333227417157
MMR,1993,NA,188.680525344568
MMR,1994,NA,200.12478854129
MMR,1995,NA,211.265635944395
MMR,1996,NA,222.01335977578
MMR,1997,NA,231.587954115917
MMR,1998,NA,242.132148131296
MMR,1999,NA,265.455335144641
MMR,2000,NA,298.590464505888
MMR,2001,NA,328.973872708822
MMR,2002,NA,364.855800192284
MMR,2003,NA,411.498764121701
MMR,2004,NA,463.330135715086
MMR,2005,NA,522.099544784385
MMR,2006,NA,586.085579927107
MMR,2007,NA,651.729730889922
MMR,2008,NA,714.620419016959
MMR,2009,NA,785.634853157477
MMR,2010,NA,854.932478015582
MMR,2011,NA,895.512538749886
MMR,2012,NA,953.12308192292
MMR,2013,NA,1024.690604732
MMR,2014,NA,1099.24387750063
MMR,2015,NA,1166.73305546288
MMR,2016,NA,1225.37913970924
MMR,2017,NA,1290.56409025621
MMR,2018,NA,1361.56831264048
MMR,2019,NA,1440.98988236657
MMR,2020,NA,1301.31386350598
MMR,2021,NA,1136.99566054087
MMR,2022,NA,1174.76697945619
MMR,2023,NA,1177.76649645503
MNA,1960,936.630679477329,1400.51229158544
MNA,1961,903.124598321227,1411.05377627327
MNA,1962,900.496452764841,1406.58277609823
MNA,1963,967.571126163265,1529.41381461202
MNA,1964,971.552922869803,1647.16647864944
MNA,1965,993.176019537841,1804.6459348615
MNA,1966,996.062489105562,1885.79923602312
MNA,1967,1012.48762394743,1978.9513604716
MNA,1968,1014.08413911431,2178.16054234049
MNA,1969,1035.38303485457,2368.0078701414
MNA,1970,1072.13310312276,2496.37064331879
MNA,1971,1116.13129458763,2580.46529483251
MNA,1972,1160.80592619202,2844.58040499845
MNA,1973,1173.38773883188,2914.77524093349
MNA,1974,1282.55268460883,3057.44531847156
MNA,1975,1411.91273520497,3059.25460791099
MNA,1976,1456.06782937974,3451.76050929057
MNA,1977,1507.2162792335,3401.01327652541
MNA,1978,1487.9379909143,3208.92407216403
MNA,1979,1460.58237682267,3082.90520165881
MNA,1980,1475.73151218937,2842.89926973559
MNA,1981,1464.0712463108,2670.74709283807
MNA,1982,1463.10810279948,2878.5913157698
MNA,1983,1548.92439739803,2913.92225476596
MNA,1984,1562.7960907869,2806.46344029789
MNA,1985,1598.0963173408,2824.14198794496
MNA,1986,1516.30620942326,2656.80133171119
MNA,1987,1481.12374382682,2579.6875256459
MNA,1988,1482.62256506104,2525.80499702359
MNA,1989,1468.20398024682,2516.85649671118
MNA,1990,1524.77807985241,2693.92090330536
MNA,1991,1577.53742183275,2638.1458508356
MNA,1992,1635.36736427384,2689.86407358471
MNA,1993,1655.91344554647,2673.02629242981
MNA,1994,1602.1174450036,2673.35260506448
MNA,1995,1586.95837319374,2686.15811086182
MNA,1996,1638.53779386882,2795.90630333192
MNA,1997,1656.21307588787,2849.2559151072
MNA,1998,1707.4883655029,2959.84232802936
MNA,1999,1691.4193631932,3026.93694416023
MNA,2000,1732.17550676928,3146.44626416796
MNA,2001,1771.22685622913,3170.986768006
MNA,2002,1835.57432887829,3213.04732390209
MNA,2003,1864.00385111242,3227.11168253767
MNA,2004,1930.62693149096,3405.70823569637
MNA,2005,2004.03466109361,3483.86726467598
MNA,2006,2061.27437722991,3592.2137836031
MNA,2007,2207.02766067795,3734.78876255994
MNA,2008,2239.81524533685,3801.41037330165
MNA,2009,2339.65181693837,3824.58251634092
MNA,2010,2416.04571949959,3952.6482520816
MNA,2011,2430.56755939824,3842.20261261625
MNA,2012,2496.5374955174,3904.33961961987
MNA,2013,2459.93271644943,3846.77483981517
MNA,2014,2468.34000422441,3852.60830729725
MNA,2015,2406.92943698781,3803.87110555447
MNA,2016,2445.29618224714,3940.01111343314
MNA,2017,2437.55911749826,3993.49023828983
MNA,2018,2391.59612471323,3995.96127357182
MNA,2019,2359.82446381806,3963.0219603451
MNA,2020,2305.31500225718,3774.65352636265
MNA,2021,2362.90412151138,3877.79872271465
MNA,2022,2418.41683724666,3969.32013628869
MNA,2023,2448.54156775397,4021.0051331996
MNE,1960,NA,NA
MNE,1961,NA,NA
MNE,1962,NA,NA
MNE,1963,NA,NA
MNE,1964,NA,NA
MNE,1965,NA,NA
MNE,1966,NA,NA
MNE,1967,NA,NA
MNE,1968,NA,NA
MNE,1969,NA,NA
MNE,1970,NA,NA
MNE,1971,NA,NA
MNE,1972,NA,NA
MNE,1973,NA,NA
MNE,1974,NA,NA
MNE,1975,NA,NA
MNE,1976,NA,NA
MNE,1977,NA,NA
MNE,1978,NA,NA
MNE,1979,NA,NA
MNE,1980,NA,NA
MNE,1981,NA,NA
MNE,1982,NA,NA
MNE,1983,NA,NA
MNE,1984,NA,NA
MNE,1985,NA,NA
MNE,1986,NA,NA
MNE,1987,NA,NA
MNE,1988,NA,NA
MNE,1989,NA,NA
MNE,1990,NA,NA
MNE,1991,NA,NA
MNE,1992,NA,NA
MNE,1993,NA,NA
MNE,1994,NA,NA
MNE,1995,NA,NA
MNE,1996,NA,NA
MNE,1997,NA,4488.79462512197
MNE,1998,NA,4723.14338358475
MNE,1999,NA,4290.89684941343
MNE,2000,NA,4431.60047014419
MNE,2001,NA,4462.34990117884
MNE,2002,NA,4529.12330572995
MNE,2003,NA,4623.0760644615
MNE,2004,NA,4819.14785988608
MNE,2005,NA,5013.1959009921
MNE,2006,4656.29871187916,5435.88622103627
MNE,2007,5198.39851249729,5798.06497333447
MNE,2008,5768.03180073488,6205.8212472095
MNE,2009,4935.67057475191,5833.65954418904
MNE,2010,5024.97851469103,5982.19928466066
MNE,2011,5042.94839566373,6168.84838637415
MNE,2012,4841.94369648917,5995.77445120446
MNE,2013,4914.06015217048,6202.50670294785
MNE,2014,5049.6455995261,6307.01856129174
MNE,2015,5159.12617437584,6517.19267514764
MNE,2016,5434.48414569809,6707.85041020824
MNE,2017,5647.7046222319,7023.43381181246
MNE,2018,5908.35200169894,7381.80764032937
MNE,2019,6091.24366802718,7684.18397197185
MNE,2020,5815.01240210872,6515.53680560451
MNE,2021,6070.9696741516,7390.30811727832
MNE,2022,6682.48492666663,7889.23763310614
MNE,2023,7125.54595279166,8403.3387654549
MNG,1960,NA,NA
MNG,1961,NA,NA
MNG,1962,NA,NA
MNG,1963,NA,NA
MNG,1964,NA,NA
MNG,1965,NA,NA
MNG,1966,NA,NA
MNG,1967,NA,NA
MNG,1968,NA,NA
MNG,1969,NA,NA
MNG,1970,NA,NA
MNG,1971,NA,NA
MNG,1972,NA,NA
MNG,1973,NA,NA
MNG,1974,NA,NA
MNG,1975,NA,NA
MNG,1976,NA,NA
MNG,1977,NA,NA
MNG,1978,NA,NA
MNG,1979,NA,NA
MNG,1980,NA,NA
MNG,1981,NA,1425.47626748483
MNG,1982,NA,1507.62165500664
MNG,1983,NA,1557.43150759483
MNG,1984,NA,1610.00431155079
MNG,1985,NA,1660.20538347139
MNG,1986,NA,1770.29035350291
MNG,1987,NA,1784.58513378493
MNG,1988,NA,1827.38968091372
MNG,1989,NA,1860.84571911275
MNG,1990,NA,1823.45623781461
MNG,1991,NA,1613.69985423318
MNG,1992,NA,1462.6746723198
MNG,1993,NA,1418.0656069858
MNG,1994,NA,1432.28072706305
MNG,1995,NA,1499.26495210763
MNG,1996,NA,1509.32921132514
MNG,1997,NA,1546.08098489924
MNG,1998,NA,1575.67716165836
MNG,1999,NA,1601.31353865438
MNG,2000,NA,1598.31282040605
MNG,2001,NA,1625.46152259484
MNG,2002,NA,1680.65335337555
MNG,2003,NA,1775.64906676137
MNG,2004,NA,1942.36263694017
MNG,2005,NA,2060.26168223171
MNG,2006,NA,2209.74321787628
MNG,2007,NA,2403.72416258662
MNG,2008,NA,2576.71295838607
MNG,2009,NA,2498.72967493254
MNG,2010,1512.23633772482,2611.67326563924
MNG,2011,1721.59837183285,3010.81642672623
MNG,2012,1908.85562948927,3318.16496597089
MNG,2013,2158.39327687931,3628.90708069575
MNG,2014,2244.68628800156,3830.35892049593
MNG,2015,2376.28998322873,3838.92126989984
MNG,2016,2369.60780720573,3817.91962716702
MNG,2017,2424.31257253919,3956.2049437134
MNG,2018,2658.66018772207,4183.85566447661
MNG,2019,2762.69075142257,4337.8167085432
MNG,2020,2769.10422737044,4066.03410882791
MNG,2021,2563.49793116044,4063.53669849245
MNG,2022,2729.77622482087,4205.88554513551
MNG,2023,2955.1110042021,4456.53627552726
MNP,1960,NA,NA
MNP,1961,NA,NA
MNP,1962,NA,NA
MNP,1963,NA,NA
MNP,1964,NA,NA
MNP,1965,NA,NA
MNP,1966,NA,NA
MNP,1967,NA,NA
MNP,1968,NA,NA
MNP,1969,NA,NA
MNP,1970,NA,NA
MNP,1971,NA,NA
MNP,1972,NA,NA
MNP,1973,NA,NA
MNP,1974,NA,NA
MNP,1975,NA,NA
MNP,1976,NA,NA
MNP,1977,NA,NA
MNP,1978,NA,NA
MNP,1979,NA,NA
MNP,1980,NA,NA
MNP,1981,NA,NA
MNP,1982,NA,NA
MNP,1983,NA,NA
MNP,1984,NA,NA
MNP,1985,NA,NA
MNP,1986,NA,NA
MNP,1987,NA,NA
MNP,1988,NA,NA
MNP,1989,NA,NA
MNP,1990,NA,NA
MNP,1991,NA,NA
MNP,1992,NA,NA
MNP,1993,NA,NA
MNP,1994,NA,NA
MNP,1995,NA,NA
MNP,1996,NA,NA
MNP,1997,NA,NA
MNP,1998,NA,NA
MNP,1999,NA,NA
MNP,2000,NA,NA
MNP,2001,NA,NA
MNP,2002,8592.62329207521,24066.5361573445
MNP,2003,9222.51182259437,24650.0405531909
MNP,2004,9108.45782752943,24445.4618441919
MNP,2005,7964.0887961124,21882.2927935415
MNP,2006,8623.33280183714,20940.1619770428
MNP,2007,8716.33581971038,20117.7037335229
MNP,2008,8872.74676251054,18451.3905458787
MNP,2009,7752.7143049059,15710.5807282039
MNP,2010,8176.27818053027,16293.3059496259
MNP,2011,8001.0244537927,15226.1308805108
MNP,2012,8236.28602867435,15457.4258192247
MNP,2013,8979.05752904047,16015.0349164338
MNP,2014,9736.4910619539,16869.5270385638
MNP,2015,10269.053072951,17665.1007493109
MNP,2016,11169.8368449004,23158.5744988538
MNP,2017,12630.1044333831,28989.3470221339
MNP,2018,12973.619135365,23756.6075820248
MNP,2019,13268.7696110996,21451.4401636511
MNP,2020,12554.1548955116,15410.1186923944
MNP,2021,14100.7991111229,16365.016735395
MNP,2022,13900.7534814644,19461.8611129744
MNP,2023,NA,NA
MOZ,1960,NA,NA
MOZ,1961,NA,NA
MOZ,1962,NA,NA
MOZ,1963,NA,NA
MOZ,1964,NA,NA
MOZ,1965,NA,NA
MOZ,1966,NA,NA
MOZ,1967,NA,NA
MOZ,1968,NA,NA
MOZ,1969,NA,NA
MOZ,1970,NA,NA
MOZ,1971,NA,NA
MOZ,1972,NA,NA
MOZ,1973,NA,NA
MOZ,1974,NA,NA
MOZ,1975,NA,NA
MOZ,1976,NA,NA
MOZ,1977,NA,NA
MOZ,1978,NA,NA
MOZ,1979,NA,NA
MOZ,1980,NA,251.567549222861
MOZ,1981,NA,258.850606099762
MOZ,1982,NA,235.767482817497
MOZ,1983,NA,194.645654684469
MOZ,1984,NA,178.41568638255
MOZ,1985,NA,176.854086200431
MOZ,1986,NA,169.787799695594
MOZ,1987,NA,193.956902454941
MOZ,1988,NA,210.222304910608
MOZ,1989,NA,222.043123475899
MOZ,1990,NA,221.048981086396
MOZ,1991,210.804146184973,227.4627362365
MOZ,1992,189.748294196759,206.194607588583
MOZ,1993,192.139367224611,221.624579964898
MOZ,1994,184.436649193461,220.478583291331
MOZ,1995,183.638868848679,212.086249862904
MOZ,1996,192.888387628879,227.198486695187
MOZ,1997,200.966305375164,247.184945629196
MOZ,1998,206.564140703155,266.672705397492
MOZ,1999,212.976058778782,291.560018665606
MOZ,2000,206.798876325374,287.390630344484
MOZ,2001,203.762636660349,317.185703581034
MOZ,2002,268.687026149644,340.13537022259
MOZ,2003,277.224805335739,356.521157404125
MOZ,2004,282.530633643835,377.064958084878
MOZ,2005,295.553075562022,391.699758163976
MOZ,2006,301.788490370376,420.526462764726
MOZ,2007,317.457711632632,442.049574057751
MOZ,2008,326.574331061657,460.94729485679
MOZ,2009,337.917872380896,475.788178051193
MOZ,2010,340.788200894924,494.162859074785
MOZ,2011,347.811937838772,514.869957191994
MOZ,2012,381.198577028574,540.2945177803
MOZ,2013,395.238731159673,559.393953685688
MOZ,2014,407.012841600573,585.266716133984
MOZ,2015,402.093607936598,610.563774706589
MOZ,2016,416.968991615081,620.779714954555
MOZ,2017,406.875250330263,618.397694360334
MOZ,2018,407.315009776805,621.153734194787
MOZ,2019,418.745280313571,617.13932000195
MOZ,2020,404.059050524882,591.804059985932
MOZ,2021,415.119694175138,588.215854695416
MOZ,2022,432.255915602179,596.058889467339
MOZ,2023,458.040230473771,610.174972826279
MRT,1960,NA,NA
MRT,1961,NA,1258.29089340116
MRT,1962,NA,1233.87062562594
MRT,1963,NA,1176.5820670702701
MRT,1964,546.217734122345,1460.64612168482
MRT,1965,654.334698560017,1648.15508784285
MRT,1966,629.076204791952,1603.93873851295
MRT,1967,718.269898407345,1612.02915046702
MRT,1968,809.167241816816,1723.35775339553
MRT,1969,769.164744787355,1692.50794532791
MRT,1970,873.668881568993,1838.41001374306
MRT,1971,849.03267847218,1816.31114754056
MRT,1972,744.321113260857,1749.52293380609
MRT,1973,767.580157457475,1620.10877497697
MRT,1974,1081.70778820277,1763.89532128038
MRT,1975,1076.11500902539,1624.67349556081
MRT,1976,1355.69930380027,1712.5637423748
MRT,1977,1117.35225387347,1632.68713881863
MRT,1978,945.850284428787,1579.02167613992
MRT,1979,981.822826186028,1608.41044480032
MRT,1980,853.233894531813,1616.06630331058
MRT,1981,928.167064800495,1624.6157794468
MRT,1982,1179.50036782006,1541.58055819249
MRT,1983,942.130604278013,1553.80890668568
MRT,1984,829.649919644551,1460.98164180622
MRT,1985,744.949253965366,1461.93452033511
MRT,1986,926.737675070718,1501.59342458119
MRT,1987,845.646715391291,1486.69636323159
MRT,1988,718.452909988986,1469.21194739442
MRT,1989,836.543886369638,1501.23289513922
MRT,1990,886.379274459758,1437.75048235693
MRT,1991,819.481098753252,1421.32599942189
MRT,1992,750.802892665284,1393.601055166
MRT,1993,703.541590291291,1416.96725732195
MRT,1994,759.654155618631,1327.72304068576
MRT,1995,730.304908793019,1418.64664533923
MRT,1996,807.841210211492,1471.80330904422
MRT,1997,750.903482241067,1381.16274901033
MRT,1998,824.44170840697,1383.19229722759
MRT,1999,841.612410235543,1396.17220086364
MRT,2000,834.693802800989,1304.64439067179
MRT,2001,817.882739915656,1262.65567288639
MRT,2002,833.675565608284,1252.10300454131
MRT,2003,850.213280917658,1308.56307582578
MRT,2004,843.429763878454,1338.66768122804
MRT,2005,864.356910993113,1418.53202144135
MRT,2006,883.010588019829,1637.04191255803
MRT,2007,930.743694801213,1563.60628765192
MRT,2008,964.297149596457,1514.2655013629
MRT,2009,956.76258548805,1469.05426880813
MRT,2010,958.670999812127,1460.19179652873
MRT,2011,956.242447204872,1472.55245572229
MRT,2012,992.692298893,1488.97177557214
MRT,2013,981.535917646575,1502.90142381083
MRT,2014,981.057048005125,1520.64621634902
MRT,2015,993.258543889628,1554.94897871782
MRT,2016,1005.49405560534,1528.05152299375
MRT,2017,1003.45693318426,1576.06857825162
MRT,2018,1010.31792285631,1602.90225649072
MRT,2019,1006.31718707663,1605.1352359742
MRT,2020,986.675466084945,1553.3061558659099
MRT,2021,990.416461304159,1520.31117904613
MRT,2022,999.584331552157,1576.75624107308
MRT,2023,1010.91198434484,1630.27171808744
MUS,1960,NA,1413.72825238092
MUS,1961,NA,1726.35874439498
MUS,1962,NA,1691.59787796504
MUS,1963,NA,1877.02290336016
MUS,1964,NA,1706.12407651545
MUS,1965,NA,1721.80988793115
MUS,1966,NA,1626.22153693464
MUS,1967,NA,1664.81054193166
MUS,1968,NA,1521.96698841001
MUS,1969,NA,1569.53936870339
MUS,1970,NA,1537.49557916791
MUS,1971,NA,1577.92783830209
MUS,1972,NA,1683.89831532905
MUS,1973,NA,1857.82264890447
MUS,1974,NA,1991.0872181898
MUS,1975,NA,1977.68946286021
MUS,1976,1765.913630087,2408.27222344591
MUS,1977,1842.49287661388,2524.53954704999
MUS,1978,1870.43031698867,2587.21700200208
MUS,1979,1855.33768908525,2631.98857661525
MUS,1980,1722.40459312335,2327.60106821025
MUS,1981,1644.91813972102,2428.26469051049
MUS,1982,1683.0246233076,2530.62333903007
MUS,1983,1700.16209774297,2517.08019899772
MUS,1984,1758.21973716474,2607.92722114442
MUS,1985,1832.83863294503,2766.59028710418
MUS,1986,1946.074098606,3012.98937220279
MUS,1987,2312.05707337869,3256.42283644153
MUS,1988,2493.61518537997,3453.72035086545
MUS,1989,2652.8191579468,3580.40595041278
MUS,1990,2765.67400315595,3810.48083308592
MUS,1991,2874.11980191962,3936.7665085183
MUS,1992,2973.04758789431,4138.34644932114
MUS,1993,3095.02404482537,4297.40909221881
MUS,1994,3230.36901991837,4412.9375663223
MUS,1995,3355.90995656562,4562.74692775784
MUS,1996,3485.4845560885,4768.68343568327
MUS,1997,3617.49800999591,4977.19016757315
MUS,1998,3800.19861058936,5224.18419650851
MUS,1999,3904.66072998864,5292.86908859768
MUS,2000,4017.11539491972,5671.0295504201
MUS,2001,4103.64278282025,5814.74834570012
MUS,2002,4210.0158889513305,5867.77362995049
MUS,2003,4376.01708159094,6170.64876733851
MUS,2004,4710.95657987593,6397.59346169031
MUS,2005,5021.35551205256,6472.87388554741
MUS,2006,5294.52492139473,6756.22955969517
MUS,2007,5505.62457688841,7110.69493851624
MUS,2008,5853.77441101731,7466.69465771689
MUS,2009,5960.28624067138,7693.76434353874
MUS,2010,6102.88240567011,8011.45517219702
MUS,2011,6245.72561748061,8324.78328337964
MUS,2012,6399.13953867932,8591.96715947096
MUS,2013,6552.08238582541,8859.2121832294
MUS,2014,6712.25869631679,9181.61575362564
MUS,2015,6899.92422698058,9507.87133656424
MUS,2016,7098.84901755308,9868.32716641952
MUS,2017,7321.50574219275,10247.6960577758
MUS,2018,7552.74287944257,10652.4836886859
MUS,2019,7788.26965946763,10956.9450226163
MUS,2020,6595.10702228639,9362.87435896817
MUS,2021,6793.12526707663,9679.12123882353
MUS,2022,7038.44254436107,10570.4275259933
MUS,2023,7233.16562973029,11319.2352240984
MWI,1960,NA,260.372803775292
MWI,1961,NA,273.671621406835
MWI,1962,NA,268.930590445683
MWI,1963,NA,258.785105999736
MWI,1964,NA,259.238122938182
MWI,1965,NA,287.429237120351
MWI,1966,NA,317.619584180746
MWI,1967,NA,332.42565537346
MWI,1968,NA,318.047172484325
MWI,1969,NA,328.55292929851
MWI,1970,NA,322.094520456629
MWI,1971,NA,365.07737592191
MWI,1972,NA,378.037141415833
MWI,1973,NA,376.728815497715
MWI,1974,NA,392.972432822047
MWI,1975,NA,405.377974099636
MWI,1976,NA,413.438148176716
MWI,1977,NA,420.514723665139
MWI,1978,NA,445.993639508825
MWI,1979,NA,448.716417534575
MWI,1980,NA,433.51518315066
MWI,1981,NA,394.771700822834
MWI,1982,NA,388.989575968603
MWI,1983,NA,387.845329797403
MWI,1984,NA,392.97012176165
MWI,1985,NA,395.418720694747
MWI,1986,NA,380.298046899889
MWI,1987,NA,368.458072158788
MWI,1988,NA,360.182864552156
MWI,1989,NA,348.20111285032
MWI,1990,NA,353.77130371544
MWI,1991,NA,372.997561763664
MWI,1992,NA,335.726543541832
MWI,1993,NA,362.930995393978
MWI,1994,NA,329.584099894945
MWI,1995,NA,385.279714073317
MWI,1996,NA,405.397063687562
MWI,1997,NA,412.413106831207
MWI,1998,NA,419.313245173731
MWI,1999,NA,422.09990996551
MWI,2000,NA,418.592985031573
MWI,2001,NA,388.260039765002
MWI,2002,NA,385.308980233616
MWI,2003,NA,397.224846762569
MWI,2004,NA,408.064916052501
MWI,2005,NA,410.267979585416
MWI,2006,NA,417.877689774176
MWI,2007,NA,445.254305414801
MWI,2008,NA,465.551472974592
MWI,2009,NA,489.631418783217
MWI,2010,NA,508.088650544952
MWI,2011,NA,517.833736617774
MWI,2012,NA,512.740317968077
MWI,2013,NA,525.357645516578
MWI,2014,NA,539.562601911645
MWI,2015,NA,539.605363240686
MWI,2016,NA,538.221990810316
MWI,2017,NA,544.795729217028
MWI,2018,NA,553.528790898715
MWI,2019,NA,569.866249368475
MWI,2020,NA,559.447086082658
MWI,2021,NA,569.968967318961
MWI,2022,NA,560.635759711524
MWI,2023,NA,556.744034801608
MYS,1960,897.312420746428,1266.31525712689
MYS,1961,929.832962122559,1327.77650865403
MYS,1962,950.073075723833,1376.65800987085
MYS,1963,955.713244052014,1439.55490061108
MYS,1964,980.370395530867,1477.83156448895
MYS,1965,1006.96466513354,1551.33616738207
MYS,1966,1019.59378469275,1631.47589814079
MYS,1967,1005.64617876395,1654.76507573676
MYS,1968,998.368557779271,1746.69654709275
MYS,1969,1039.07258677503,1791.13966548692
MYS,1970,1049.84576795417,1855.24673850886
MYS,1971,1088.26695171056,1993.49999498673
MYS,1972,1118.47195947317,2128.90738683232
MYS,1973,1187.65435734982,2321.73809965247
MYS,1974,1263.87308555475,2455.31271360892
MYS,1975,1226.77309280362,2416.5134488266
MYS,1976,1266.08561955184,2632.12032089303
MYS,1977,1361.37811558705,2768.88534365126
MYS,1978,1466.57549556923,2883.07107029481
MYS,1979,1586.32093570511,3077.7893337814
MYS,1980,1738.21710355973,3216.28778690077
MYS,1981,1769.77766910061,3332.82000559163
MYS,1982,1770.69902387794,3420.21717115114
MYS,1983,1769.1446729149,3518.79492112604
MYS,1984,1822.90204931661,3670.36601236602
MYS,1985,1770.00346066222,3515.25505625205
MYS,1986,1541.47606482143,3444.11713819558
MYS,1987,1523.32061745578,3508.00948571695
MYS,1988,1649.77778639787,3737.26006906652
MYS,1989,1813.58912926995,3953.81471255834
MYS,1990,1970.21451223828,4184.76072928976
MYS,1991,2088.7757956308,4456.93133148159
MYS,1992,2128.86536665281,4726.13789172987
MYS,1993,2204.84485513958,5062.5911043705
MYS,1994,2351.28810973614,5390.10167606966
MYS,1995,2559.50573977784,5771.35211956083
MYS,1996,2667.06705435626,6190.46429134886
MYS,1997,2713.67270255516,6480.55649455855
MYS,1998,2376.80678854589,5857.96702940857
MYS,1999,2387.15610966325,6070.95621987091
MYS,2000,2635.63445819664,6455.61419792583
MYS,2001,2650.9388328907,6334.92795651698
MYS,2002,2687.78783129231,6516.90671560155
MYS,2003,2837.90798750543,6732.92049458099
MYS,2004,3046.17626585988,7025.34558004381
MYS,2005,3249.13819888419,7234.02442689141
MYS,2006,3387.62343884211,7469.8106921211
MYS,2007,3660.97857668476,7769.59693350488
MYS,2008,3897.66188699704,7976.11785374773
MYS,2009,3841.94895494223,7700.46111294033
MYS,2010,4029.50310959533,8118.92270511981
MYS,2011,4231.3468916647,8400.32248683558
MYS,2012,4507.07130221607,8710.52671359902
MYS,2013,4751.85706228808,8964.80724896203
MYS,2014,4996.94186320741,9341.73055971278
MYS,2015,5206.60772479137,9648.6797937523
MYS,2016,5414.71064165109,9901.47960179812
MYS,2017,5687.51709077947,10293.762920536201
MYS,2018,6037.75090468222,10610.1950240479
MYS,2019,6398.9372753072,10902.9834855856
MYS,2020,6065.08524889391,10171.4657842762
MYS,2021,6102.80522720758,10388.2667120857
MYS,2022,6712.48225689278,11174.2100761842
MYS,2023,6938.72146294838,11429.5894122241
NAC,1960,NA,18675.0753020959
NAC,1961,NA,18796.7071606381
NAC,1962,NA,19651.4680930281
NAC,1963,NA,20228.061216909002
NAC,1964,NA,21109.9978882379
NAC,1965,NA,22169.0576375499
NAC,1966,NA,23328.8236224485
NAC,1967,NA,23648.7305210113
NAC,1968,NA,24526.9542962295
NAC,1969,NA,25069.5362919132
NAC,1970,15088.5069212683,24881.1633865657
NAC,1971,15462.9625262858,25351.5043751723
NAC,1972,16241.6848242181,26402.4059756083
NAC,1973,16899.1739636324,27643.5588210851
NAC,1974,16666.5318601593,27319.8412039091
NAC,1975,16888.5957331034,27024.9551339934
NAC,1976,17649.3884217113,28213.9499752056
NAC,1977,18189.3326963719,29192.2370987395
NAC,1978,18767.855617085,30439.7204812316
NAC,1979,19004.0278498467,31076.4445873615
NAC,1980,18785.6436184976,30756.2635798688
NAC,1981,18852.8706720001,31244.4603895978
NAC,1982,18886.9116137761,30345.2200740145
NAC,1983,19730.5062390677,31391.7245919752
NAC,1984,20568.4762785535,33333.8741225611
NAC,1985,21438.070519968,34431.3019652318
NAC,1986,22105.8743182598,35255.122307851
NAC,1987,22649.2902063479,36151.6053587204
NAC,1988,23372.2986416704,37313.9941208948
NAC,1989,23815.4434432512,38246.1053368257
NAC,1990,24002.7391472755,38461.7113456547
NAC,1991,23708.1434170327,37851.1119805451
NAC,1992,24213.1750367439,38572.5926863058
NAC,1993,24708.0778418578,39120.6346039121
NAC,1994,25340.1808944055,40219.6474562926
NAC,1995,25771.5965310965,40817.0443470594
NAC,1996,26352.3147230315,41805.2434442893
NAC,1997,27041.7722805373,43145.5167304634
NAC,1998,28112.7240785643,44552.4977600305
NAC,1999,29271.5061854097,46179.7980695285
NAC,2000,30393.4902843703,47578.006105013
NAC,2001,30835.1666484168,47590.3021317146
NAC,2002,31349.9969498528,47992.7493134442
NAC,2003,32055.7850327334,48872.9848468196
NAC,2004,32943.6111090095,50256.443878562
NAC,2005,33804.3437147213,51517.6910134188
NAC,2006,34475.4731111218,52436.3976437343
NAC,2007,35021.307075376,52982.1075077554
NAC,2008,34802.1940658167,52571.5562146714
NAC,2009,34070.6671978128,50741.9924978441
NAC,2010,34461.4791176114,51679.1951322739
NAC,2011,34798.8761327023,52157.2808136716
NAC,2012,35017.1760455627,52919.2496825213
NAC,2013,35390.2408056929,53655.8796737277
NAC,2014,36110.2422036549,54607.1984852286
NAC,2015,37027.2647023252,55702.089462785
NAC,2016,37638.4929474463,56248.8444110029
NAC,2017,38391.7446612562,57260.6149274262
NAC,2018,39197.7141627501,58585.1841911608
NAC,2019,39801.0871525225,59733.1558003892
NAC,2020,38313.3811165905,57737.897806055
NAC,2021,41499.296562012,61079.1523658362
NAC,2022,42592.399120179,62350.755113114
NAC,2023,43321.5081293647,63594.398681032
NAM,1960,NA,NA
NAM,1961,NA,NA
NAM,1962,NA,NA
NAM,1963,NA,NA
NAM,1964,NA,NA
NAM,1965,NA,NA
NAM,1966,NA,NA
NAM,1967,NA,NA
NAM,1968,NA,NA
NAM,1969,NA,NA
NAM,1970,NA,NA
NAM,1971,NA,NA
NAM,1972,NA,NA
NAM,1973,NA,NA
NAM,1974,NA,NA
NAM,1975,NA,NA
NAM,1976,NA,NA
NAM,1977,NA,NA
NAM,1978,NA,NA
NAM,1979,NA,NA
NAM,1980,1672.86381551317,3543.52830787347
NAM,1981,2260.28863437285,3538.05908413962
NAM,1982,2264.15591164153,3461.85974021427
NAM,1983,2103.07249890689,3309.62139241894
NAM,1984,2120.33602962086,3213.57377389991
NAM,1985,1774.6399021955,3137.53895430851
NAM,1986,1856.9645827558,3187.74903180322
NAM,1987,2132.76314007611,3196.99658679727
NAM,1988,1928.41280915167,3111.60654486305
NAM,1989,1863.33671470477,2974.56787424784
NAM,1990,1449.54907245736,2857.33777498196
NAM,1991,1606.08657281275,2989.40001637296
NAM,1992,1502.76466246887,3104.24536078011
NAM,1993,1452.55219672915,2959.27503800966
NAM,1994,1416.86032650775,2918.37740296161
NAM,1995,1418.26132003565,2945.36226956201
NAM,1996,1527.77647539374,2958.24060697383
NAM,1997,1599.8860283179,3004.30804359997
NAM,1998,1616.85056476401,3025.32668011049
NAM,1999,1598.40834080474,3050.46098873323
NAM,2000,1651.8186992999,3083.59657884697
NAM,2001,1763.27240036606,3055.40444831936
NAM,2002,1707.19615576299,3145.94566281247
NAM,2003,1822.48676034002,3232.30589658857
NAM,2004,1833.60182210799,3582.89503259701
NAM,2005,1825.04112821624,3627.75059772278
NAM,2006,1958.56589242393,3834.99894666178
NAM,2007,2050.77445706537,3987.61796106565
NAM,2008,2280.85419455009,4036.38187484707
NAM,2009,2560.1002955493,3989.20711387651
NAM,2010,2381.41172922645,4165.12990200988
NAM,2011,2548.66007584608,4302.72451368462
NAM,2012,2731.7283887842,4420.96741373862
NAM,2013,2913.20980368009,4549.26759093897
NAM,2014,2961.75058669574,4701.95694189098
NAM,2015,3280.3907532334,4774.10650865775
NAM,2016,3698.01232191417,4648.62713460213
NAM,2017,3355.10493169997,4476.73324402105
NAM,2018,3257.14544245048,4400.47537705743
NAM,2019,3164.02566040208,4243.09274481966
NAM,2020,2770.6819745471,3787.49943973286
NAM,2021,3082.4399442026,3809.80753359714
NAM,2022,3282.50316931108,3903.73340788924
NAM,2023,3352.31721672374,3965.35920570222
NCL,1960,NA,NA
NCL,1961,NA,NA
NCL,1962,NA,NA
NCL,1963,NA,NA
NCL,1964,NA,NA
NCL,1965,NA,NA
NCL,1966,NA,NA
NCL,1967,NA,NA
NCL,1968,NA,NA
NCL,1969,NA,NA
NCL,1970,NA,NA
NCL,1971,NA,NA
NCL,1972,NA,NA
NCL,1973,NA,NA
NCL,1974,NA,NA
NCL,1975,NA,NA
NCL,1976,NA,NA
NCL,1977,NA,NA
NCL,1978,NA,NA
NCL,1979,NA,NA
NCL,1980,NA,NA
NCL,1981,NA,NA
NCL,1982,NA,NA
NCL,1983,NA,NA
NCL,1984,NA,NA
NCL,1985,NA,NA
NCL,1986,NA,NA
NCL,1987,NA,NA
NCL,1988,NA,NA
NCL,1989,NA,NA
NCL,1990,NA,NA
NCL,1991,NA,NA
NCL,1992,NA,NA
NCL,1993,NA,NA
NCL,1994,NA,NA
NCL,1995,NA,NA
NCL,1996,NA,NA
NCL,1997,NA,NA
NCL,1998,NA,NA
NCL,1999,NA,NA
NCL,2000,NA,NA
NCL,2001,NA,NA
NCL,2002,NA,NA
NCL,2003,NA,NA
NCL,2004,NA,NA
NCL,2005,NA,NA
NCL,2006,NA,NA
NCL,2007,NA,NA
NCL,2008,NA,NA
NCL,2009,NA,NA
NCL,2010,NA,NA
NCL,2011,NA,NA
NCL,2012,NA,NA
NCL,2013,NA,NA
NCL,2014,NA,NA
NCL,2015,20166.6790672033,30858.7237060533
NCL,2016,NA,NA
NCL,2017,NA,NA
NCL,2018,NA,NA
NCL,2019,NA,NA
NCL,2020,NA,NA
NCL,2021,NA,NA
NCL,2022,NA,NA
NCL,2023,NA,NA
NER,1960,NA,742.408910760981
NER,1961,NA,753.981029403906
NER,1962,NA,807.67276250941
NER,1963,NA,858.546951094184
NER,1964,NA,835.221509892938
NER,1965,NA,867.904426539842
NER,1966,NA,840.539531726946
NER,1967,NA,818.380472772694
NER,1968,NA,799.123593259994
NER,1969,NA,734.909221060399
NER,1970,NA,737.081602875181
NER,1971,NA,758.401953641467
NER,1972,NA,700.360678791067
NER,1973,NA,565.626253176058
NER,1974,NA,598.962615904251
NER,1975,NA,566.675700752681
NER,1976,NA,555.074291271365
NER,1977,NA,581.701168587623
NER,1978,NA,641.441821701708
NER,1979,NA,667.364414151822
NER,1980,NA,631.839702011287
NER,1981,NA,612.157290468376
NER,1982,NA,607.151503137229
NER,1983,NA,566.647875215942
NER,1984,NA,457.605845032569
NER,1985,NA,478.48763243638
NER,1986,NA,493.804077148172
NER,1987,NA,479.510568113117
NER,1988,NA,497.164557867416
NER,1989,NA,486.865683851794
NER,1990,349.225997147727,465.923889536505
NER,1991,350.187709936681,449.719266854731
NER,1992,321.038536445885,444.632775312455
NER,1993,333.527214421806,432.184449587188
NER,1994,329.478869187276,426.267506763664
NER,1995,336.481531440783,422.523153898523
NER,1996,315.783820785161,409.039358698404
NER,1997,314.08742718692,401.724988110363
NER,1998,312.571880960033,427.086030331896
NER,1999,311.562561379913,411.735699209485
NER,2000,297.044207059673,392.898616941042
NER,2001,306.56009120835,406.923493665264
NER,2002,310.789618421691,412.123793192578
NER,2003,311.38473916965,406.333757497876
NER,2004,311.204524940322,393.398781453199
NER,2005,303.874434892592,407.190931059924
NER,2006,304.570839419768,415.852022114801
NER,2007,305.216807001156,413.419126261066
NER,2008,294.223243579787,429.195542798877
NER,2009,301.269577784743,421.650901333136
NER,2010,309.156718820327,441.079166112039
NER,2011,309.797894564475,434.986264873953
NER,2012,320.578377438695,463.066265496402
NER,2013,322.886026655115,469.690214200878
NER,2014,317.510824999591,482.74524741946
NER,2015,327.027240049852,485.662574175279
NER,2016,345.513733249576,495.017437216008
NER,2017,361.052753951499,501.615305462902
NER,2018,371.712883900308,519.546993483886
NER,2019,374.297313757392,532.186024570389
NER,2020,381.234179919614,533.194328910254
NER,2021,379.610110228646,523.263179518652
NER,2022,389.436232875861,566.797962983866
NER,2023,NA,562.137571413883
NGA,1960,NA,1454.98091927783
NGA,1961,NA,1428.11709253028
NGA,1962,NA,1455.81737398163
NGA,1963,NA,1547.48395499883
NGA,1964,NA,1589.68156021192
NGA,1965,NA,1631.55987468263
NGA,1966,NA,1528.59450365696
NGA,1967,NA,1260.72712413534
NGA,1968,NA,1218.43317476044
NGA,1969,NA,1480.04711892566
NGA,1970,NA,1808.39459103972
NGA,1971,NA,2018.173214646
NGA,1972,NA,2036.69397821361
NGA,1973,NA,2093.63873175684
NGA,1974,NA,2267.04408449493
NGA,1975,NA,2089.85507779178
NGA,1976,NA,2214.32261606968
NGA,1977,NA,2278.69721767638
NGA,1978,NA,2082.55279909897
NGA,1979,NA,2155.789653002
NGA,1980,NA,2177.41578655323
NGA,1981,NA,1834.28760820914
NGA,1982,NA,1659.09814351168
NGA,1983,NA,1440.0174778262
NGA,1984,NA,1387.92176005588
NGA,1985,NA,1428.92742820366
NGA,1986,NA,1391.47877234541
NGA,1987,NA,1398.24883298999
NGA,1988,NA,1461.19132231299
NGA,1989,NA,1449.68017647113
NGA,1990,NA,1577.1961662774
NGA,1991,NA,1541.59066261036
NGA,1992,NA,1571.1902261783
NGA,1993,NA,1498.95895037787
NGA,1994,NA,1433.3886109229
NGA,1995,NA,1395.07488456856
NGA,1996,NA,1416.10189471212
NGA,1997,NA,1420.23877961207
NGA,1998,NA,1419.31770917955
NGA,1999,NA,1390.46921139078
NGA,2000,NA,1421.67987952013
NGA,2001,NA,1465.45720342309
NGA,2002,NA,1644.39518877632
NGA,2003,NA,1717.2145111176
NGA,2004,NA,1824.80269456773
NGA,2005,NA,1889.25175325817
NGA,2006,NA,1949.15856804565
NGA,2007,NA,2020.83316299454
NGA,2008,NA,2098.28339220667
NGA,2009,NA,2204.6072560373
NGA,2010,NA,2315.46676509662
NGA,2011,NA,2370.97657091803
NGA,2012,NA,2403.65387896923
NGA,2013,NA,2495.34106573748
NGA,2014,NA,2583.6155695814
NGA,2015,NA,2585.73360671797
NGA,2016,NA,2481.81490350326
NGA,2017,NA,2441.71236404487
NGA,2018,NA,2431.77857832567
NGA,2019,NA,2431.53528472982
NGA,2020,NA,2337.57587388074
NGA,2021,NA,2372.57314465346
NGA,2022,NA,2398.98622787065
NGA,2023,NA,2416.36198205178
NIC,1960,1217.92234207252,1672.28062465578
NIC,1961,1278.41717124993,1744.725161445
NIC,1962,1386.77082739987,1877.61825889281
NIC,1963,1479.49445175041,2019.89222009477
NIC,1964,1565.44291048341,2188.82678204646
NIC,1965,1667.87734861481,2325.02105951191
NIC,1966,1663.30271195417,2328.59156906016
NIC,1967,1787.71873312998,2414.3722076525
NIC,1968,1724.86655006974,2371.24867126731
NIC,1969,1697.94027868666,2441.32184648301
NIC,1970,1660.33633630133,2398.12504602066
NIC,1971,1642.3055005556,2401.30652365459
NIC,1972,1619.73634406461,2384.28858871367
NIC,1973,1673.43840033249,2464.78868244316
NIC,1974,1743.01500238247,2729.3039458149
NIC,1975,1777.95506284392,2643.01974629021
NIC,1976,1804.77823104815,2697.48418686108
NIC,1977,1887.38170540459,2836.59365116214
NIC,1978,1723.68083102272,2539.74052844915
NIC,1979,1222.86110256938,1817.5587628401
NIC,1980,1401.54763447129,1850.00555506545
NIC,1981,1169.76230293014,1894.88600404506
NIC,1982,991.757252262066,1828.5497116573
NIC,1983,911.78533958627,1863.30470439546
NIC,1984,844.370604704875,1789.10955332195
NIC,1985,758.043956753903,1675.62658174627
NIC,1986,679.510065872431,1620.25266060724
NIC,1987,645.336226172751,1572.33696890733
NIC,1988,905.713211959682,1345.34079013848
NIC,1989,834.844640261157,1291.3470260677
NIC,1990,691.42100393593,1260.87697668085
NIC,1991,908.853627530145,1229.8091165168
NIC,1992,947.577795469731,1206.96533307515
NIC,1993,899.707856243044,1176.11829757074
NIC,1994,901.301919641864,1189.83813240005
NIC,1995,915.181881657134,1234.77136603689
NIC,1996,938.48718545197,1288.94419078619
NIC,1997,976.614555472033,1317.89375616831
NIC,1998,1012.8669883997,1346.0761227479
NIC,1999,1032.54212810142,1420.32184791873
NIC,2000,1077.42080132173,1458.37854273063
NIC,2001,1115.09210010437,1482.31887414202
NIC,2002,1149.77687042468,1475.49003872794
NIC,2003,1155.15965588539,1494.9599207623
NIC,2004,1163.63222723663,1555.87814231071
NIC,2005,1187.56389216229,1601.49170634402
NIC,2006,1204.13542825311,1644.38005202143
NIC,2007,1243.52343548813,1703.20754558409
NIC,2008,1265.28150165027,1736.64128116032
NIC,2009,1268.50257890822,1655.72842353391
NIC,2010,1288.43266475415,1704.37971859341
NIC,2011,1303.63865487328,1786.64293904555
NIC,2012,1337.86076775767,1876.188223644
NIC,2013,1369.94058808533,1941.45084735102
NIC,2014,1408.49121510636,2006.66284522362
NIC,2015,1462.44603959543,2074.45446460028
NIC,2016,1525.10797922011,2140.13831299183
NIC,2017,1545.55404529414,2209.65481256582
NIC,2018,1455.76240883222,2107.35346456322
NIC,2019,1411.24548076343,2019.92516272041
NIC,2020,1389.17992385972,1959.78830967601
NIC,2021,1494.27052318683,2136.10385403637
NIC,2022,1562.9724481929,2187.96728914942
NIC,2023,1653.66770746149,2256.77147695561
NLD,1960,NA,14369.9782010204
NLD,1961,NA,14224.1232711088
NLD,1962,NA,14982.6014413175
NLD,1963,NA,15317.7070002317
NLD,1964,NA,16364.8358936203
NLD,1965,NA,17536.8824970256
NLD,1966,NA,17783.9544414764
NLD,1967,NA,18511.9893625218
NLD,1968,NA,19496.2110458952
NLD,1969,10988.3621522351,20510.8205773463
NLD,1970,11642.4778350128,21502.1677711919
NLD,1971,11867.8330612813,22165.264188457
NLD,1972,12053.7759841172,22717.6765287558
NLD,1973,12506.1630904757,23757.1122032462
NLD,1974,12805.0555123082,24382.2248610111
NLD,1975,13072.9343446078,24166.3402437694
NLD,1976,13687.1319015691,25045.8849216797
NLD,1977,14167.0622767312,25524.9215447392
NLD,1978,14729.1561876981,26052.3514822543
NLD,1979,14814.4937619735,26394.2638789431
NLD,1980,14685.5264364916,26537.6185481521
NLD,1981,14237.1711288643,26149.651070451
NLD,1982,13967.1265845288,25707.04458208
NLD,1983,14089.454145317,26139.8532418517
NLD,1984,14118.5464583943,26833.449107754
NLD,1985,14248.1307856343,27397.7390478033
NLD,1986,14504.7871686193,28005.4569170371
NLD,1987,14712.2943908589,28365.7513364876
NLD,1988,14844.3073953365,29152.9132810316
NLD,1989,15221.1390164076,30259.4323164402
NLD,1990,15727.3207918183,31308.9134353062
NLD,1991,16026.4084826789,31820.8312757536
NLD,1992,16019.5089076679,32119.9518915891
NLD,1993,16037.261186871,32297.9765926087
NLD,1994,16251.8726862155,33054.4495250043
NLD,1995,16602.7010297646,33916.5007890845
NLD,1996,17340.4070638084,34915.1715994696
NLD,1997,17971.8238669017,36211.649328204
NLD,1998,18864.5711166163,37661.7336703917
NLD,1999,19855.699557241802,39298.7334163813
NLD,2000,20436.4717147624,40665.3381347954
NLD,2001,20697.5466595635,41297.3198197765
NLD,2002,20805.2040954084,41135.4190926401
NLD,2003,20680.2652700372,40981.8476753112
NLD,2004,20765.1377814823,41663.1477702602
NLD,2005,20905.2067334186,42411.3453295771
NLD,2006,20839.1323009512,43841.1223358567
NLD,2007,21183.6674608747,45445.5228940384
NLD,2008,21289.1869796287,46227.2111445548
NLD,2009,20780.6604098777,44304.4119418886
NLD,2010,20696.0663922722,44659.2728095964
NLD,2011,20614.0823992786,45239.7318784562
NLD,2012,20303.5815937205,44631.8744697382
NLD,2013,20048.6391657103,44487.0306140116
NLD,2014,20051.4969779845,45042.0669609307
NLD,2015,20357.4926882784,45793.8135434697
NLD,2016,20476.161712102,46655.0363545163
NLD,2017,20789.2487138376,47670.1056982589
NLD,2018,21115.534820813,48463.0299572209
NLD,2019,21162.6536668763,49254.0158758866
NLD,2020,19706.7212064638,47086.5803832096
NLD,2021,20454.501676659,49780.8440433539
NLD,2022,21588.1381373973,51777.543168341
NLD,2023,21463.6826874359,51305.6282286444
NOR,1960,NA,19209.4149875442
NOR,1961,NA,20252.9651418068
NOR,1962,NA,20656.251402616
NOR,1963,NA,21276.6121974943
NOR,1964,NA,22174.3562319721
NOR,1965,NA,23165.6315360173
NOR,1966,NA,23851.6125780204
NOR,1967,NA,25132.6625607088
NOR,1968,NA,25485.4948986466
NOR,1969,NA,26417.4081782725
NOR,1970,11395.3381163812,26735.8304095216
NOR,1971,11940.6164111179,28055.2761671794
NOR,1972,12172.2832024417,29325.6487853574
NOR,1973,12518.5997829921,30441.2763811072
NOR,1974,12811.4306435819,31439.5969962052
NOR,1975,13415.0523123398,32814.9157097687
NOR,1976,14147.3516747895,34564.0686876912
NOR,1977,14971.471168254,35850.3348649494
NOR,1978,14677.2363095816,37095.6138644061
NOR,1979,15241.7116471929,38585.9873612669
NOR,1980,15507.3338864564,40217.748173408
NOR,1981,15500.769999861,40720.2148104905
NOR,1982,15617.1380564425,40666.4051195008
NOR,1983,15873.7602545933,42142.3366571342
NOR,1984,16334.2322082955,44567.0046807654
NOR,1985,17787.7519966385,46901.3242898955
NOR,1986,18619.3710410611,48623.3846873713
NOR,1987,18418.0442672421,49244.9631981733
NOR,1988,17932.4153133207,48855.8114061805
NOR,1989,17749.407209389,49159.7036154895
NOR,1990,17810.9278540771,49937.4557760277
NOR,1991,18095.7389698741,51233.0361138797
NOR,1992,18416.9518528721,52758.9452456296
NOR,1993,18723.3838195339,53938.0213173081
NOR,1994,19249.0843167088,56343.0105413415
NOR,1995,19841.1317231783,58380.5400198046
NOR,1996,20989.0665632494,61005.8800438647
NOR,1997,21527.0441667352,63882.4765007626
NOR,1998,22004.5776161979,65197.9463149391
NOR,1999,22670.4974594494,66094.7354617269
NOR,2000,23463.2261036163,67846.5968530147
NOR,2001,23826.3617860447,68899.5269042015
NOR,2002,24441.3733593294,69472.9836723066
NOR,2003,25074.1940184147,69719.312268163
NOR,2004,26284.7935218539,72090.9862919578
NOR,2005,27255.7813242489,73524.2549173583
NOR,2006,28378.2856770262,74729.7366063199
NOR,2007,29576.6774862299,76115.7066720983
NOR,2008,29700.3591205773,75535.2117892008
NOR,2009,29337.0372686916,73141.3073422967
NOR,2010,30077.679057098,72804.3956195341
NOR,2011,30392.093007598,72660.6754085214
NOR,2012,31046.1845748234,73661.6785918009
NOR,2013,31535.3445453196,73515.9144885958
NOR,2014,31827.5820998235,74180.323865677
NOR,2015,32366.3960767763,74809.9658049898
NOR,2016,32442.9050686026,75017.4944737055
NOR,2017,32902.3946601462,76247.4116556881
NOR,2018,33154.4067303942,76373.6241145297
NOR,2019,33268.0795618719,76712.2871258373
NOR,2020,31015.3414607076,75287.2059530897
NOR,2021,32422.5057976878,77812.7115682103
NOR,2022,34130.9518972216,79434.6256451575
NOR,2023,33499.2806424831,78912.3327624579
NPL,1960,NA,327.155239909957
NPL,1961,NA,327.106042340229
NPL,1962,NA,326.931761367814
NPL,1963,NA,326.647935131857
NPL,1964,NA,344.303003365182
NPL,1965,NA,333.249080677851
NPL,1966,NA,349.354951533981
NPL,1967,NA,336.664372577306
NPL,1968,NA,331.720617039361
NPL,1969,NA,339.099773054614
NPL,1970,NA,340.306833356848
NPL,1971,NA,328.993729996026
NPL,1972,NA,331.963144339485
NPL,1973,NA,323.260045911092
NPL,1974,NA,336.306374003459
NPL,1975,NA,333.76929822544
NPL,1976,NA,340.906119257416
NPL,1977,NA,343.403337654578
NPL,1978,NA,350.30570504545
NPL,1979,NA,350.320446364022
NPL,1980,NA,334.219179007322
NPL,1981,NA,353.700814105005
NPL,1982,NA,358.609920101425
NPL,1983,NA,339.778376746619
NPL,1984,NA,364.032308849685
NPL,1985,NA,377.725353860231
NPL,1986,NA,386.340559561214
NPL,1987,NA,384.659636696973
NPL,1988,NA,405.638929689076
NPL,1989,NA,413.894023064039
NPL,1990,NA,422.724738575869
NPL,1991,NA,438.15619419594
NPL,1992,NA,443.462044821677
NPL,1993,NA,448.13094087379
NPL,1994,NA,472.951082824345
NPL,1995,NA,477.741099613336
NPL,1996,NA,492.212428031946
NPL,1997,NA,506.426874424217
NPL,1998,NA,511.54871132025
NPL,1999,NA,524.27256909301
NPL,2000,NA,547.221082273632
NPL,2001,519.923240534346,564.28622920391
NPL,2002,530.24943846729,556.438454538796
NPL,2003,539.341278366884,570.28967363428
NPL,2004,537.699099981103,589.46992868617
NPL,2005,556.668945255108,603.190108570995
NPL,2006,581.089230639275,617.477638588722
NPL,2007,594.489880215854,633.226129136597
NPL,2008,597.55658256419,666.865095417138
NPL,2009,627.189084417974,692.400000816919
NPL,2010,662.161652046032,721.265221364302
NPL,2011,662.978948928568,742.617252662576
NPL,2012,681.354927372095,775.310578479839
NPL,2013,698.002449290376,801.039060847856
NPL,2014,717.106692892972,846.665541773599
NPL,2015,731.628306961937,875.543635474862
NPL,2016,758.440102375564,875.188943730855
NPL,2017,762.88923091299,951.857298563641
NPL,2018,807.984364267067,1021.91492204011
NPL,2019,863.467823959896,1077.11796498188
NPL,2020,877.456554173053,1031.53618783934
NPL,2021,931.021380547342,1062.7888430629
NPL,2022,986.573283833354,1113.55462343197
NPL,2023,994.22467496835,1136.09335013717
NRU,1960,NA,NA
NRU,1961,NA,NA
NRU,1962,NA,NA
NRU,1963,NA,NA
NRU,1964,NA,NA
NRU,1965,NA,NA
NRU,1966,NA,NA
NRU,1967,NA,NA
NRU,1968,NA,NA
NRU,1969,NA,NA
NRU,1970,NA,39582.3188230547
NRU,1971,NA,40416.3559465575
NRU,1972,NA,41282.5247597121
NRU,1973,NA,42144.9613951929
NRU,1974,NA,43009.4308658865
NRU,1975,NA,43850.6316332646
NRU,1976,NA,42150.9470391467
NRU,1977,NA,40397.5017366179
NRU,1978,NA,38533.3733438146
NRU,1979,NA,36595.5274384871
NRU,1980,NA,34723.1480327751
NRU,1981,NA,32927.1785666112
NRU,1982,NA,31199.7106677561
NRU,1983,NA,29671.3711366419
NRU,1984,NA,28281.4037053178
NRU,1985,NA,26925.5140202936
NRU,1986,NA,25595.3774115331
NRU,1987,NA,24307.1967219056
NRU,1988,NA,23058.0583249942
NRU,1989,NA,21871.6244389014
NRU,1990,NA,20743.0546568632
NRU,1991,NA,16414.2227344012
NRU,1992,NA,13510.6705433805
NRU,1993,NA,11242.2323199836
NRU,1994,NA,10770.2765041795
NRU,1995,NA,9889.58238222283
NRU,1996,NA,8701.31595291815
NRU,1997,NA,7911.35685035345
NRU,1998,NA,6978.08306417341
NRU,1999,NA,6526.78700752091
NRU,2000,NA,6090.65769939007
NRU,2001,NA,5700.16392815847
NRU,2002,NA,5156.21747954894
NRU,2003,NA,5182.71729298914
NRU,2004,NA,4958.59494194212
NRU,2005,NA,4946.36830865812
NRU,2006,NA,5366.34976796417
NRU,2007,NA,4181.64316901683
NRU,2008,NA,5039.43231005929
NRU,2009,NA,4751.28407417521
NRU,2010,NA,4730.93001061022
NRU,2011,NA,5382.45329963983
NRU,2012,NA,6632.10607690211
NRU,2013,NA,6710.62531212923
NRU,2014,NA,7649.08971293174
NRU,2015,NA,7703.43149943923
NRU,2016,NA,7898.2277010259
NRU,2017,NA,7309.38138643462
NRU,2018,NA,7124.01760358281
NRU,2019,NA,7655.24340340684
NRU,2020,NA,7769.40694625475
NRU,2021,NA,8282.3668394419
NRU,2022,NA,8466.19206696855
NRU,2023,NA,8463.13245199864
NZL,1960,NA,17776.551068472
NZL,1961,NA,18002.3895872158
NZL,1962,NA,18091.225758171
NZL,1963,NA,18817.6083574369
NZL,1964,NA,19552.1673180578
NZL,1965,NA,20407.72501827
NZL,1966,NA,21298.0001599488
NZL,1967,NA,19960.9945854049
NZL,1968,NA,19777.0036019688
NZL,1969,NA,21599.0711721513
NZL,1970,12195.6384538049,21010.0255056525
NZL,1971,12068.3891379246,21482.054113016
NZL,1972,12693.766262323301,22185.9273716135
NZL,1973,13500.1610149521,23452.9091323081
NZL,1974,13751.9314622477,24345.5402366519
NZL,1975,13387.3351271417,23463.0260570469
NZL,1976,12835.5444574459,23472.3510899214
NZL,1977,12379.9728935468,22478.3020515778
NZL,1978,12597.1345629166,22542.680184814
NZL,1979,12586.9907368079,23127.1302499646
NZL,1980,12541.0046214607,23394.7746124536
NZL,1981,12748.454799348,24389.8628515244
NZL,1982,12448.3963400074,24373.2473415141
NZL,1983,12658.8228754147,24883.5925300997
NZL,1984,13035.9536910272,25851.7262418214
NZL,1985,13132.7668725456,26107.4893135443
NZL,1986,13677.0100787515,26820.4266706591
NZL,1987,13944.6409397451,26848.632106229
NZL,1988,14321.6949731947,26680.1098949334
NZL,1989,14406.9263575511,26595.1943236879
NZL,1990,14354.4475001205,26391.1425882701
NZL,1991,13355.99466937,24868.7385228741
NZL,1992,13265.5508055856,24880.2037081612
NZL,1993,13593.8026218081,26170.4401014812
NZL,1994,14278.2070740078,27146.8256678231
NZL,1995,14655.077459703,28015.5864425497
NZL,1996,15149.4547970907,28571.4075096158
NZL,1997,15361.6975683271,28785.1958436523
NZL,1998,15655.7169296128,28776.0222188928
NZL,1999,16050.3852691964,30164.0852034973
NZL,2000,16181.9521723678,30848.1860883256
NZL,2001,16521.895108405,31713.1301772319
NZL,2002,17045.7154386409,32636.1375503767
NZL,2003,17749.745081482,33511.5504913352
NZL,2004,18422.4418842152,34367.0062362204
NZL,2005,19055.5828688439,35120.7355126427
NZL,2006,19365.3310968192,35659.59616566
NZL,2007,19913.5896743686,36406.1408058787
NZL,2008,19587.6283740123,35651.0156373706
NZL,2009,19689.4775794571,35278.0407763656
NZL,2010,19898.3966219922,35392.017344657
NZL,2011,20370.3224078645,35910.4173636577
NZL,2012,20726.7621573229,36531.7484498327
NZL,2013,21353.4758345815,37252.7570550478
NZL,2014,21696.3018110224,38014.6435529728
NZL,2015,22157.5221010167,38639.3501941427
NZL,2016,23057.0785542938,39197.327525871
NZL,2017,23669.4617434219,39691.2133196719
NZL,2018,24309.1239948255,40350.9122003744
NZL,2019,24505.4424225521,40651.9744673101
NZL,2020,23987.5552338932,39596.5266174221
NZL,2021,25316.0744957128,41225.7927835812
NZL,2022,25980.4978398513,42320.892439076
NZL,2023,NA,41766.8707772422
OED,1960,NA,11054.6149598383
OED,1961,NA,11383.2250471157
OED,1962,NA,11850.1334533302
OED,1963,NA,12284.525704483
OED,1964,NA,12899.9384302255
OED,1965,NA,13428.8848568816
OED,1966,NA,14000.9299525158
OED,1967,NA,14363.11917212
OED,1968,NA,15042.2411473018
OED,1969,NA,15691.9124752099
OED,1970,9246.47756951013,15945.9833784554
OED,1971,9528.29802503969,16330.7435146592
OED,1972,9983.57284960896,17010.6854236397
OED,1973,10416.7210653683,17841.6739345245
OED,1974,10377.5003237207,17846.3156026445
OED,1975,10517.4239078038,17682.7526766581
OED,1976,10878.1453340672,18342.843147521002
OED,1977,11152.004571083,18852.3997788261
OED,1978,11490.4954844477,19494.6789937422
OED,1979,11790.0517209098,20068.4921338974
OED,1980,11811.5130154984,20132.3743851872
OED,1981,11873.8602745913,20379.0593127357
OED,1982,11937.9896721364,20237.1761492992
OED,1983,12211.0473189717,20645.7024181699
OED,1984,12517.1993224446,21451.8853363428
OED,1985,12895.5230030145,22071.8648290808
OED,1986,13298.8856862594,22558.7077398098
OED,1987,13671.2984436286,23171.2928056583
OED,1988,14125.141984101,24026.5493328043
OED,1989,14502.9889861824,24724.6087016038
OED,1990,14796.6233615153,25225.1149064534
OED,1991,14837.7454987399,25272.794373727
OED,1992,15109.7771189235,25559.0790652694
OED,1993,15261.2456329157,25687.8982185428
OED,1994,15587.8049579325,26298.4817706014
OED,1995,15840.3479549415,26787.9790727846
OED,1996,16203.9894913956,27407.4230745838
OED,1997,16593.4982801923,28187.5356548122
OED,1998,17036.6248897275,28826.1656087534
OED,1999,17606.7607053363,29599.5148971898
OED,2000,18203.3086537927,30595.419481915
OED,2001,18480.9645622402,30799.8796558708
OED,2002,18738.1553034301,31043.0128613568
OED,2003,19036.7423513885,31448.499401097
OED,2004,19455.0400060249,32244.7283618931
OED,2005,19888.7361384151,32927.7531009029
OED,2006,20250.8558972008,33687.3123290781
OED,2007,20605.5150626358,34316.7355930927
OED,2008,20523.7555343791,34178.6804078521
OED,2009,20113.5860196361,32784.6730885004
OED,2010,20412.9078252939,33528.8128548275
OED,2011,20597.5627279297,33990.1408791289
OED,2012,20691.8653154343,34248.5694654616
OED,2013,20874.6589769531,34588.3914310992
OED,2014,21148.8469836738,35119.5793492568
OED,2015,21568.3536713861,35784.8705175556
OED,2016,21913.4459473943,36219.5088989452
OED,2017,22301.6238576005,36933.5126567127
OED,2018,22647.9222304699,37575.2313340185
OED,2019,22887.839386538,38070.1530879606
OED,2020,21638.751708448,36385.5052653603
OED,2021,23060.1649974602,38490.640683906
OED,2022,23852.2259744539,39464.1326487097
OED,2023,24235.4114129626,39973.5101059051
OMN,1960,NA,0.00235484837826578
OMN,1961,NA,0.00234035098184797
OMN,1962,NA,0.00276122358425937
OMN,1963,NA,0.00283031567381374
OMN,1964,NA,0.00277430598973251
OMN,1965,NA,2726.45883180126
OMN,1966,NA,2803.36373992104
OMN,1967,NA,4549.4544111564
OMN,1968,NA,8071.18754392145
OMN,1969,NA,9884.06486534758
OMN,1970,NA,10961.4530607756
OMN,1971,NA,10760.5017745238
OMN,1972,NA,11489.2538016852
OMN,1973,NA,9570.57985616872
OMN,1974,NA,10302.3883519357
OMN,1975,NA,12294.9633240241
OMN,1976,NA,14168.4469653325
OMN,1977,NA,13631.6155316852
OMN,1978,NA,12472.0886586901
OMN,1979,NA,12343.1364832537
OMN,1980,NA,12406.641239648
OMN,1981,NA,13751.4981915284
OMN,1982,NA,14513.9813596912
OMN,1983,NA,16018.8528993149
OMN,1984,NA,17703.059313537
OMN,1985,NA,18998.6682034202
OMN,1986,NA,18173.3411741214
OMN,1987,NA,16524.1793523574
OMN,1988,NA,16544.4404102283
OMN,1989,NA,17522.6182543769
OMN,1990,NA,16629.4556601528
OMN,1991,NA,16805.7218402658
OMN,1992,NA,17404.1314569504
OMN,1993,NA,17694.1605143981
OMN,1994,NA,17848.8187662711
OMN,1995,NA,18398.7242065917
OMN,1996,NA,18639.2039411697
OMN,1997,NA,19458.9266441148
OMN,1998,4625.12354862042,19167.755471589
OMN,1999,4531.8945322415,18965.2142322448
OMN,2000,4529.92226065934,19881.7364316776
OMN,2001,4722.7619014735,20546.0554077598
OMN,2002,4697.10628321125,20150.1131971413
OMN,2003,5286.64955085451,19485.6441506077
OMN,2004,5517.32237449307,19534.8601445269
OMN,2005,5544.23425889338,19629.0451546015
OMN,2006,5691.56288135542,20096.3965576134
OMN,2007,6643.16555885642,20642.7489563377
OMN,2008,6866.23790489488,22007.7338963517
OMN,2009,7554.08282828427,22819.1977324647
OMN,2010,7790.94453480826,22766.0503620721
OMN,2011,7477.39591775666,20993.9079436935
OMN,2012,7194.87038682174,19824.1215485946
OMN,2013,6861.89251557733,19299.9400516869
OMN,2014,6838.40766206907,18726.2026946971
OMN,2015,6782.95531590064,18808.3077921839
OMN,2016,6793.57168639488,18830.6057208608
OMN,2017,7185.47531097793,18277.945563615
OMN,2018,7157.71029230714,18269.6769435562
OMN,2019,6894.97749791271,18089.586668488
OMN,2020,7667.74912000405,17743.8858800477
OMN,2021,7837.33561360465,18291.3387983888
OMN,2022,8125.55688776959,19069.3926798091
OMN,2023,NA,18098.5776925062
OSS,1960,NA,NA
OSS,1961,NA,NA
OSS,1962,NA,NA
OSS,1963,NA,NA
OSS,1964,NA,NA
OSS,1965,NA,NA
OSS,1966,NA,NA
OSS,1967,NA,NA
OSS,1968,NA,NA
OSS,1969,NA,NA
OSS,1970,NA,NA
OSS,1971,NA,NA
OSS,1972,NA,NA
OSS,1973,NA,NA
OSS,1974,NA,NA
OSS,1975,NA,5423.39620753121
OSS,1976,NA,6327.27627443378
OSS,1977,NA,6864.02290177161
OSS,1978,NA,7159.12494732528
OSS,1979,NA,7907.29362639821
OSS,1980,NA,7613.54583909921
OSS,1981,NA,6931.17653703896
OSS,1982,NA,6875.02117983244
OSS,1983,NA,6886.40266379391
OSS,1984,NA,6975.96993293245
OSS,1985,NA,6895.71699709409
OSS,1986,NA,6886.79136814197
OSS,1987,NA,7212.26139118788
OSS,1988,NA,7338.85413767183
OSS,1989,NA,7361.87145167418
OSS,1990,NA,7573.24630231401
OSS,1991,NA,7523.78260985909
OSS,1992,NA,7338.83987150821
OSS,1993,NA,7471.96610353701
OSS,1994,NA,7568.76813222776
OSS,1995,NA,7832.41972411128
OSS,1996,NA,8004.05264228532
OSS,1997,NA,8358.25795641828
OSS,1998,NA,8546.12809141056
OSS,1999,NA,8768.86064346719
OSS,2000,4529.56055102591,9346.27412373189
OSS,2001,4623.1712931392,9453.52264454562
OSS,2002,4633.94618787659,9580.3637773704
OSS,2003,4821.23951270973,9849.24852621168
OSS,2004,5051.48228534114,10182.2022549715
OSS,2005,5287.85957120192,10512.2734141327
OSS,2006,5455.81894532016,10992.2418821543
OSS,2007,5733.69682722497,11436.1478891635
OSS,2008,5912.09307032177,11464.189851069
OSS,2009,5561.01457329264,10869.8037299452
OSS,2010,5696.86198308245,11015.8040330415
OSS,2011,5817.8124641485,11281.0550315253
OSS,2012,5819.4939596678,11354.8836406316
OSS,2013,5865.01143402521,11410.4680699118
OSS,2014,5904.80618681861,11528.5246780463
OSS,2015,6028.19506372275,11735.6880833152
OSS,2016,6176.78454476359,12044.6770028061
OSS,2017,6351.66525963234,12462.0770305721
OSS,2018,6572.87442389853,12812.0351262748
OSS,2019,6734.29382241688,13182.531539845
OSS,2020,6349.35053619291,12299.5886034111
OSS,2021,6696.39871192283,13025.0808599447
OSS,2022,7080.70199201495,13491.5967771426
OSS,2023,7288.59084863924,13696.0214084877
PAK,1960,NA,413.961862462742
PAK,1961,NA,427.414442837169
PAK,1962,NA,435.1234635969
PAK,1963,NA,460.576971263091
PAK,1964,NA,482.253588996217
PAK,1965,NA,518.130266832876
PAK,1966,NA,533.122629474003
PAK,1967,NA,546.281789318268
PAK,1968,NA,569.341263423297
PAK,1969,NA,583.741428686659
PAK,1970,NA,631.587748383334
PAK,1971,NA,617.297392498723
PAK,1972,NA,605.334383311172
PAK,1973,NA,629.496808036671
PAK,1974,NA,632.894770036852
PAK,1975,NA,640.124357568775
PAK,1976,NA,652.838055213587
PAK,1977,NA,657.659383934214
PAK,1978,NA,688.190284180422
PAK,1979,NA,689.743593740588
PAK,1980,NA,729.775997454804
PAK,1981,NA,755.351886399493
PAK,1982,NA,775.040043703995
PAK,1983,NA,799.413201289567
PAK,1984,NA,813.98181157513
PAK,1985,NA,848.459508815423
PAK,1986,729.576972615657,865.38378020321
PAK,1987,729.960691403512,890.342222772156
PAK,1988,777.639497133339,926.557789336634
PAK,1989,758.803744078009,941.244309440788
PAK,1990,766.889737836363,950.884644833285
PAK,1991,732.115539848846,966.522495703734
PAK,1992,804.04375154802,1011.6250844611
PAK,1993,798.859064629683,1001.25854820003
PAK,1994,802.991099017393,1009.06429520182
PAK,1995,835.191913978008,1028.96592446155
PAK,1996,869.012787579174,1047.88663514614
PAK,1997,880.230345849761,1028.99804758369
PAK,1998,869.62556954507,1026.50033720969
PAK,1999,909.144462923693,1035.49888206288
PAK,2000,887.416673197789,1049.54229686852
PAK,2001,897.098255265806,1057.86767778646
PAK,2002,877.8116217961,1059.04171024589
PAK,2003,885.936049500256,1090.27523993746
PAK,2004,935.189690641622,1146.99632842666
PAK,2005,1024.23821497426,1201.23359367214
PAK,2006,1016.56734361343,1243.94142602543
PAK,2007,1040.21859549016,1265.35567539842
PAK,2008,1029.79885346444,1258.05188934452
PAK,2009,1010.25557708514,1269.07432116444
PAK,2010,1007.61031020343,1256.69482201323
PAK,2011,1024.93814325821,1261.83161907857
PAK,2012,1045.25594582956,1275.48806898966
PAK,2013,1058.76911705172,1309.70080446386
PAK,2014,1102.43314719676,1343.30778121043
PAK,2015,1120.10182276695,1380.47020838317
PAK,2016,1192.01759631186,1452.18658269177
PAK,2017,1256.70617842992,1495.26187528032
PAK,2018,1325.58050193046,1561.68169819559
PAK,2019,1375.9466331104,1573.8330826937
PAK,2020,1313.0829147143,1526.00597486307
PAK,2021,1410.17483945539,1595.02792175422
PAK,2022,1482.26434421919,1642.28066974826
PAK,2023,1496.57046424348,1616.39906887866
PAN,1960,NA,2809.09635546079
PAN,1961,NA,3025.05532015251
PAN,1962,NA,3177.4018399073602
PAN,1963,NA,3345.64594329978
PAN,1964,NA,3389.55422433321
PAN,1965,NA,3590.43695377221
PAN,1966,NA,3749.33741417518
PAN,1967,NA,3952.07375864223
PAN,1968,NA,4107.09637772042
PAN,1969,NA,4328.31649576701
PAN,1970,NA,4500.46362211365
PAN,1971,NA,4796.87687678705
PAN,1972,NA,4879.84805400946
PAN,1973,NA,5004.08529485978
PAN,1974,NA,4992.24686476946
PAN,1975,NA,4948.79764940523
PAN,1976,NA,4905.04206487063
PAN,1977,NA,4837.27014523826
PAN,1978,NA,5183.5703549476
PAN,1979,NA,5289.37656995232
PAN,1980,NA,5840.96093713885
PAN,1981,NA,6229.52654445661
PAN,1982,NA,6409.68671715678
PAN,1983,NA,5979.5181686045
PAN,1984,NA,5999.68243599805
PAN,1985,NA,6152.7843025223
PAN,1986,NA,6229.61874146209
PAN,1987,NA,5982.34479877036
PAN,1988,NA,5069.86261679445
PAN,1989,NA,5039.88258973064
PAN,1990,NA,5333.21870442352
PAN,1991,NA,5712.98860533438
PAN,1992,NA,6053.46766447567
PAN,1993,NA,6252.48829508086
PAN,1994,NA,6299.53554013552
PAN,1995,NA,6280.46246501922
PAN,1996,3330.05134235962,5799.88560096133
PAN,1997,3568.96779332289,6122.6466478841
PAN,1998,4196.57547296066,6504.97011881774
PAN,1999,4182.05436740514,6709.72276088415
PAN,2000,4171.35166882986,6856.14919005847
PAN,2001,4254.23503053001,6787.86267897348
PAN,2002,4450.96215616055,6825.17747437166
PAN,2003,4738.34234194974,7037.08165700349
PAN,2004,4819.36192953061,7468.76593139801
PAN,2005,5281.01518584129,7935.87135060821
PAN,2006,5522.89568481137,8557.9801770364
PAN,2007,5463.10238145957,9507.64641073854
PAN,2008,5626.0315892752,10288.1549911493
PAN,2009,5724.31612421823,10267.0633151993
PAN,2010,6005.58987884505,10698.0717633911
PAN,2011,6230.1882036018,11761.4988547604
PAN,2012,6322.50157190672,12668.2945474105
PAN,2013,6632.28593874445,13236.8306754449
PAN,2014,6968.11255876855,13611.5490809559
PAN,2015,6996.16096827427,14082.6548502728
PAN,2016,7331.89500560638,14474.1243636349
PAN,2017,7392.17711312944,15045.5456426827
PAN,2018,7545.75417896137,15375.6435074101
PAN,2019,7426.65289449688,15602.542086719901
PAN,2020,7830.14251225772,12647.082664124
PAN,2021,7124.49212035107,14552.9401574302
PAN,2022,7504.48020631834,15917.427539403
PAN,2023,7629.03300206225,16872.8834654731
PER,1960,1829.56112912284,2704.36949914585
PER,1961,1853.3499415687,2819.64448663957
PER,1962,2021.19119139315,3013.56779249399
PER,1963,2141.03231349827,3054.09341665986
PER,1964,2210.50964600345,3161.27865870871
PER,1965,2297.92571749745,3244.42752499768
PER,1966,2454.98093626358,3413.00557819899
PER,1967,2552.27151205499,3445.54689195427
PER,1968,2449.70721374388,3355.06834981307
PER,1969,2465.43313926144,3377.29242666322
PER,1970,2460.08676316754,3404.48746273535
PER,1971,2509.67454511086,3474.09968688628
PER,1972,2499.49277245053,3500.78314670801
PER,1973,2617.98897580175,3625.43301411272
PER,1974,2789.08179119358,3866.6634321787
PER,1975,2813.84229911852,3933.70255577203
PER,1976,2770.66936712123,3893.41831349783
PER,1977,2647.33844705825,3811.69775974603
PER,1978,2373.38517111615,3619.69303247044
PER,1979,2301.40969229096,3674.96184299482
PER,1980,2402.94694194392,3797.43621611508
PER,1981,2518.97940503066,3909.66676934412
PER,1982,2397.86390070052,3805.24470888803
PER,1983,2208.14879008941,3325.45532400634
PER,1984,2213.55822933186,3361.21738023781
PER,1985,2198.00306010727,3347.82743034644
PER,1986,2468.98149259569,3578.0009133316
PER,1987,2685.91324630683,3837.26769850321
PER,1988,2406.74216670011,3397.01630742059
PER,1989,1968.8347090663,2912.6643430804
PER,1990,1915.13424575857,2706.92253156841
PER,1991,1944.88280761367,2709.27754515647
PER,1992,1891.54907622022,2640.31373880219
PER,1993,1936.00779152445,2723.2842310292
PER,1994,2077.63246321931,2998.57693125514
PER,1995,2231.67593667905,3158.98338644792
PER,1996,2241.94360410697,3186.90077024092
PER,1997,2280.61111069336,3331.15151093297
PER,1998,2195.23968798719,3258.29746206218
PER,1999,2126.7076721696,3250.37802318947
PER,2000,2146.62390150723,3286.27308475523
PER,2001,2138.73023928673,3261.6642505136
PER,2002,2216.31050604273,3398.74991419297
PER,2003,2247.95043610846,3502.79165687646
PER,2004,2301.64100490103,3640.60299869744
PER,2005,2364.75313583698,3835.13219279722
PER,2006,2491.84198299921,4091.36268615581
PER,2007,2687.80421323781,4407.79121686416
PER,2008,2907.76588229123,4778.52642172313
PER,2009,2978.67359728726,4801.17153740507
PER,2010,3228.61310841401,5167.39259325937
PER,2011,3435.36419035117,5453.45718713631
PER,2012,3660.03717298078,5740.04346272472
PER,2013,3835.12729747752,6021.46142765232
PER,2014,3957.55731871088,6103.91864749969
PER,2015,4070.39382265098,6231.71150338894
PER,2016,4166.80351759427,6392.25474941014
PER,2017,4214.43054494324,6457.41940254721
PER,2018,4297.26539129658,6593.14437459526
PER,2019,4361.25177694417,6626.26083494969
PER,2020,3884.63574916962,5831.83024758521
PER,2021,4330.11337093007,6547.42006938295
PER,2022,4442.13941142345,6661.66496902346
PER,2023,4399.84568689654,6552.55403560046
PHL,1960,802.440741270174,1123.78209985097
PHL,1961,815.43246591514,1150.62906591249
PHL,1962,834.91804921893,1168.60880130542
PHL,1963,857.565509797085,1211.82149964873
PHL,1964,864.575580503111,1214.70925765174
PHL,1965,879.625184189365,1241.10921657209
PHL,1966,897.200894826534,1257.98440674326
PHL,1967,915.113607985694,1285.29310108254
PHL,1968,930.193378566316,1311.52148743691
PHL,1969,940.107571660524,1334.73174875424
PHL,1970,943.247859204841,1348.64912776685
PHL,1971,952.448421904344,1388.24899936664
PHL,1972,961.655609162625,1430.58532250613
PHL,1973,994.678538053933,1522.01742055732
PHL,1974,1020.98330503865,1540.04224358033
PHL,1975,1045.93610661878,1587.49928262321
PHL,1976,1070.7468175998,1683.65998860833
PHL,1977,1097.58568489843,1730.59409733868
PHL,1978,1124.2128206765,1772.22820174877
PHL,1979,1147.70792183877,1822.14502277696
PHL,1980,1168.56936749049,1867.56862359787
PHL,1981,1168.7572365746,1881.81520263893
PHL,1982,1176.65198213772,1898.13930587999
PHL,1983,1153.45096264775,1878.60173417873
PHL,1984,1134.42816416033,1696.57673829111
PHL,1985,1097.84897185931,1537.66555846745
PHL,1986,1103.34612443238,1551.4089278181
PHL,1987,1111.86058077819,1576.97337034206
PHL,1988,1142.99407969199,1638.03682410746
PHL,1989,1165.2730514849,1696.00236354085
PHL,1990,1195.10304943452,1704.07568906112
PHL,1991,1195.90216395244,1656.38349711577
PHL,1992,1205.69786513463,1624.34939812793
PHL,1993,1206.80712237442,1620.3550584059
PHL,1994,1215.19722471008,1654.74613909627
PHL,1995,1224.39070511704,1693.80873088593
PHL,1996,1242.21806223593,1752.23800111748
PHL,1997,1265.90567287651,1800.25913144999
PHL,1998,1299.79946358882,1746.52590520447
PHL,1999,1318.03483360271,1759.4210523287
PHL,2000,1353.93448395091,1793.34760866258
PHL,2001,1376.60446564988,1807.70892532174
PHL,2002,1417.76991794537,1837.25429294391
PHL,2003,1464.71770075233,1892.82162002816
PHL,2004,1521.34740709026,1978.3448914123
PHL,2005,1559.69081457102,2037.8776606782
PHL,2006,1597.81942854614,2110.42044789942
PHL,2007,1645.8666394082,2209.34651092393
PHL,2008,1679.33227738362,2264.94629082173
PHL,2009,1691.10157923112,2256.72554844721
PHL,2010,1716.29736345014,2373.14312085009
PHL,2011,1776.34289528693,2416.75212076537
PHL,2012,1860.62447855585,2533.74141971272
PHL,2013,1932.23032855819,2654.41506946871
PHL,2014,2010.69415693954,2776.92005916931
PHL,2015,2108.85826260288,2909.85818014474
PHL,2016,2229.51373157366,3076.33741880211
PHL,2017,2332.0952440924,3247.45038795053
PHL,2018,2436.22575051593,3410.93647986368
PHL,2019,2547.98043948649,3575.88170930212
PHL,2020,2318.53775117253,3198.6669001424
PHL,2021,2394.3990498787,3350.97587601524
PHL,2022,2573.2161133107,3577.70136587922
PHL,2023,2694.51610831229,3745.65232883132
PLW,1960,NA,NA
PLW,1961,NA,NA
PLW,1962,NA,NA
PLW,1963,NA,NA
PLW,1964,NA,NA
PLW,1965,NA,NA
PLW,1966,NA,NA
PLW,1967,NA,NA
PLW,1968,NA,NA
PLW,1969,NA,NA
PLW,1970,NA,12786.1366111761
PLW,1971,NA,12376.5999795942
PLW,1972,NA,11975.8206475329
PLW,1973,NA,11657.758111022
PLW,1974,NA,11545.8821434317
PLW,1975,NA,11578.0022115148
PLW,1976,NA,11625.5577931984
PLW,1977,NA,11860.5421426712
PLW,1978,NA,11883.2368612745
PLW,1979,NA,11937.6164897198
PLW,1980,NA,11956.9191796423
PLW,1981,NA,11786.3565790927
PLW,1982,NA,11472.1509127889
PLW,1983,NA,11413.2722716429
PLW,1984,NA,11644.4446712976
PLW,1985,NA,11962.6650554007
PLW,1986,NA,12310.8217782278
PLW,1987,NA,12699.3809665586
PLW,1988,NA,13105.439292448
PLW,1989,NA,13540.5419454307
PLW,1990,NA,13982.8887298451
PLW,1991,NA,14335.2711060989
PLW,1992,NA,13103.1137584432
PLW,1993,NA,11222.5992884285
PLW,1994,NA,11756.0650398724
PLW,1995,NA,12715.2357323975
PLW,1996,NA,13672.6474507216
PLW,1997,NA,13636.4371021223
PLW,1998,NA,13596.7986642973
PLW,1999,NA,12606.0151465977
PLW,2000,NA,12100.4320010493
PLW,2001,NA,12771.1374440955
PLW,2002,NA,13307.9204567455
PLW,2003,NA,12776.7674077891
PLW,2004,NA,13172.1748507982
PLW,2005,6387.03092388195,13622.5559995534
PLW,2006,6804.80548425592,13762.6402502229
PLW,2007,7144.72013030479,14215.1662523053
PLW,2008,7684.01039392703,13641.2626504257
PLW,2009,7463.85533010076,12853.6812910625
PLW,2010,7504.41065482402,12955.2669004719
PLW,2011,8126.37880043622,13857.9060186166
PLW,2012,9178.96588900992,14278.8292092136
PLW,2013,9826.0006991541,13937.0760667985
PLW,2014,10540.4045110847,14546.6487640882
PLW,2015,11208.2892515476,15690.7586522228
PLW,2016,11896.8703013193,15598.0194534191
PLW,2017,12042.6240236831,15076.8166949457
PLW,2018,11864.1944540972,15091.7066383316
PLW,2019,11744.8865038364,15135.4842892095
PLW,2020,11861.1350098264,14232.2400546821
PLW,2021,11346.8050416015,12275.270193371
PLW,2022,11220.0386717244,12129.7974298911
PLW,2023,10492.9169364256,12379.7893768679
PNG,1960,NA,1312.56006039716
PNG,1961,NA,1358.94134628412
PNG,1962,NA,1412.56784779974
PNG,1963,NA,1437.51485607465
PNG,1964,NA,1527.22988798729
PNG,1965,NA,1648.27983167304
PNG,1966,NA,1705.99059094553
PNG,1967,NA,1736.12038081553
PNG,1968,NA,1771.43806840821
PNG,1969,NA,1874.00506195675
PNG,1970,NA,2028.5358613526
PNG,1971,NA,2105.15949919314
PNG,1972,NA,2171.49663633103
PNG,1973,NA,2259.80527474783
PNG,1974,NA,2266.53521520955
PNG,1975,NA,2196.98934842024
PNG,1976,NA,2076.43535316399
PNG,1977,NA,2048.9082542917
PNG,1978,NA,2177.15239817535
PNG,1979,NA,2171.05741868956
PNG,1980,NA,2077.58361339529
PNG,1981,NA,2029.42105281099
PNG,1982,NA,1994.61292972615
PNG,1983,NA,2016.07588072498
PNG,1984,NA,1966.70397098497
PNG,1985,NA,2002.02298435765
PNG,1986,NA,2051.25221816556
PNG,1987,NA,2062.9612180845
PNG,1988,NA,2077.6016087929
PNG,1989,NA,2002.68081599173
PNG,1990,NA,1892.30679279448
PNG,1991,NA,2008.35151943089
PNG,1992,NA,2206.99633305172
PNG,1993,NA,2515.6383945071
PNG,1994,NA,2570.33691061958
PNG,1995,NA,2397.40045298857
PNG,1996,NA,2492.07962762784
PNG,1997,NA,2310.98773975643
PNG,1998,NA,2147.04526266919
PNG,1999,NA,2112.0950973955
PNG,2000,NA,1989.57882204274
PNG,2001,NA,1920.78003889393
PNG,2002,NA,1854.41831737462
PNG,2003,NA,1832.67870314447
PNG,2004,NA,1821.84741071002
PNG,2005,NA,1875.82273480514
PNG,2006,NA,1915.2349405788
PNG,2007,NA,2000.9726186689
PNG,2008,NA,1934.03201558753
PNG,2009,NA,2003.24109727039
PNG,2010,NA,2140.50939027384
PNG,2011,NA,2102.03192060639
PNG,2012,NA,2139.48096660428
PNG,2013,NA,2162.10592595591
PNG,2014,NA,2391.3578028163
PNG,2015,NA,2484.5963398603
PNG,2016,NA,2557.09463030035
PNG,2017,NA,2584.8883636271
PNG,2018,NA,2518.45899317321
PNG,2019,NA,2572.56177971872
PNG,2020,NA,2438.61137934805
PNG,2021,NA,2378.37168116559
PNG,2022,NA,2467.23488917127
PNG,2023,NA,2496.50840962288
POL,1960,NA,NA
POL,1961,NA,NA
POL,1962,NA,NA
POL,1963,NA,NA
POL,1964,NA,NA
POL,1965,NA,NA
POL,1966,NA,NA
POL,1967,NA,NA
POL,1968,NA,NA
POL,1969,NA,NA
POL,1970,NA,NA
POL,1971,NA,NA
POL,1972,NA,NA
POL,1973,NA,NA
POL,1974,NA,NA
POL,1975,NA,NA
POL,1976,NA,NA
POL,1977,NA,NA
POL,1978,NA,NA
POL,1979,NA,NA
POL,1980,NA,NA
POL,1981,NA,NA
POL,1982,NA,NA
POL,1983,NA,NA
POL,1984,NA,NA
POL,1985,NA,NA
POL,1986,NA,NA
POL,1987,NA,NA
POL,1988,NA,NA
POL,1989,NA,NA
POL,1990,NA,5111.3453296443
POL,1991,NA,4735.9276980893
POL,1992,NA,4840.16858549117
POL,1993,NA,5008.34908886395
POL,1994,NA,5262.31523522496
POL,1995,3480.63181953807,5671.89573674798
POL,1996,3782.12063508103,6012.95806433166
POL,1997,4056.54356887392,6391.13172823376
POL,1998,4256.77248584014,6684.11477782234
POL,1999,4495.02084371566,6998.79475144289
POL,2000,4678.95072990963,7401.57697647848
POL,2001,4773.33131279016,7494.96089503246
POL,2002,4952.09412054135,7640.99307757777
POL,2003,5027.46481853972,7915.55424389704
POL,2004,5230.57290575662,8323.38773754587
POL,2005,5318.32404261366,8598.57681241557
POL,2006,5580.93992813092,9137.65850849801
POL,2007,5876.10947036931,9760.7042604352
POL,2008,6286.8760725674,10187.2017910883
POL,2009,6471.54948471343,10446.5289138524
POL,2010,6746.27756430236,10808.3975674238
POL,2011,6930.80696386394,11370.313427173
POL,2012,6987.81580783381,11542.2353368014
POL,2013,6970.98780474619,11628.2286809525
POL,2014,7197.70253652576,12093.1622787394
POL,2015,7484.62634515901,12637.5220324406
POL,2016,7770.57397690354,13026.1858988718
POL,2017,8240.76482386364,13695.6452848724
POL,2018,8640.9089620632,14551.0850277089
POL,2019,8923.43262932892,15221.3090624454
POL,2020,8649.91524071742,14937.5960275482
POL,2021,9414.07100094074,16368.6239689025
POL,2022,9942.08535508807,17303.64494323
POL,2023,9948.5145848865,17391.1441481102
PRE,1960,NA,950.857845633479
PRE,1961,NA,926.417433950914
PRE,1962,NA,960.058503307445
PRE,1963,NA,991.402429294792
PRE,1964,NA,1012.52924833181
PRE,1965,NA,1031.20060560835
PRE,1966,NA,1017.12465748714
PRE,1967,NA,933.993477336398
PRE,1968,NA,943.076171030636
PRE,1969,NA,1023.21072380748
PRE,1970,NA,1082.6691413071
PRE,1971,NA,1153.37587149656
PRE,1972,NA,1161.3873376317
PRE,1973,NA,1176.2210791951
PRE,1974,NA,1239.35785733137
PRE,1975,NA,1199.76788532458
PRE,1976,NA,1247.18857487922
PRE,1977,NA,1268.78157391498
PRE,1978,NA,1228.53133986233
PRE,1979,NA,1259.13290157713
PRE,1980,NA,1275.73332907295
PRE,1981,NA,1194.76785131506
PRE,1982,NA,1150.39077607401
PRE,1983,NA,1065.05449432822
PRE,1984,NA,1041.66165564385
PRE,1985,NA,1049.24307194652
PRE,1986,NA,1047.08142836613
PRE,1987,NA,1058.72051297661
PRE,1988,NA,1070.05853143263
PRE,1989,NA,1056.02038031699
PRE,1990,NA,1114.77137168026
PRE,1991,NA,997.424362309278
PRE,1992,NA,992.432903328324
PRE,1993,NA,957.689382796513
PRE,1994,NA,926.476754005028
PRE,1995,NA,925.575220576108
PRE,1996,NA,951.799782979286
PRE,1997,NA,985.565587442994
PRE,1998,NA,1025.099637118
PRE,1999,NA,1038.57722023246
PRE,2000,NA,1066.00947988131
PRE,2001,NA,1080.90633815954
PRE,2002,NA,1111.53349624037
PRE,2003,NA,1070.94420100069
PRE,2004,NA,1164.5968991705
PRE,2005,NA,1198.34671206699
PRE,2006,NA,1236.97378234768
PRE,2007,NA,1276.77328879099
PRE,2008,NA,1319.82457294368
PRE,2009,NA,1343.95661975336
PRE,2010,NA,1390.72165088807
PRE,2011,NA,1408.30722166002
PRE,2012,NA,1425.2929092511
PRE,2013,NA,1465.87004449904
PRE,2014,NA,1500.34292490961
PRE,2015,NA,1501.73812551821
PRE,2016,NA,1495.51423008501
PRE,2017,NA,1478.21867883732
PRE,2018,NA,1475.15172736048
PRE,2019,NA,1483.28292899418
PRE,2020,NA,1407.22788932783
PRE,2021,NA,1414.88971145304
PRE,2022,NA,1436.79649217732
PRE,2023,NA,1430.67847113341
PRI,1960,NA,6307.40729273886
PRI,1961,NA,6634.17460480037
PRI,1962,NA,7037.95690981374
PRI,1963,NA,7481.3063755951
PRI,1964,4331.70724984761,7854.21072427467
PRI,1965,4597.52598615903,8445.13486921158
PRI,1966,4960.42363682135,8971.25300484044
PRI,1967,4969.76003694936,9455.06963790206
PRI,1968,5236.71047865803,9883.65391549028
PRI,1969,5624.95873792901,10721.3194257597
PRI,1970,6296.30430889807,11476.950423649
PRI,1971,6240.48395873595,12012.2119183888
PRI,1972,7155.30574056294,12622.2837580479
PRI,1973,7446.06486877034,13136.2534761284
PRI,1974,7138.68358907024,13241.1544199625
PRI,1975,6901.44160253528,12914.147028929
PRI,1976,13643.8848427689,13495.6681144974
PRI,1977,7680.31198511275,14091.1890829061
PRI,1978,8017.41064330156,14871.8653023492
PRI,1979,8243.81131963883,15851.8922762492
PRI,1980,8164.05948746666,16329.153469581
PRI,1981,7822.76712906158,16330.4184264981
PRI,1982,7725.66490871579,15905.0194229893
PRI,1983,7869.51021616845,15374.5117759022
PRI,1984,8155.90449997121,16125.056991684
PRI,1985,8440.55006596847,16463.0021217712
PRI,1986,8709.38200782983,17117.4157619962
PRI,1987,9123.78416038868,17935.0349328595
PRI,1988,9400.04533220661,18815.9165317687
PRI,1989,9414.79434509276,19453.7669223263
PRI,1990,9526.97907654967,18733.6452536405
PRI,1991,9349.54524907151,19030.2415359881
PRI,1992,9636.83512300737,19770.7684693743
PRI,1993,10033.4959635485,20515.5207151284
PRI,1994,10438.7564657999,21176.6701694708
PRI,1995,9119.41304641273,21936.4179224341
PRI,1996,11416.4591464385,22193.5791392757
PRI,1997,11965.4545095476,23061.3345012501
PRI,1998,12422.6449971079,24197.3097505137
PRI,1999,13028.2564536975,25374.1017092522
PRI,2000,13388.1694800007,26131.963075211
PRI,2001,13492.1710287886,27722.3671929856
PRI,2002,13819.8165517514,27940.3826166867
PRI,2003,14325.0145222323,27937.8165878003
PRI,2004,15539.493569228,30375.7895781623
PRI,2005,15985.2395889556,29815.2164197823
PRI,2006,16216.7849240377,29519.7386832555
PRI,2007,16532.1625701099,29347.8460011415
PRI,2008,16435.3307450805,28976.1310397467
PRI,2009,16051.0714691818,28565.767919716
PRI,2010,16366.0233985715,28592.0775837897
PRI,2011,16808.2489571454,28820.9780542122
PRI,2012,17423.4959813845,29180.366828561
PRI,2013,17921.8949989435,29426.1119191935
PRI,2014,17649.1098568852,29554.5785374075
PRI,2015,17747.3028003888,29763.4883013861
PRI,2016,17893.90265651,29961.5430101514
PRI,2017,18648.6375058145,29809.2349889347
PRI,2018,19935.2504430483,29686.968854595
PRI,2019,20813.012751075,30181.1498485361
PRI,2020,19243.2018168828,28145.0053474362
PRI,2021,23651.1982135384,28416.7798983171
PRI,2022,25546.3705825809,29819.888444393
PRI,2023,26486.4136248716,30122.8412253197
PRK,1960,NA,NA
PRK,1961,NA,NA
PRK,1962,NA,NA
PRK,1963,NA,NA
PRK,1964,NA,NA
PRK,1965,NA,NA
PRK,1966,NA,NA
PRK,1967,NA,NA
PRK,1968,NA,NA
PRK,1969,NA,NA
PRK,1970,NA,NA
PRK,1971,NA,NA
PRK,1972,NA,NA
PRK,1973,NA,NA
PRK,1974,NA,NA
PRK,1975,NA,NA
PRK,1976,NA,NA
PRK,1977,NA,NA
PRK,1978,NA,NA
PRK,1979,NA,NA
PRK,1980,NA,NA
PRK,1981,NA,NA
PRK,1982,NA,NA
PRK,1983,NA,NA
PRK,1984,NA,NA
PRK,1985,NA,NA
PRK,1986,NA,NA
PRK,1987,NA,NA
PRK,1988,NA,NA
PRK,1989,NA,NA
PRK,1990,NA,NA
PRK,1991,NA,NA
PRK,1992,NA,NA
PRK,1993,NA,NA
PRK,1994,NA,NA
PRK,1995,NA,NA
PRK,1996,NA,NA
PRK,1997,NA,NA
PRK,1998,NA,NA
PRK,1999,NA,NA
PRK,2000,NA,NA
PRK,2001,NA,NA
PRK,2002,NA,NA
PRK,2003,NA,NA
PRK,2004,NA,NA
PRK,2005,NA,NA
PRK,2006,NA,NA
PRK,2007,NA,NA
PRK,2008,NA,NA
PRK,2009,NA,NA
PRK,2010,NA,NA
PRK,2011,NA,NA
PRK,2012,NA,NA
PRK,2013,NA,NA
PRK,2014,NA,NA
PRK,2015,NA,NA
PRK,2016,NA,NA
PRK,2017,NA,NA
PRK,2018,NA,NA
PRK,2019,NA,NA
PRK,2020,NA,NA
PRK,2021,NA,NA
PRK,2022,NA,NA
PRK,2023,NA,NA
PRT,1960,NA,4066.9628380453
PRT,1961,NA,4257.64924544872
PRT,1962,NA,4506.63075070471
PRT,1963,NA,4752.12012787288
PRT,1964,NA,5049.21314390612
PRT,1965,NA,5448.5113625045
PRT,1966,NA,5713.62224830786
PRT,1967,NA,6183.78510391531
PRT,1968,NA,6761.48060575555
PRT,1969,NA,6967.11704577386
PRT,1970,5190.57787202347,7669.76358295349
PRT,1971,5873.64003720124,8213.09616294278
PRT,1972,6119.61313873202,8885.13112739897
PRT,1973,6853.2425540115,9877.26966763582
PRT,1974,7416.5078864731,9851.77003221477
PRT,1975,7076.76071827349,9072.04105143795
PRT,1976,7119.04918580156,9426.09684563121
PRT,1977,7086.11770356397,9849.07294858498
PRT,1978,6867.19952010501,10017.7470539075
PRT,1979,6801.7178649444,10469.8022679495
PRT,1980,6999.43702192351,10832.5150495876
PRT,1981,7130.4251600636,10912.762481445
PRT,1982,7249.70087698611,11077.8609853574
PRT,1983,7126.98693570041,11007.4941383306
PRT,1984,6886.66881426765,10759.1013686348
PRT,1985,6911.86095943399,11030.9414837527
PRT,1986,7294.87196631145,11477.2841185958
PRT,1987,7682.56154084431,12212.9852416535
PRT,1988,8215.51451915602,13141.2824179545
PRT,1989,8469.66243719347,14008.090736446
PRT,1990,9034.6794288442,14593.2547484179
PRT,1991,9438.52633514824,15265.8627897796
PRT,1992,9893.28486683706,15444.1838248682
PRT,1993,9990.06690522148,15110.1228224777
PRT,1994,10065.376595111,15214.9142471067
PRT,1995,10090.3835775593,15811.7000553673
PRT,1996,10406.0749703834,16304.3794881171
PRT,1997,10712.0958461986,16946.0868319509
PRT,1998,11168.0627924569,17671.3135096042
PRT,1999,11689.7889626918,18258.0910764888
PRT,2000,12035.9366948089,18822.0932874528
PRT,2001,12057.714280473,19053.0899271768
PRT,2002,12145.702959931,19095.1102477948
PRT,2003,12061.591216932,18846.5411815772
PRT,2004,12340.3807093418,19137.8371065037
PRT,2005,12511.7122101132,19251.7145595409
PRT,2006,12678.605834544,19529.3121306472
PRT,2007,12971.2636249786,19979.5706126396
PRT,2008,13130.2270577589,20014.4748812235
PRT,2009,12814.4377926228,19371.131868075
PRT,2010,13110.2729971664,19698.6836541739
PRT,2011,12649.0741409346,19389.6395563318
PRT,2012,12024.9855169444,18679.7626580948
PRT,2013,11965.0855491495,18597.721407072
PRT,2014,12316.1716591655,18836.8967511808
PRT,2015,12619.3416378695,19215.7813014347
PRT,2016,12983.2437636609,19662.823085477
PRT,2017,13288.3754216001,20364.1963711444
PRT,2018,13657.7492871317,20997.7744915886
PRT,2019,14100.0951432965,21569.1874470753
PRT,2020,13096.2455701096,19778.7138255776
PRT,2021,13629.6694507448,20747.6990979031
PRT,2022,14286.1858238291,22042.86817027
PRT,2023,14326.0957161861,22292.4218368837
PRY,1960,NA,1508.16141282722
PRY,1961,NA,1575.52406103644
PRY,1962,1314.87203033354,1589.79545588368
PRY,1963,1352.54676199662,1624.51869505985
PRY,1964,1359.32819410658,1651.13204882209
PRY,1965,1352.33188166416,1710.03289597261
PRY,1966,1297.11096318914,1702.11401817257
PRY,1967,1387.2033729867,1814.19962099789
PRY,1968,1402.54575250644,1852.79561030551
PRY,1969,1416.59261222461,1896.19771964484
PRY,1970,1462.07589943918,1957.05006174244
PRY,1971,1514.85968288136,2019.34109541627
PRY,1972,1546.85895766298,2103.85688114327
PRY,1973,1547.21244292405,2203.53402180623
PRY,1974,1674.75560055534,2329.53831328205
PRY,1975,1789.73611231909,2428.10852282564
PRY,1976,1823.22123600024,2547.26283802519
PRY,1977,2006.6732126357,2770.71211550828
PRY,1978,2077.76338055652,3027.55721498509
PRY,1979,2051.86442567618,3301.62489424794
PRY,1980,2297.65033978629,3592.56127303015
PRY,1981,2444.20274956597,3816.55409047898
PRY,1982,2515.77310889465,3659.88259197454
PRY,1983,2424.84445244247,3450.26584009734
PRY,1984,2464.08826946466,3448.83908839232
PRY,1985,2452.88286816781,3504.47829642444
PRY,1986,2435.44611193312,3575.79690422229
PRY,1987,2531.74953703016,3739.83410213482
PRY,1988,2523.38745826728,3851.51631859871
PRY,1989,2434.16001240416,4006.15999912344
PRY,1990,2636.64171456057,4059.77343113311
PRY,1991,2605.58244371763,4091.49044786451
PRY,1992,2622.07794774792,4054.04426060844
PRY,1993,2643.55862847548,4147.78440621564
PRY,1994,2731.11073119858,4262.14495791711
PRY,1995,2755.13528752433,4445.18978188914
PRY,1996,2705.22880953364,4411.37280078232
PRY,1997,2723.16783800844,4496.02336469138
PRY,1998,2651.53042482992,4402.11110078249
PRY,1999,2560.45363492507,4252.49065726668
PRY,2000,2474.20705088688,4074.48953320404
PRY,2001,2566.72415132113,3972.88427866686
PRY,2002,2459.993708668,3916.4402230868
PRY,2003,2619.80397384094,4035.71833919883
PRY,2004,2711.66588100409,4151.34584799368
PRY,2005,2706.40078181328,4193.2808652562
PRY,2006,2785.44615826894,4349.31197066182
PRY,2007,2895.99560778087,4540.38235899198
PRY,2008,3037.01068543434,4788.6631877791
PRY,2009,3034.46549378789,4727.59685811395
PRY,2010,3276.38236641761,5191.05014254402
PRY,2011,3389.66691331711,5342.19015717376
PRY,2012,3452.93611063006,5230.26244858764
PRY,2013,3561.6341002028,5583.12274473463
PRY,2014,3729.03844931382,5794.47644401603
PRY,2015,3748.8946050722,5879.33792308671
PRY,2016,3830.10919451014,6041.95879367268
PRY,2017,3956.30099494542,6243.13363139058
PRY,2018,4071.25691240251,6354.2392005297
PRY,2019,4089.35290454746,6243.53620897773
PRY,2020,3890.38379712505,6109.19608100615
PRY,2021,4077.55047424927,6278.11006663828
PRY,2022,4123.59060405118,6218.19790694079
PRY,2023,4184.48497436781,6431.71872824395
PSE,1960,NA,NA
PSE,1961,NA,NA
PSE,1962,NA,NA
PSE,1963,NA,NA
PSE,1964,NA,NA
PSE,1965,NA,NA
PSE,1966,NA,NA
PSE,1967,NA,NA
PSE,1968,NA,NA
PSE,1969,NA,NA
PSE,1970,NA,NA
PSE,1971,NA,NA
PSE,1972,NA,NA
PSE,1973,NA,NA
PSE,1974,NA,NA
PSE,1975,NA,NA
PSE,1976,NA,NA
PSE,1977,NA,NA
PSE,1978,NA,NA
PSE,1979,NA,NA
PSE,1980,NA,NA
PSE,1981,NA,NA
PSE,1982,NA,NA
PSE,1983,NA,NA
PSE,1984,NA,NA
PSE,1985,NA,NA
PSE,1986,NA,NA
PSE,1987,NA,NA
PSE,1988,NA,NA
PSE,1989,NA,NA
PSE,1990,NA,NA
PSE,1991,NA,NA
PSE,1992,NA,NA
PSE,1993,NA,NA
PSE,1994,2180.68966799617,2137.38928909208
PSE,1995,2245.73502040275,2189.26513719427
PSE,1996,2105.59958145237,2118.82007591199
PSE,1997,2270.81741189233,2323.20642242172
PSE,1998,2441.36765243999,2589.20364997364
PSE,1999,2531.96307019549,2732.87293952355
PSE,2000,2268.62402482006,2436.01207739636
PSE,2001,2104.6171438636,2153.45735383203
PSE,2002,1864.67992663004,1836.98042481351
PSE,2003,2089.33672565404,2041.60484619659
PSE,2004,2420.51444930616,2426.41565630382
PSE,2005,2642.48601672813,2632.24627423958
PSE,2006,2466.90430239665,2540.26763083127
PSE,2007,2527.63202476123,2569.98434108953
PSE,2008,2568.55764945043,2685.98601828464
PSE,2009,2648.55998714049,2840.01594969395
PSE,2010,2636.54926454527,2927.08101953403
PSE,2011,2802.84296672715,3128.10811061384
PSE,2012,2998.64472293705,3237.91619995789
PSE,2013,2877.6895475467,3309.63120243098
PSE,2014,2857.83910377108,3227.84934482645
PSE,2015,2891.81123029668,3272.15432360708
PSE,2016,3107.10478011893,3483.09903532972
PSE,2017,3012.54488131355,3462.97986107136
PSE,2018,2969.98065477851,3417.79440837962
PSE,2019,3015.06454434353,3378.4346209191
PSE,2020,2556.88365569365,2922.46801084844
PSE,2021,2682.8912057064,3051.48607007995
PSE,2022,3081.40277245752,3099.9609010368
PSE,2023,2893.31223291762,2862.88117465434
PSS,1960,NA,NA
PSS,1961,NA,NA
PSS,1962,NA,NA
PSS,1963,NA,NA
PSS,1964,NA,NA
PSS,1965,NA,NA
PSS,1966,NA,NA
PSS,1967,NA,NA
PSS,1968,NA,NA
PSS,1969,NA,NA
PSS,1970,NA,2691.98857065427
PSS,1971,NA,2804.60802313587
PSS,1972,NA,2899.68135890328
PSS,1973,NA,3157.47305592148
PSS,1974,NA,3192.50795872437
PSS,1975,NA,3141.87857672846
PSS,1976,NA,3107.3373628821
PSS,1977,NA,3141.20718734831
PSS,1978,NA,3137.78390695467
PSS,1979,NA,3330.30930077073
PSS,1980,NA,3146.99525326218
PSS,1981,NA,3169.22910197442
PSS,1982,NA,2998.70299701579
PSS,1983,NA,2899.1786759494
PSS,1984,NA,2985.90524810883
PSS,1985,NA,2870.57157805525
PSS,1986,NA,2958.80246658401
PSS,1987,NA,2844.59794423238
PSS,1988,NA,2828.71300623074
PSS,1989,NA,2909.8339353086
PSS,1990,NA,2970.58187041219
PSS,1991,NA,2912.12271520368
PSS,1992,NA,3008.58408411766
PSS,1993,NA,3022.39627342711
PSS,1994,NA,3124.42347220724
PSS,1995,NA,3220.98062761613
PSS,1996,NA,3274.41901330364
PSS,1997,NA,3185.51443970779
PSS,1998,NA,3181.61938620979
PSS,1999,NA,3268.59259570969
PSS,2000,NA,3174.61002259272
PSS,2001,NA,3161.10015326366
PSS,2002,NA,3184.41623314151
PSS,2003,NA,3204.43646025818
PSS,2004,NA,3293.56001964852
PSS,2005,NA,3335.43147781043
PSS,2006,NA,3375.67858212883
PSS,2007,NA,3343.65966760214
PSS,2008,NA,3374.901707097
PSS,2009,NA,3323.00680821155
PSS,2010,NA,3406.62027920072
PSS,2011,NA,3489.57159528331
PSS,2012,NA,3478.39812987402
PSS,2013,NA,3543.88067288284
PSS,2014,NA,3624.21440919236
PSS,2015,2480.05650921931,3710.01234754574
PSS,2016,NA,3799.62046162328
PSS,2017,NA,3901.85211677084
PSS,2018,NA,3959.36151983706
PSS,2019,NA,3963.42871318682
PSS,2020,NA,3524.51350515927
PSS,2021,NA,3390.29030613405
PSS,2022,NA,3657.78967505089
PSS,2023,NA,3807.94092888764
PST,1960,NA,11459.8722658875
PST,1961,NA,11822.324483537
PST,1962,NA,12333.4890805086
PST,1963,NA,12801.7649265889
PST,1964,NA,13461.3891375862
PST,1965,NA,14045.5325300076
PST,1966,NA,14668.7175716436
PST,1967,NA,15076.3723357493
PST,1968,NA,15811.1432347191
PST,1969,NA,16540.6329635749
PST,1970,9644.4430731343,16831.6626467545
PST,1971,9957.89969765807,17265.5925670949
PST,1972,10454.5294822752,18012.6384467387
PST,1973,10935.7832157863,18943.8800939041
PST,1974,10912.592656203,18959.8356193592
PST,1975,11086.2945387006,18800.3171569705
PST,1976,11499.5589886522,19555.532226973
PST,1977,11822.0948581836,20156.4692497317
PST,1978,12201.4928792231,20877.8809465122
PST,1979,12530.7886322747,21523.0704950712
PST,1980,12553.1796796996,21609.1906273895
PST,1981,12626.6023941355,21885.2391874806
PST,1982,12756.3651816687,21795.8012300848
PST,1983,13125.5471873395,22356.0685413227
PST,1984,13500.294303781,23307.1755726901
PST,1985,13947.9046762914,24049.6928137429
PST,1986,14445.8275245208,24681.5952200588
PST,1987,14904.2771493077,25411.263041558
PST,1988,15454.7149803082,26446.0283550805
PST,1989,15897.4270049192,27284.0834789308
PST,1990,16228.2367061799,27842.0067395887
PST,1991,16280.3548219221,27931.6321149012
PST,1992,16598.5375640001,28266.2145575087
PST,1993,16783.5135525222,28413.2630067421
PST,1994,17186.1303862204,29143.7527517267
PST,1995,17536.1248475894,29773.2762730013
PST,1996,17950.5863690891,30478.1370831629
PST,1997,18379.5032970176,31360.6809496311
PST,1998,18885.5790117404,32089.4446086497
PST,1999,19584.9412822671,33066.5681339805
PST,2000,20266.3891141476,34230.7908025823
PST,2001,20652.476212254,34586.5604914919
PST,2002,20984.3438510326,34938.1910435914
PST,2003,21354.5569406379,35469.5302544149
PST,2004,21852.6434221713,36420.842518913
PST,2005,22381.3908617805,37249.741863149
PST,2006,22809.1476333678,38139.0661043104
PST,2007,23231.3193714248,38878.3677321443
PST,2008,23169.0129785343,38779.6761180045
PST,2009,22782.9773969073,37279.1340236771
PST,2010,23119.5771100312,38180.4410631196
PST,2011,23327.1837473862,38716.213247511
PST,2012,23461.4951677125,39031.1513302583
PST,2013,23684.5377845711,39450.4818562337
PST,2014,24014.4394594517,40060.9019854535
PST,2015,24504.1048871984,40778.3409479148
PST,2016,24919.8576553156,41324.1628371883
PST,2017,25398.5346334363,42175.5583575713
PST,2018,25866.5445170338,42972.1172440176
PST,2019,26203.3091627901,43637.8917520796
PST,2020,24804.3583008275,41703.96284105
PST,2021,26381.560952984,44085.8082743814
PST,2022,27245.7339376094,45258.6570284295
PST,2023,27722.6609999482,46030.0955654875
PYF,1960,NA,NA
PYF,1961,NA,NA
PYF,1962,NA,NA
PYF,1963,NA,NA
PYF,1964,NA,NA
PYF,1965,NA,22582.084181978
PYF,1966,NA,23921.7627164815
PYF,1967,NA,22026.5017849215
PYF,1968,NA,24458.5641799943
PYF,1969,NA,22989.2913438253
PYF,1970,NA,22564.2663340812
PYF,1971,NA,24429.354436693
PYF,1972,NA,22529.5764623497
PYF,1973,NA,23513.6770746409
PYF,1974,NA,26878.9374119206
PYF,1975,NA,24782.1713432428
PYF,1976,NA,26025.1982731831
PYF,1977,NA,25782.4124826686
PYF,1978,NA,27463.0163929729
PYF,1979,NA,27647.1216711826
PYF,1980,NA,26910.8404297756
PYF,1981,NA,26761.7546564362
PYF,1982,NA,26376.8714082878
PYF,1983,NA,26212.2764852799
PYF,1984,NA,26113.4696326268
PYF,1985,NA,25163.3555859418
PYF,1986,NA,27852.0804208694
PYF,1987,NA,27497.8301160879
PYF,1988,NA,25864.0230370184
PYF,1989,NA,25833.1940246399
PYF,1990,NA,25342.1157174355
PYF,1991,NA,25766.7638065207
PYF,1992,NA,24933.3669552914
PYF,1993,NA,24191.2981812085
PYF,1994,NA,23405.4942440451
PYF,1995,NA,22959.6747923088
PYF,1996,NA,22465.2346902156
PYF,1997,NA,22081.9651115685
PYF,1998,NA,22101.0730319946
PYF,1999,NA,22166.3576479058
PYF,2000,NA,22529.4204625605
PYF,2001,NA,22106.6097058994
PYF,2002,NA,21962.7419700283
PYF,2003,NA,22085.6312739799
PYF,2004,NA,21949.745848647
PYF,2005,NA,21690.8777482043
PYF,2006,NA,21574.8955072307
PYF,2007,NA,21677.9679897729
PYF,2008,NA,21522.6426724175
PYF,2009,NA,20527.6460736068
PYF,2010,NA,19940.1012325915
PYF,2011,NA,19267.8068740427
PYF,2012,NA,18994.2338194189
PYF,2013,NA,18955.8663945498
PYF,2014,NA,18953.9227286257
PYF,2015,12524.315011176801,19166.9594761931
PYF,2016,NA,19528.9384707459
PYF,2017,NA,20317.0801960458
PYF,2018,NA,20709.4063003772
PYF,2019,NA,21328.0761355656
PYF,2020,NA,19811.8102319951
PYF,2021,NA,20184.6793974187
PYF,2022,NA,21042.0714472319
PYF,2023,NA,NA
QAT,1960,NA,NA
QAT,1961,NA,NA
QAT,1962,NA,NA
QAT,1963,NA,NA
QAT,1964,NA,NA
QAT,1965,NA,NA
QAT,1966,NA,NA
QAT,1967,NA,NA
QAT,1968,NA,NA
QAT,1969,NA,NA
QAT,1970,NA,75772.7662679911
QAT,1971,NA,73839.0944989145
QAT,1972,NA,73532.8310010297
QAT,1973,NA,73744.3404408212
QAT,1974,NA,71286.8587304743
QAT,1975,NA,69330.9888458745
QAT,1976,NA,69382.6139783951
QAT,1977,NA,59679.7489355926
QAT,1978,NA,60529.9560378642
QAT,1979,NA,59542.2423253994
QAT,1980,NA,55253.8106422396
QAT,1981,NA,52401.4404787492
QAT,1982,NA,45982.0956020623
QAT,1983,NA,42654.7862100155
QAT,1984,NA,42309.9926342738
QAT,1985,NA,39368.8959543709
QAT,1986,NA,39682.2413016259
QAT,1987,NA,38241.8097772146
QAT,1988,NA,39095.6038311878
QAT,1989,NA,40125.0328862519
QAT,1990,NA,40125.4450320925
QAT,1991,NA,38185.1513329494
QAT,1992,NA,41171.7235066225
QAT,1993,NA,39377.8741609676
QAT,1994,NA,38744.0142152536
QAT,1995,NA,38526.8534768908
QAT,1996,NA,39095.0579501611
QAT,1997,NA,48844.9174942535
QAT,1998,NA,51513.6335015126
QAT,1999,NA,50917.3964102353
QAT,2000,NA,52234.4244373565
QAT,2001,NA,51633.9606840175
QAT,2002,NA,52752.7081230353
QAT,2003,NA,52255.3835016224
QAT,2004,NA,59990.3064867664
QAT,2005,NA,60416.7829217551
QAT,2006,NA,64676.3968892258
QAT,2007,NA,61423.0870888622
QAT,2008,NA,61213.7943874193
QAT,2009,NA,60781.874945265
QAT,2010,NA,72333.9848623762
QAT,2011,NA,81608.5716870182
QAT,2012,NA,80621.8607158041
QAT,2013,NA,76486.9692979253
QAT,2014,NA,71756.0649338302
QAT,2015,15376.9552880739,68985.2946961507
QAT,2016,NA,67294.4585771356
QAT,2017,NA,64497.6987225375
QAT,2018,NA,64410.8171280981
QAT,2019,NA,63430.4607641011
QAT,2020,NA,57769.604101576
QAT,2021,NA,65488.5117915042
QAT,2022,NA,64315.6263669902
QAT,2023,NA,65111.0333213131
ROU,1960,NA,NA
ROU,1961,NA,NA
ROU,1962,NA,NA
ROU,1963,NA,NA
ROU,1964,NA,NA
ROU,1965,NA,NA
ROU,1966,NA,NA
ROU,1967,NA,NA
ROU,1968,NA,NA
ROU,1969,NA,NA
ROU,1970,NA,NA
ROU,1971,NA,NA
ROU,1972,NA,NA
ROU,1973,NA,NA
ROU,1974,NA,NA
ROU,1975,NA,NA
ROU,1976,NA,NA
ROU,1977,NA,NA
ROU,1978,NA,NA
ROU,1979,NA,NA
ROU,1980,NA,NA
ROU,1981,NA,NA
ROU,1982,NA,NA
ROU,1983,NA,NA
ROU,1984,NA,NA
ROU,1985,NA,NA
ROU,1986,NA,NA
ROU,1987,NA,NA
ROU,1988,NA,NA
ROU,1989,NA,NA
ROU,1990,2074.47102553805,5019.43702748333
ROU,1991,1845.85225807516,4409.1517208357
ROU,1992,1758.56368234532,4059.09860455382
ROU,1993,1782.85818908844,4126.76859277572
ROU,1994,1853.11683953031,4295.27065788629
ROU,1995,2075.08381416696,4572.25803354276
ROU,1996,2238.32994513149,4764.63682106299
ROU,1997,2141.713537809,4546.66753054721
ROU,1998,2274.41794956306,4463.60791806212
ROU,1999,2182.42649020406,4453.78126046181
ROU,2000,2219.02966937288,4569.30914768462
ROU,2001,2437.79638669493,4875.30310600635
ROU,2002,2658.99959324172,5248.54994632668
ROU,2003,2902.68584893822,5410.30835796252
ROU,2004,3381.69128931108,6008.64048461485
ROU,2005,3784.60221765793,6328.09022324183
ROU,2006,4195.6733530934,6876.77841417966
ROU,2007,4847.49830208764,7483.97375820611
ROU,2008,5357.88869931544,8318.00342795388
ROU,2009,5059.57929149966,7924.87058070212
ROU,2010,4835.8328381007,7660.70667630517
ROU,2011,5077.93029905627,8044.57194920892
ROU,2012,5196.77823921162,8234.28553425194
ROU,2013,4957.90591436785,8287.95844089676
ROU,2014,5178.6968556606,8661.47397274241
ROU,2015,5510.52255127723,8977.01748158196
ROU,2016,5877.19598076239,9286.87678236598
ROU,2017,6595.21141062633,10106.2269557253
ROU,2018,7316.49180024726,10788.015091463
ROU,2019,7586.49129902641,11270.4758020159
ROU,2020,7341.97928850374,10916.3126056493
ROU,2021,7912.40142804118,11607.9771173075
ROU,2022,8347.35038334735,12114.8715109948
ROU,2023,8591.22940917688,12399.0008278388
RUS,1960,NA,NA
RUS,1961,NA,NA
RUS,1962,NA,NA
RUS,1963,NA,NA
RUS,1964,NA,NA
RUS,1965,NA,NA
RUS,1966,NA,NA
RUS,1967,NA,NA
RUS,1968,NA,NA
RUS,1969,NA,NA
RUS,1970,NA,NA
RUS,1971,NA,NA
RUS,1972,NA,NA
RUS,1973,NA,NA
RUS,1974,NA,NA
RUS,1975,NA,NA
RUS,1976,NA,NA
RUS,1977,NA,NA
RUS,1978,NA,NA
RUS,1979,NA,NA
RUS,1980,NA,NA
RUS,1981,NA,NA
RUS,1982,NA,NA
RUS,1983,NA,NA
RUS,1984,NA,NA
RUS,1985,NA,NA
RUS,1986,NA,NA
RUS,1987,NA,NA
RUS,1988,NA,NA
RUS,1989,NA,8105.89501953125
RUS,1990,NA,7849.51904296875
RUS,1991,NA,7432.021484375
RUS,1992,NA,6345.912109375
RUS,1993,NA,5798.91455078125
RUS,1994,NA,5071.74267578125
RUS,1995,NA,4862.646484375
RUS,1996,1836.556640625,4686.86279296875
RUS,1997,1928.20043945313,4760.33935546875
RUS,1998,1867.98803710938,4515.50927734375
RUS,1999,1820.30395507813,4819.38037109375
RUS,2000,1958.11889648438,5323.66650390625
RUS,2001,2148.7666015625,5618.95556640625
RUS,2002,2337.51123046875,5910.171875
RUS,2003,2524.30053710938,6370.45361328125
RUS,2004,2836.80078125,6856.67822265625
RUS,2005,3178.33056640625,7323.38525390625
RUS,2006,3571.54052734375,7949.89697265625
RUS,2007,4084.13037109375,8640.40625
RUS,2008,4513.56640625,9093.7001953125
RUS,2009,4280.787109375,8381.8681640625
RUS,2010,4511.7265625,8755.1201171875
RUS,2011,4808.04150390625,9120.8203125
RUS,2012,5156.87841796875,9464.0107421875
RUS,2013,5403.04736328125,9601.537109375
RUS,2014,5413.140625,9493.8125
RUS,2015,4887.48388671875,9277.7138671875
RUS,2016,4749.95703125,9269.3193359375
RUS,2017,4915.56982421875,9418.9140625
RUS,2018,5118.5234375,9674.787109375
RUS,2019,5307.7236328125,9882.0244140625
RUS,2020,5001.39599609375,9632.3251953125
RUS,2021,5516.67138671875,10206.9453125
RUS,2022,5457.3486328125,10030.0390625
RUS,2023,5827.2080078125,10420.5712890625
RWA,1960,245.872770536868,335.44054845198
RWA,1961,229.263930585031,312.295029587478
RWA,1962,259.023437743527,339.041827192223
RWA,1963,236.45037366057,298.910277894213
RWA,1964,187.47869329271,255.692566066485
RWA,1965,193.943111334683,266.551563148732
RWA,1966,206.816150245362,277.262725431494
RWA,1967,219.134896421438,287.621587349501
RWA,1968,231.499199588303,298.387208442383
RWA,1969,254.007669004426,321.172780966621
RWA,1970,253.237671435898,330.236181110858
RWA,1971,246.773182821273,324.489921580625
RWA,1972,227.842368193698,316.070377505099
RWA,1973,215.185221044413,317.553370740467
RWA,1974,217.512506534241,312.73257542941
RWA,1975,188.484080638773,297.252663635946
RWA,1976,214.89245445348,344.884442651426
RWA,1977,219.022849138781,341.522797120368
RWA,1978,239.576235071012,361.897081281619
RWA,1979,271.528703698228,392.810997687851
RWA,1980,285.035703621379,414.885246695717
RWA,1981,280.657090407593,423.670722722151
RWA,1982,264.063241138423,417.422766099406
RWA,1983,293.067674658866,427.87076480964
RWA,1984,245.312917592593,396.153513356985
RWA,1985,231.810836549455,399.872371105643
RWA,1986,252.410796455605,407.894108925502
RWA,1987,231.926250101286,394.648217615939
RWA,1988,248.102326727334,399.46629075647
RWA,1989,242.012282778521,387.279944529604
RWA,1990,232.936663206049,368.21957991856
RWA,1991,253.898235347743,351.728521330576
RWA,1992,251.833212218544,364.809184619657
RWA,1993,230.662783951359,322.716798987982
RWA,1994,212.556257148391,188.658266938085
RWA,1995,258.516540263021,305.387805791359
RWA,1996,235.768460723244,291.210822676605
RWA,1997,224.066354028159,286.805176925216
RWA,1998,244.624407357881,299.60112137886
RWA,1999,281.70268997229,310.098111246406
RWA,2000,312.442899414569,333.355069767411
RWA,2001,323.384302138127,358.446036782143
RWA,2002,362.437646428606,400.27039679917
RWA,2003,338.843228455926,400.191596187801
RWA,2004,352.25216549495,418.780971680294
RWA,2005,372.884784831517,446.029782373711
RWA,2006,400.145510458997,474.364570468705
RWA,2007,399.771898492393,497.171591741909
RWA,2008,420.105450844525,538.325339161514
RWA,2009,449.800372322321,557.397770789373
RWA,2010,463.02166083891,583.371380762055
RWA,2011,492.37245482988,614.539612560495
RWA,2012,512.42166233259,651.852778822614
RWA,2013,521.160372756776,666.408748050251
RWA,2014,541.306898588227,690.610352732156
RWA,2015,591.952506053773,733.998585018273
RWA,2016,602.45918894383,759.606241725671
RWA,2017,583.104642187351,771.069190383494
RWA,2018,624.754186081126,817.57838732716
RWA,2019,622.945572985453,874.639605475352
RWA,2020,616.879110306247,826.391257189481
RWA,2021,639.671425961457,896.267225355832
RWA,2022,701.452485251469,948.379194381944
RWA,2023,741.086812837982,1004.21571099829
SAS,1960,361.386118634895,334.810410744491
SAS,1961,364.997453407244,340.513627678278
SAS,1962,358.063249930481,343.67134207241
SAS,1963,363.578579732712,353.221519804983
SAS,1964,380.291231289107,371.534505557368
SAS,1965,372.158331507098,360.926097098462
SAS,1966,368.910769042694,357.20510365105
SAS,1967,375.093627839468,370.46068785649
SAS,1968,376.630928972794,378.730791749376
SAS,1969,382.213311215471,391.672537116918
SAS,1970,391.254153459901,405.316503511644
SAS,1971,384.564357465797,398.87924542587
SAS,1972,372.086272955977,383.266939724874
SAS,1973,357.838254977511,388.839103084478
SAS,1974,345.574003946654,389.025681596169
SAS,1975,349.384782723506,405.798200819032
SAS,1976,346.462018461956,406.426622909926
SAS,1977,352.900471106248,421.380545890466
SAS,1978,370.73339353861,436.729091494817
SAS,1979,357.050718995466,415.619401888347
SAS,1980,376.8239324727,432.058105931068
SAS,1981,379.285069765544,449.171044722392
SAS,1982,371.730585521944,455.612021891889
SAS,1983,388.193807057312,474.377816038669
SAS,1984,392.225424773887,482.755834661072
SAS,1985,397.298297047131,497.154579617393
SAS,1986,400.059515900665,508.971862725499
SAS,1987,403.948955276046,518.423393585475
SAS,1988,421.171385518461,548.937285782432
SAS,1989,426.731009417962,565.270670754555
SAS,1990,437.249685404708,582.355906519007
SAS,1991,432.792158616027,581.458479130577
SAS,1992,442.905473429724,601.544090475226
SAS,1993,449.401233116331,613.294292263729
SAS,1994,459.201367076838,635.496083160723
SAS,1995,476.581205233135,664.561990654957
SAS,1996,498.364132814928,694.355088218164
SAS,1997,502.931034749787,705.230170545763
SAS,1998,517.624236131036,728.573997021063
SAS,1999,538.407278111866,767.680293168748
SAS,2000,543.716637696416,783.69919762122
SAS,2001,562.101312055881,802.234398643338
SAS,2002,563.898190556713,816.501067909937
SAS,2003,582.737001987925,859.277580607701
SAS,2004,605.269076771841,907.974172228135
SAS,2005,643.952621659207,960.704818388569
SAS,2006,661.967749056849,1017.0953197937
SAS,2007,696.186805177749,1072.61331552929
SAS,2008,712.077892969809,1091.13318851456
SAS,2009,729.149015077102,1149.12438588802
SAS,2010,759.443878516836,1215.12252536694
SAS,2011,798.217862152675,1257.96036752584
SAS,2012,826.808652174075,1306.93553813478
SAS,2013,868.044365067788,1367.53135282614
SAS,2014,908.759260268418,1442.54118457389
SAS,2015,959.947689268691,1528.46685971348
SAS,2016,1019.14503957549,1627.79454176901
SAS,2017,1068.32496654425,1713.25184599246
SAS,2018,1132.23089176962,1800.77676486336
SAS,2019,1177.54662279668,1850.24148817214
SAS,2020,1115.74729056668,1745.81850493103
SAS,2021,1223.11843177854,1879.85017183937
SAS,2022,1292.71526086673,1979.885514151
SAS,2023,1324.40872296694,2093.23865040025
SAU,1960,NA,15761.6278904303
SAU,1961,NA,16998.8342494921
SAU,1962,NA,18339.1015202004
SAU,1963,NA,19212.3500405104
SAU,1964,NA,20138.5544135419
SAU,1965,NA,21759.202856764
SAU,1966,NA,22678.9285107353
SAU,1967,NA,23781.3990082294
SAU,1968,NA,24624.5048561679
SAU,1969,NA,25084.2864987182
SAU,1970,NA,36714.8736322175
SAU,1971,NA,40470.8496032266
SAU,1972,NA,45836.9760868091
SAU,1973,NA,53404.888111278
SAU,1974,NA,58886.8570068022
SAU,1975,NA,52813.1669806907
SAU,1976,NA,57668.1937956802
SAU,1977,NA,57760.5279547671
SAU,1978,NA,54647.1309727725
SAU,1979,NA,57217.4348895227
SAU,1980,NA,57088.5851288021
SAU,1981,NA,55380.0235743548
SAU,1982,NA,43708.9443909348
SAU,1983,NA,36605.6381527089
SAU,1984,NA,33110.122395931
SAU,1985,NA,29009.4766121825
SAU,1986,NA,27682.5666706465
SAU,1987,NA,25342.214456865
SAU,1988,NA,25615.0084808268
SAU,1989,NA,24453.551804864
SAU,1990,NA,25470.2738583136
SAU,1991,NA,26279.7272309324
SAU,1992,NA,26246.6642117063
SAU,1993,NA,25205.0461527272
SAU,1994,NA,24379.1807555485
SAU,1995,NA,23462.9068748862
SAU,1996,NA,23288.8661714378
SAU,1997,NA,23000.8405788344
SAU,1998,NA,22778.5751742478
SAU,1999,NA,21829.8543190947
SAU,2000,6050.33026487923,21862.716081319
SAU,2001,5829.74896839277,20826.2090357035
SAU,2002,5672.30595828222,19678.7591105989
SAU,2003,5651.71315069303,20406.4507586687
SAU,2004,5763.80249234235,21172.8992556898
SAU,2005,6068.79685990841,21460.1352100343
SAU,2006,6453.39529763062,21242.1265778774
SAU,2007,7000.84837076469,20829.8389773483
SAU,2008,7542.91459937759,21255.3966323385
SAU,2009,7900.00421261971,20221.3196152235
SAU,2010,8286.60183517584,21452.2279704984
SAU,2011,8059.00205870775,22754.1058113664
SAU,2012,8627.33756946551,22997.746224663
SAU,2013,8492.00732404512,22338.5338759623
SAU,2014,8901.33269589611,22628.601848725
SAU,2015,9167.99809357599,22453.571552265
SAU,2016,9071.53472949279,22035.8042885977
SAU,2017,9493.94457940052,22219.9383333817
SAU,2018,10012.76733714,23523.9456479821
SAU,2019,10707.7816321163,23886.9767401289
SAU,2020,9385.06502445549,21944.785821998
SAU,2021,10534.3204449413,23633.8601193936
SAU,2022,10571.8927273715,24304.9858794751
SAU,2023,10769.7837639551,23331.7694701019
SDN,1960,848.418334960938,851.732421875
SDN,1961,794.655883789063,828.766967773438
SDN,1962,799.822509765625,861.476318359375
SDN,1963,765.146789550781,813.293090820313
SDN,1964,745.852416992188,780.661743164063
SDN,1965,772.002319335938,808.854431152344
SDN,1966,658.040283203125,757.518859863281
SDN,1967,609.165893554688,746.402099609375
SDN,1968,593.660888671875,739.073913574219
SDN,1969,550.05810546875,727.628051757813
SDN,1970,569.649475097656,748.2431640625
SDN,1971,600.082763671875,742.029479980469
SDN,1972,539.374938964844,682.653015136719
SDN,1973,510.251007080078,661.991394042969
SDN,1974,605.347412109375,711.013854980469
SDN,1975,686.069274902344,795.953491210938
SDN,1976,784.364624023438,898.202575683594
SDN,1977,875.459411621094,923.200622558594
SDN,1978,819.643005371094,837.251831054688
SDN,1979,734.555541992188,765.673095703125
SDN,1980,733.097045898438,747.91943359375
SDN,1981,778.393005371094,773.544799804688
SDN,1982,839.22509765625,790.597045898438
SDN,1983,851.304931640625,782.225158691406
SDN,1984,820.393127441406,726.964111328125
SDN,1985,743.450439453125,669.103332519531
SDN,1986,649.322143554688,692.196655273438
SDN,1987,631.74560546875,776.530822753906
SDN,1988,656.782531738281,764.454162597656
SDN,1989,674.793701171875,823.076843261719
SDN,1990,701.236877441406,764.450439453125
SDN,1991,730.585632324219,805.367309570313
SDN,1992,759.15478515625,842.008605957031
SDN,1993,792.372314453125,862.978149414063
SDN,1994,799.200317382813,850.299438476563
SDN,1995,780.631408691406,877.693298339844
SDN,1996,790.003662109375,908.66015625
SDN,1997,815.647094726563,1050.31994628906
SDN,1998,830.693298339844,1069.27197265625
SDN,1999,841.693908691406,1074.88098144531
SDN,2000,785.594665527344,1111.11865234375
SDN,2001,839.527526855469,1150.17626953125
SDN,2002,832.290283203125,1185.21533203125
SDN,2003,846.832092285156,1226.42077636719
SDN,2004,936.5,1255.67114257813
SDN,2005,966.592895507813,1290.24438476563
SDN,2006,1010.53436279297,1336.1240234375
SDN,2007,1007.09979248047,1372.10961914063
SDN,2008,991.949096679688,1381.62561035156
SDN,2009,989.704650878906,1301.34729003906
SDN,2010,1034.07397460938,1311.22314453125
SDN,2011,929.097839355469,1388.21813964844
SDN,2012,991.167602539063,1288.25854492188
SDN,2013,1019.87127685547,1283.45922851563
SDN,2014,1091.87915039063,1307.3896484375
SDN,2015,1102.56750488281,1292.37963867188
SDN,2016,1123.03051757813,1297.15454101563
SDN,2017,1104.99731445313,1261.87353515625
SDN,2018,1043.62963867188,1185.94445800781
SDN,2019,1007.64013671875,1126.55297851563
SDN,2020,947.599182128906,1056.86474609375
SDN,2021,914.564575195313,1009.54888916016
SDN,2022,883.330383300781,973.225280761719
SDN,2023,714.785949707031,767.248779296875
SEN,1960,787.31758014083,1151.00213857223
SEN,1961,780.524741262192,1152.52290412241
SEN,1962,766.904477224274,1118.94105784212
SEN,1963,794.216335963585,1108.08162394471
SEN,1964,798.746690965938,1118.91076488152
SEN,1965,746.372704516267,1101.64022957194
SEN,1966,749.052756664925,1100.59486152036
SEN,1967,733.082224821685,1055.3388045333
SEN,1968,737.308619578318,1088.7452650791
SEN,1969,639.979553934638,987.490527976809
SEN,1970,665.71751802747394,1040.51139206618
SEN,1971,651.771654166019,1008.44746972351
SEN,1972,627.605829130283,1041.19576478941
SEN,1973,605.579421131984,954.176200047314
SEN,1974,607.315986843996,965.741329994361
SEN,1975,642.745769183527,1010.12268801923
SEN,1976,690.105620560366,1071.68040327701
SEN,1977,678.905216857027,1017.81439448073
SEN,1978,670.058145756688,955.002175635959
SEN,1979,693.832470673956,997.714580570366
SEN,1980,688.438001312517,1012.16661480231
SEN,1981,659.033175712857,1037.70140590886
SEN,1982,710.354212466194,1091.73478914466
SEN,1983,682.651505366313,1002.79157255651
SEN,1984,693.840239058934,1014.21873121746
SEN,1985,679.044541886998,1020.46425733551
SEN,1986,731.713808808649,1022.55326037551
SEN,1987,736.968533835612,1055.32454152497
SEN,1988,738.871477944321,1016.8279275159
SEN,1989,740.748284711291,1027.27575950199
SEN,1990,717.708093301714,990.777522619822
SEN,1991,713.073046880095,988.63221583773
SEN,1992,711.709600313307,974.054860027128
SEN,1993,728.407689692799,960.506561720788
SEN,1994,677.661190830781,934.692068072302
SEN,1995,681.178476231051,960.84709282163
SEN,1996,682.340932371307,956.588791201654
SEN,1997,674.807808953928,962.736689457399
SEN,1998,710.365985857067,995.979085689636
SEN,1999,769.097716538238,1033.76396461633
SEN,2000,775.744825347004,1048.37474052363
SEN,2001,801.922462744403,1067.36886550595
SEN,2002,792.05664412957,1042.25509944289
SEN,2003,813.242036303302,1074.38578467686
SEN,2004,813.385594144615,1098.20064546027
SEN,2005,821.813225519195,1119.0505307548
SEN,2006,842.170895569541,1118.7830430051
SEN,2007,852.464974247651,1123.99862153285
SEN,2008,864.681744814927,1138.66883930214
SEN,2009,871.960288328765,1142.65317233964
SEN,2010,870.100263368765,1153.53431121583
SEN,2011,854.556583923644,1139.74447892639
SEN,2012,855.760604329644,1154.05677992367
SEN,2013,856.46719964866,1147.3859217191
SEN,2014,873.355969394118,1180.7987108505
SEN,2015,884.557013024992,1218.00613555438
SEN,2016,904.020226232609,1257.40906915928
SEN,2017,921.15535142241,1312.10932776049
SEN,2018,938.253979066732,1355.09610863712
SEN,2019,948.037751787062,1379.60875249861
SEN,2020,944.768396635248,1361.79143748646
SEN,2021,952.034634760375,1414.5395109385
SEN,2022,960.915907358821,1432.86013001798
SEN,2023,1007.4138280163,1463.19101905166
SGP,1960,3069.91982741438,3611.95365142064
SGP,1961,3252.80633803154,3777.39463491526
SGP,1962,3286.60896480476,3951.76046995379
SGP,1963,3354.59255969119,4239.9926615122
SGP,1964,3109.94481992598,4004.45879353131
SGP,1965,3154.08785105501,4214.50928654512
SGP,1966,3295.14078917962,4529.52603020969
SGP,1967,3514.93691135859,4984.78417700352
SGP,1968,3801.92975220161,5562.32007695611
SGP,1969,4057.18489018331,6237.25093664419
SGP,1970,4498.18434938071,6997.19902931212
SGP,1971,4939.05446712433,7722.8645117911
SGP,1972,5291.54539251001,8590.60864812538
SGP,1973,5615.43922901467,9325.56611338064
SGP,1974,5903.80017820972,9732.7270627095
SGP,1975,6005.53761084021,9974.22091805681
SGP,1976,6237.39612661199,10572.5669041736
SGP,1977,6472.8723925454,11141.5797970038
SGP,1978,6814.87760700475,11863.6939677002
SGP,1979,7176.0301197592,12834.1600895857
SGP,1980,7486.06719917657,13953.890170834
SGP,1981,7480.80624377733,14737.3005854209
SGP,1982,7447.69522487957,15106.2507664821
SGP,1983,7769.79927072032,16186.9145138401
SGP,1984,8069.98703729491,17280.3703822303
SGP,1985,8052.74633518752,17149.31550146
SGP,1986,8377.23732013781,17396.0281363675
SGP,1987,9095.69353602675,18986.7527003627
SGP,1988,9880.59897786137,20595.9751389187
SGP,1989,10390.7804239357,22031.8971300219
SGP,1990,10733.4368746671,23272.7000932159
SGP,1991,11071.6452464956,24132.7153290621
SGP,1992,11377.2053098184,24973.4311358112
SGP,1993,12397.0166856169,27139.9524278985
SGP,1994,12890.9914765768,29220.2727915476
SGP,1995,12988.2312311277,30379.8991144598
SGP,1996,13291.4088602557,31349.3171805131
SGP,1997,13590.5581361212,32835.2518506082
SGP,1998,12882.9651832363,31043.108180076
SGP,1999,14014.5485299596,32557.0469904063
SGP,2000,15644.9866717576,34890.0811365168
SGP,2001,16457.0404427662,33597.8690808226
SGP,2002,16869.921316262,34598.8267483781
SGP,2003,17340.2028461896,36709.7965038255
SGP,2004,18024.3855468445,39856.6356222613
SGP,2005,18326.7746711557,41798.4880834671
SGP,2006,18541.0217909904,44159.4101820552
SGP,2007,19030.2778144315,46178.8139470199
SGP,2008,18815.6666103566,44601.5799302699
SGP,2009,18206.3250461847,43331.8746638962
SGP,2010,18664.7891987787,48752.0515441859
SGP,2011,19003.6744770252,50713.5326393594
SGP,2012,19233.5465523653,51679.352717333
SGP,2013,19457.3877647224,53298.9728558286
SGP,2014,19898.7533584766,54681.9336458253
SGP,2015,20676.8394513646,55645.6068614606
SGP,2016,21067.7659766352,56899.485124515
SGP,2017,21714.3747503052,59414.6549459103
SGP,2018,22550.187546958,61216.1250918658
SGP,2019,22894.660164596,61333.6563161696
SGP,2020,19905.8215230741,59144.3539186758
SGP,2021,22436.4838843552,67638.6459886659
SGP,2022,23495.8462632996,67948.8928271514
SGP,2023,23223.2129681449,65422.4603166668
SLB,1960,NA,NA
SLB,1961,NA,NA
SLB,1962,NA,NA
SLB,1963,NA,NA
SLB,1964,NA,NA
SLB,1965,NA,NA
SLB,1966,NA,NA
SLB,1967,NA,NA
SLB,1968,NA,NA
SLB,1969,NA,NA
SLB,1970,NA,NA
SLB,1971,NA,NA
SLB,1972,NA,NA
SLB,1973,NA,NA
SLB,1974,NA,NA
SLB,1975,NA,NA
SLB,1976,NA,NA
SLB,1977,NA,NA
SLB,1978,NA,NA
SLB,1979,NA,NA
SLB,1980,NA,2211.58798966749
SLB,1981,NA,2097.67551414204
SLB,1982,NA,1992.78025273894
SLB,1983,NA,2000.7854676883
SLB,1984,NA,1937.46099936846
SLB,1985,NA,1815.03273059725
SLB,1986,NA,1753.11438313886
SLB,1987,NA,1840.38750654081
SLB,1988,NA,1804.42269759638
SLB,1989,NA,1822.71021603378
SLB,1990,NA,1805.7455346015
SLB,1991,NA,1856.38271673266
SLB,1992,NA,2029.96795439512
SLB,1993,NA,2049.29308753255
SLB,1994,NA,2151.04597183789
SLB,1995,NA,2299.99401501925
SLB,1996,NA,2270.47720120585
SLB,1997,NA,2186.42335260732
SLB,1998,NA,2153.37470167047
SLB,1999,NA,2086.02456092051
SLB,2000,NA,1747.73099551254
SLB,2001,NA,1577.66696008378
SLB,2002,NA,1504.85795225232
SLB,2003,1061.11541967734,1573.85522149264
SLB,2004,1102.12046035954,1664.58030147977
SLB,2005,1179.75908120629,1755.72812344484
SLB,2006,1206.6553417304,1796.71896309507
SLB,2007,1277.11400729769,1830.23675931387
SLB,2008,1306.86650121977,1911.19452897184
SLB,2009,1265.8036716939,1930.45659372799
SLB,2010,1334.34099704573,2058.95426620207
SLB,2011,1338.61685107757,2132.01998399541
SLB,2012,1329.5779288808,2105.90758922315
SLB,2013,1319.70875343248,2136.72036781191
SLB,2014,1313.39799588567,2085.15500132222
SLB,2015,1297.84575763216,2045.47889485251
SLB,2016,1295.65362026194,2084.24598380679
SLB,2017,1252.73611810062,2075.36230008714
SLB,2018,1301.23236169194,2061.89784418456
SLB,2019,1295.6287431064,2043.07578936317
SLB,2020,1089.0600276982,1930.64258596415
SLB,2021,1045.68274838196,1933.17055918223
SLB,2022,1060.44020914806,1932.78966817916
SLB,2023,NA,1945.14986518195
SLE,1960,NA,789.436953115777
SLE,1961,NA,791.206346882974
SLE,1962,NA,813.710223414248
SLE,1963,NA,813.640352862891
SLE,1964,NA,852.94911549257
SLE,1965,NA,897.79597784399
SLE,1966,NA,896.366195928181
SLE,1967,NA,879.982975882064
SLE,1968,NA,880.862511624672
SLE,1969,NA,938.060006447801
SLE,1970,NA,999.795896441752
SLE,1971,NA,1015.37943526575
SLE,1972,NA,1005.8942997709
SLE,1973,NA,1009.73373738029
SLE,1974,NA,1025.9265266804
SLE,1975,NA,1024.04715224296
SLE,1976,NA,1001.21706445093
SLE,1977,NA,983.330183766149
SLE,1978,NA,987.732048484612
SLE,1979,NA,1012.34317508182
SLE,1980,773.440396461124,1040.4248279512
SLE,1981,736.811646745402,1048.97270154191
SLE,1982,709.768110577311,1076.8012864746
SLE,1983,643.81017158704606,1031.91547010635
SLE,1984,616.340845316787,1050.87714465347
SLE,1985,560.707290658133,973.270125176627
SLE,1986,534.124466268691,961.531198599851
SLE,1987,584.872737667475,1003.77921457383
SLE,1988,489.137771075419,907.86812714025
SLE,1989,516.523659631539,891.934889155399
SLE,1990,416.823440070991,886.058367601776
SLE,1991,410.47693307252,896.339164880344
SLE,1992,376.974991193051,739.840408666788
SLE,1993,399.485256862423,751.676201452901
SLE,1994,324.302249200098,734.216726239304
SLE,1995,399.772975612358,674.499465246237
SLE,1996,419.246021136215,683.055057701964
SLE,1997,344.187666967393,634.673262757861
SLE,1998,330.140600441423,639.675904788056
SLE,1999,308.470672475381,623.782841349838
SLE,2000,306.336594240974,649.404708238465
SLE,2001,371.792360749751,573.319808206318
SLE,2002,432.152913679136,684.719710400667
SLE,2003,442.804045927398,719.793625697478
SLE,2004,445.149310953153,740.951027512485
SLE,2005,439.924575789319,752.690253176869
SLE,2006,434.598966211522,767.797732668035
SLE,2007,466.785800321485,811.033383728662
SLE,2008,496.03445013865,834.032131697465
SLE,2009,514.608626750856,837.924748136024
SLE,2010,438.602394008446,869.552043593205
SLE,2011,548.822117027497,898.064605764694
SLE,2012,598.007552842688,1008.71326115035
SLE,2013,764.669043784253,1191.69433194611
SLE,2014,633.683421131786,1216.61116951572
SLE,2015,617.987906156095,945.148168480629
SLE,2016,667.840580709215,981.743978922239
SLE,2017,650.179772895346,994.582742641008
SLE,2018,592.039890507559,1005.24821808651
SLE,2019,631.027413407775,1036.22706679474
SLE,2020,575.328051954953,999.888885139707
SLE,2021,595.050539815776,1035.03777484863
SLE,2022,625.169372661998,1066.03912308826
SLE,2023,622.629120038446,1102.44133602893
SLV,1960,NA,NA
SLV,1961,NA,NA
SLV,1962,NA,NA
SLV,1963,NA,NA
SLV,1964,NA,NA
SLV,1965,2138.85650075859,2636.99661875982
SLV,1966,2255.81815995267,2747.27195376382
SLV,1967,2295.75548693751,2816.01216463995
SLV,1968,2246.42440776872,2827.32143813783
SLV,1969,2219.16916867477,2847.56496825494
SLV,1970,2292.80638578951,2858.56429944097
SLV,1971,2307.6601689458,2898.75101500994
SLV,1972,2352.29449968147,3004.66954382527
SLV,1973,2460.33109452853,3077.74959330351
SLV,1974,2450.45600659707,3168.28127650095
SLV,1975,2410.72342806263,3189.0656409164
SLV,1976,2620.80274684054,3278.58861289779
SLV,1977,2888.38830288485,3426.85616236824
SLV,1978,2861.60237427996,3532.98751537256
SLV,1979,2523.27701569172,3320.1122024217
SLV,1980,2211.88519924303,2757.38812393103
SLV,1981,1958.78185642905,2582.45156646321
SLV,1982,1758.72461460794,2392.38390078794
SLV,1983,1748.88513951175,2385.3964125653
SLV,1984,1764.74563269276,2371.58493413585
SLV,1985,1765.89810294914,2339.0115535039
SLV,1986,1719.24829633236,2297.53500731075
SLV,1987,1693.4445107869,2309.06459110733
SLV,1988,1682.34017006466,2305.62179387936
SLV,1989,1681.02570142046,2282.53716167277
SLV,1990,2094.87190331185,2348.20460167761
SLV,1991,2070.95855210234,2341.93382299132
SLV,1992,2189.67878409776,2465.75989060719
SLV,1993,2287.03810103705,2574.95134564317
SLV,1994,2404.78673320593,2670.21278543567
SLV,1995,2533.38416193014,2773.32529027549
SLV,1996,2554.65637213409,2775.04629038695
SLV,1997,2571.26649153586,2842.88487409077
SLV,1998,2536.48213286038,2900.32064261101
SLV,1999,2586.85014280424,2946.4330235012
SLV,2000,2632.05662098911,2964.89346881406
SLV,2001,2656.07955703347,2978.59734844669
SLV,2002,2667.7752151979,3016.06307728602
SLV,2003,2683.3573830611,3057.16467629097
SLV,2004,2723.03964182994,3081.23629665234
SLV,2005,2832.74096571951,3163.36118376833
SLV,2006,2959.61519884749,3302.34817354347
SLV,2007,3165.78629194803,3359.1623024135
SLV,2008,3143.28854137246,3420.44927357444
SLV,2009,2928.37237181454,3337.81150878211
SLV,2010,2945.60909783332,3398.49346060363
SLV,2011,2981.14081091082,3514.069144355
SLV,2012,3064.93110349112,3601.44222914588
SLV,2013,3158.77045908216,3665.1547327058
SLV,2014,3141.97889388727,3713.94992016222
SLV,2015,3224.57709621267,3790.34089108162
SLV,2016,3279.01427444136,3875.84691357954
SLV,2017,3326.73683165297,3954.84014277572
SLV,2018,3367.92830782975,4046.16291720583
SLV,2019,3423.48517064993,4143.11437097867
SLV,2020,3139.00487024273,3808.53195436409
SLV,2021,3427.20384716987,4247.54750394978
SLV,2022,3499.83171014679,4349.40019721335
SLV,2023,3602.40777898187,4481.19664108356
SMR,1960,NA,NA
SMR,1961,NA,NA
SMR,1962,NA,NA
SMR,1963,NA,NA
SMR,1964,NA,NA
SMR,1965,NA,NA
SMR,1966,NA,NA
SMR,1967,NA,NA
SMR,1968,NA,NA
SMR,1969,NA,NA
SMR,1970,NA,NA
SMR,1971,NA,NA
SMR,1972,NA,NA
SMR,1973,NA,NA
SMR,1974,NA,NA
SMR,1975,NA,NA
SMR,1976,NA,NA
SMR,1977,NA,NA
SMR,1978,NA,NA
SMR,1979,NA,NA
SMR,1980,NA,NA
SMR,1981,NA,NA
SMR,1982,NA,NA
SMR,1983,NA,NA
SMR,1984,NA,NA
SMR,1985,NA,NA
SMR,1986,NA,NA
SMR,1987,NA,NA
SMR,1988,NA,NA
SMR,1989,NA,NA
SMR,1990,NA,NA
SMR,1991,NA,NA
SMR,1992,NA,NA
SMR,1993,NA,NA
SMR,1994,NA,NA
SMR,1995,NA,NA
SMR,1996,NA,NA
SMR,1997,NA,48409.5476837524
SMR,1998,NA,51376.4362163713
SMR,1999,NA,55318.4458342113
SMR,2000,NA,55806.9219720449
SMR,2001,NA,58173.2936031775
SMR,2002,NA,57615.4100635074
SMR,2003,NA,59090.2331058555
SMR,2004,NA,58393.2236678918
SMR,2005,NA,59049.5774485922
SMR,2006,NA,60604.3508911242
SMR,2007,NA,62776.9461598748
SMR,2008,NA,61572.7435735639
SMR,2009,NA,52873.2681862909
SMR,2010,NA,49672.6977770842
SMR,2011,NA,46450.0251706982
SMR,2012,NA,42082.5554467713
SMR,2013,NA,42293.4870685544
SMR,2014,NA,42492.8509160139
SMR,2015,17423.5125479777,43146.8240435428
SMR,2016,17075.4984747307,43886.2146896896
SMR,2017,16317.6631236843,43057.7784775102
SMR,2018,15852.3347693389,42818.6962696679
SMR,2019,15873.9110256606,43525.4225717352
SMR,2020,14980.3537037047,40506.8521137898
SMR,2021,16428.4572199721,46834.1395065822
SMR,2022,19264.1349519898,51277.3460993917
SMR,2023,NA,NA
SOM,1960,NA,318.824845311643
SOM,1961,NA,300.513447578988
SOM,1962,NA,313.492629282954
SOM,1963,NA,313.980378677245
SOM,1964,NA,287.182909955233
SOM,1965,NA,263.102807813897
SOM,1966,NA,279.600783941981
SOM,1967,NA,288.543384766335
SOM,1968,NA,286.759474276259
SOM,1969,NA,274.575454674311
SOM,1970,NA,279.670925461605
SOM,1971,NA,278.264344024451
SOM,1972,NA,311.416444716735
SOM,1973,NA,266.402570604986
SOM,1974,NA,261.538403913059
SOM,1975,NA,292.525201535728
SOM,1976,NA,279.998625197598
SOM,1977,NA,309.814737633381
SOM,1978,NA,305.259543579661
SOM,1979,NA,256.278948256268
SOM,1980,NA,239.470257539711
SOM,1981,NA,252.485065197096
SOM,1982,NA,258.564171660347
SOM,1983,NA,221.454005841594
SOM,1984,NA,220.505305927198
SOM,1985,NA,231.960675624016
SOM,1986,NA,217.822057769879
SOM,1987,NA,231.385134253141
SOM,1988,NA,239.054087908916
SOM,1989,NA,252.360864310088
SOM,1990,NA,259.40003710693
SOM,1991,NA,277.598818656264
SOM,1992,NA,266.498425696668
SOM,1993,NA,269.406220446972
SOM,1994,NA,210.446206963212
SOM,1995,NA,211.087543240614
SOM,1996,NA,219.936394792198
SOM,1997,NA,214.852363909301
SOM,1998,NA,219.712173654863
SOM,1999,NA,226.444124329962
SOM,2000,NA,233.032406774336
SOM,2001,NA,239.839088175856
SOM,2002,NA,248.636468605335
SOM,2003,NA,257.910352385283
SOM,2004,NA,266.257287496335
SOM,2005,NA,275.457056977944
SOM,2006,NA,284.47080657478
SOM,2007,NA,294.210421748355
SOM,2008,NA,304.741466711122
SOM,2009,NA,317.038203436977
SOM,2010,NA,329.970524319027
SOM,2011,NA,349.577469611358
SOM,2012,485.905903650643,369.617226464266
SOM,2013,503.06392888088,397.108794017201
SOM,2014,527.801020029898,417.516794459335
SOM,2015,553.708822859819,445.583078625015
SOM,2016,571.514927357069,458.921476933292
SOM,2017,634.967637878011,506.501096987553
SOM,2018,626.284137791125,498.981062089377
SOM,2019,608.078307341406,494.559375806552
SOM,2020,581.257702215088,463.032522124252
SOM,2021,573.785842379201,461.842091966231
SOM,2022,582.98106557805,460.299643149511
SOM,2023,591.01214944326,465.160693722591
SRB,1960,NA,NA
SRB,1961,NA,NA
SRB,1962,NA,NA
SRB,1963,NA,NA
SRB,1964,NA,NA
SRB,1965,NA,NA
SRB,1966,NA,NA
SRB,1967,NA,NA
SRB,1968,NA,NA
SRB,1969,NA,NA
SRB,1970,NA,NA
SRB,1971,NA,NA
SRB,1972,NA,NA
SRB,1973,NA,NA
SRB,1974,NA,NA
SRB,1975,NA,NA
SRB,1976,NA,NA
SRB,1977,NA,NA
SRB,1978,NA,NA
SRB,1979,NA,NA
SRB,1980,NA,NA
SRB,1981,NA,NA
SRB,1982,NA,NA
SRB,1983,NA,NA
SRB,1984,NA,NA
SRB,1985,NA,NA
SRB,1986,NA,NA
SRB,1987,NA,NA
SRB,1988,NA,NA
SRB,1989,NA,NA
SRB,1990,NA,NA
SRB,1991,NA,NA
SRB,1992,NA,NA
SRB,1993,NA,NA
SRB,1994,NA,NA
SRB,1995,2307.03375326313,3012.49818951388
SRB,1996,2398.77119516458,3200.76826306115
SRB,1997,2511.33343101104,3497.55046734497
SRB,1998,2592.2392666235,3699.40387054927
SRB,1999,2332.2881311417,3329.45173036535
SRB,2000,2518.29632143461,3542.35373929055
SRB,2001,2627.45033300652,3788.9822937535
SRB,2002,2868.71056669543,4038.65254639261
SRB,2003,2952.3472742205,4233.77646622459
SRB,2004,3335.19887456175,4527.43497714122
SRB,2005,3425.18367121034,4809.13847725945
SRB,2006,3796.00329043637,5016.41284072937
SRB,2007,4119.90628953055,5431.27888961402
SRB,2008,4300.49639897713,5735.94771592691
SRB,2009,4149.88514556295,5578.01198011964
SRB,2010,4141.28354870733,5690.7032693018
SRB,2011,4183.00131992616,5737.00119892159
SRB,2012,4111.1538606183,5739.30750190714
SRB,2013,4057.73510753875,5793.33614236087
SRB,2014,4067.03371033083,5716.5404784933
SRB,2015,4073.40083962114,5820.3215576888
SRB,2016,4172.5967446154,6024.95753018527
SRB,2017,4285.0421324647,6200.26060347164
SRB,2018,4429.64336993408,6524.0796846826
SRB,2019,4617.07202537486,6870.75746352687
SRB,2020,4552.55374986625,6850.96677811138
SRB,2021,4950.21270488321,7465.67530944906
SRB,2022,5251.55817560711,7857.40327149497
SRB,2023,5310.97036497086,8210.55401378745
SSA,1960,NA,1141.63912859388
SSA,1961,NA,1126.86220221174
SSA,1962,NA,1165.65695062248
SSA,1963,NA,1208.39719226019
SSA,1964,NA,1237.32846804857
SSA,1965,NA,1262.78478907512
SSA,1966,NA,1255.59826246419
SSA,1967,NA,1214.01046091029
SSA,1968,NA,1219.35409471615
SSA,1969,NA,1294.53540393781
SSA,1970,NA,1359.22219656356
SSA,1971,NA,1425.67362054542
SSA,1972,NA,1428.89708816164
SSA,1973,NA,1450.24307010579
SSA,1974,NA,1516.70730235569
SSA,1975,NA,1470.57170725355
SSA,1976,NA,1503.59452955819
SSA,1977,NA,1502.82849783441
SSA,1978,NA,1457.18965150121
SSA,1979,NA,1469.91026469052
SSA,1980,NA,1481.25617358949
SSA,1981,NA,1425.90473377171
SSA,1982,NA,1366.09219088071
SSA,1983,NA,1292.00189279763
SSA,1984,NA,1283.65085710777
SSA,1985,NA,1271.62254466706
SSA,1986,NA,1258.95605261472
SSA,1987,NA,1259.18079587892
SSA,1988,NA,1278.0168452484
SSA,1989,NA,1271.27962137318
SSA,1990,NA,1265.42062401821
SSA,1991,819.713681114409,1235.91648190091
SSA,1992,790.997650811444,1197.71554455871
SSA,1993,791.344596553122,1154.80713648493
SSA,1994,789.256093700072,1135.72227263787
SSA,1995,813.411599763666,1142.57168885245
SSA,1996,825.487879260859,1169.34599361113
SSA,1997,830.975078214478,1185.29237435208
SSA,1998,840.667905945509,1183.01851208935
SSA,1999,847.421271853857,1177.17603672733
SSA,2000,844.27264889508206,1186.16747618209
SSA,2001,855.884977605638,1203.25285430967
SSA,2002,856.632596647239,1245.81128709016
SSA,2003,871.411900244031,1261.93896001493
SSA,2004,897.446548269332,1309.29447647548
SSA,2005,924.523887200985,1350.6098665175
SSA,2006,969.259338330279,1393.70045941121
SSA,2007,994.49736254761,1439.52215264952
SSA,2008,996.214857821525,1473.02459605269
SSA,2009,990.026014076691,1478.52829914103
SSA,2010,1019.37386016882,1524.59978121665
SSA,2011,1016.46422458088,1548.79746929218
SSA,2012,1037.00316395304,1556.41020830184
SSA,2013,1061.88722074885,1592.61856959518
SSA,2014,1070.94071048374,1625.54840161044
SSA,2015,1095.48248437309,1627.66404278518
SSA,2016,1094.11523296909,1604.7756925777
SSA,2017,1097.99732444025,1602.1039234084
SSA,2018,1102.25071716532,1603.00247289927
SSA,2019,1110.33098978937,1603.38012440121
SSA,2020,1059.5555445449,1531.38863702908
SSA,2021,1085.81138891594,1557.7254214627
SSA,2022,1096.63558889092,1574.98326202489
SSA,2023,1096.13990859336,1579.61795425795
SSD,1960,NA,NA
SSD,1961,NA,NA
SSD,1962,NA,NA
SSD,1963,NA,NA
SSD,1964,NA,NA
SSD,1965,NA,NA
SSD,1966,NA,NA
SSD,1967,NA,NA
SSD,1968,NA,NA
SSD,1969,NA,NA
SSD,1970,NA,NA
SSD,1971,NA,NA
SSD,1972,NA,NA
SSD,1973,NA,NA
SSD,1974,NA,NA
SSD,1975,NA,NA
SSD,1976,NA,NA
SSD,1977,NA,NA
SSD,1978,NA,NA
SSD,1979,NA,NA
SSD,1980,NA,NA
SSD,1981,NA,NA
SSD,1982,NA,NA
SSD,1983,NA,NA
SSD,1984,NA,NA
SSD,1985,NA,NA
SSD,1986,NA,NA
SSD,1987,NA,NA
SSD,1988,NA,NA
SSD,1989,NA,NA
SSD,1990,NA,NA
SSD,1991,NA,NA
SSD,1992,NA,NA
SSD,1993,NA,NA
SSD,1994,NA,NA
SSD,1995,NA,NA
SSD,1996,NA,NA
SSD,1997,NA,NA
SSD,1998,NA,NA
SSD,1999,NA,NA
SSD,2000,NA,NA
SSD,2001,NA,NA
SSD,2002,NA,NA
SSD,2003,NA,NA
SSD,2004,NA,NA
SSD,2005,NA,NA
SSD,2006,NA,NA
SSD,2007,NA,NA
SSD,2008,NA,2289.18415375563
SSD,2009,NA,2293.80166888543
SSD,2010,NA,2295.07026096006
SSD,2011,NA,2073.23981819145
SSD,2012,NA,1069.19619080938
SSD,2013,NA,1165.16202707495
SSD,2014,NA,1197.09491969479
SSD,2015,NA,1080.14718624765
SSD,2016,NA,NA
SSD,2017,NA,NA
SSD,2018,NA,NA
SSD,2019,NA,NA
SSD,2020,NA,NA
SSD,2021,NA,NA
SSD,2022,NA,NA
SSD,2023,NA,NA
SSF,1960,NA,1141.98543284081
SSF,1961,NA,1127.16476242095
SSF,1962,NA,1165.98340419189
SSF,1963,NA,1208.75916177688
SSF,1964,NA,1237.7051324041
SSF,1965,NA,1263.13014624539
SSF,1966,NA,1256.01964712031
SSF,1967,NA,1214.42742729889
SSF,1968,NA,1219.80463619288
SSF,1969,NA,1294.94759067389
SSF,1970,NA,1359.66320856508
SSF,1971,NA,1426.19931173263
SSF,1972,NA,1429.45337621845
SSF,1973,NA,1450.85261778771
SSF,1974,NA,1517.2887071507
SSF,1975,NA,1471.16854192591
SSF,1976,NA,1504.30968158003
SSF,1977,NA,1503.45127367498
SSF,1978,NA,1458.00273047595
SSF,1979,NA,1470.86852109535
SSF,1980,NA,1482.11487358108
SSF,1981,NA,1426.70173420301
SSF,1982,NA,1366.85210718027
SSF,1983,NA,1292.74558899058
SSF,1984,NA,1284.41328055934
SSF,1985,NA,1272.46024456452
SSF,1986,NA,1259.77791281703
SSF,1987,NA,1260.01942082963
SSF,1988,NA,1278.88160845622
SSF,1989,NA,1272.22627134618
SSF,1990,NA,1266.42346059251
SSF,1991,820.630408889992,1236.92616550154
SSF,1992,792.265061931497,1198.78585081398
SSF,1993,792.876593986327,1155.93918675425
SSF,1994,790.420307840679,1136.79228081257
SSF,1995,814.820520287159,1143.61607992958
SSF,1996,826.908097842426,1170.47387628646
SSF,1997,832.42478049366,1186.54000070211
SSF,1998,842.058290001501,1184.26434110702
SSF,1999,848.463212874134,1178.41228805105
SSF,2000,844.566302879198,1187.42621852881
SSF,2001,856.289832994095,1204.44424792601
SSF,2002,856.80347527102,1246.97673494172
SSF,2003,871.659013063838,1262.99633770536
SSF,2004,897.730815253075,1310.28395192189
SSF,2005,924.956817305157,1351.66736813388
SSF,2006,969.847228086899,1394.83251778616
SSF,2007,994.835865875775,1440.72909584634
SSF,2008,997.086012068938,1474.15437991129
SSF,2009,990.757765225209,1479.59530198451
SSF,2010,1020.06673612448,1525.68233487426
SSF,2011,1017.30614097269,1549.96663373296
SSF,2012,1037.83113320414,1557.58561804325
SSF,2013,1062.38822848178,1593.7723167547
SSF,2014,1071.7000811223,1626.71744583689
SSF,2015,1096.18245004914,1628.91285742916
SSF,2016,1095.03110852693,1606.15677780321
SSF,2017,1098.99514174105,1603.55090891219
SSF,2018,1103.35654499248,1604.48661279377
SSF,2019,1111.42087720171,1604.91206663812
SSF,2020,1060.62605475583,1532.69557630294
SSF,2021,1087.01147879041,1559.00419921084
SSF,2022,1097.86909133006,1576.4084659512
SSF,2023,1097.36652565749,1581.05682915199
SST,1960,NA,NA
SST,1961,NA,NA
SST,1962,NA,NA
SST,1963,NA,NA
SST,1964,NA,NA
SST,1965,NA,NA
SST,1966,NA,NA
SST,1967,NA,NA
SST,1968,NA,NA
SST,1969,NA,NA
SST,1970,NA,NA
SST,1971,NA,NA
SST,1972,NA,NA
SST,1973,NA,NA
SST,1974,NA,5503.32397635283
SST,1975,NA,5335.38138734195
SST,1976,NA,5960.52057556813
SST,1977,NA,6375.79872830922
SST,1978,NA,6662.21765645271
SST,1979,NA,7305.74543439336
SST,1980,NA,7131.90701444066
SST,1981,NA,6658.30141799252
SST,1982,NA,6554.08930431038
SST,1983,NA,6532.14463514566
SST,1984,NA,6689.73055894979
SST,1985,NA,6667.04038085598
SST,1986,NA,6717.29090651886
SST,1987,NA,6920.38749933399
SST,1988,NA,7052.38878889309
SST,1989,NA,7151.52286004872
SST,1990,NA,7257.53509084848
SST,1991,NA,7185.92136536526
SST,1992,NA,7045.51014977127
SST,1993,NA,7136.5224373493
SST,1994,NA,7253.30930039667
SST,1995,NA,7474.36699023342
SST,1996,NA,7647.18879974736
SST,1997,NA,7914.74103740802
SST,1998,NA,8084.39285774343
SST,1999,NA,8293.36440304332
SST,2000,4378.58095930945,8721.53556770653
SST,2001,4460.62017773786,8799.58999078844
SST,2002,4527.79817777991,8914.38531601608
SST,2003,4672.88783115699,9121.48891364068
SST,2004,4842.12760821623,9400.75454256027
SST,2005,5080.0094234298,9684.77263621411
SST,2006,5232.01447304611,10098.2678227826
SST,2007,5467.49983615788,10456.8458236699
SST,2008,5591.1429812217,10480.1490399626
SST,2009,5243.57465496019,9993.3395040045
SST,2010,5360.0406111881,10111.7142209863
SST,2011,5442.33360060193,10322.938883717101
SST,2012,5420.99691283822,10399.9257934183
SST,2013,5454.68894876804,10432.4124727066
SST,2014,5514.97369584244,10543.8687297428
SST,2015,5626.22425061124,10690.6175098911
SST,2016,5760.68486161847,10913.9654663123
SST,2017,5933.56994058863,11246.2086429815
SST,2018,6110.88246039792,11528.1582745995
SST,2019,6188.44846195707,11791.1614226513
SST,2020,5773.20324366675,10913.6905498358
SST,2021,6155.6367734726,11578.075658116
SST,2022,6481.66083172602,12362.9361746908
SST,2023,6698.06683943986,12797.6733963277
STP,1960,NA,NA
STP,1961,NA,NA
STP,1962,NA,NA
STP,1963,NA,NA
STP,1964,NA,NA
STP,1965,NA,NA
STP,1966,NA,NA
STP,1967,NA,NA
STP,1968,NA,NA
STP,1969,NA,NA
STP,1970,NA,985.09180236877
STP,1971,NA,1015.74666793194
STP,1972,NA,1017.08121320436
STP,1973,NA,1011.34975679533
STP,1974,NA,1045.17670623037
STP,1975,NA,1075.52552217484
STP,1976,NA,1065.93941593131
STP,1977,NA,1281.27707655704
STP,1978,NA,1283.3570836238
STP,1979,NA,1454.96872023117
STP,1980,NA,1405.76061531863
STP,1981,NA,1234.82085380117
STP,1982,NA,1249.50268222753
STP,1983,NA,1179.55626040759
STP,1984,NA,1087.44153359985
STP,1985,NA,1163.80724250137
STP,1986,NA,1071.36164381493
STP,1987,NA,1014.69125831664
STP,1988,NA,1008.24359402711
STP,1989,NA,1013.50760361265
STP,1990,NA,967.490807502814
STP,1991,NA,957.946483063679
STP,1992,NA,946.482495103288
STP,1993,NA,939.606669438019
STP,1994,NA,943.891404294867
STP,1995,NA,947.331538535199
STP,1996,NA,947.030151309961
STP,1997,NA,942.971185295678
STP,1998,NA,953.9855008639
STP,1999,NA,966.2268289095
STP,2000,NA,959.938180991352
STP,2001,NA,973.424252100436
STP,2002,NA,982.32906557627
STP,2003,NA,1036.86196260207
STP,2004,NA,1047.05796134884
STP,2005,NA,1089.14778798762
STP,2006,NA,1157.0861446542
STP,2007,NA,1170.51612474435
STP,2008,NA,1214.14114724792
STP,2009,NA,1225.60541902997
STP,2010,NA,1216.3502521663
STP,2011,NA,1214.96130276731
STP,2012,NA,1225.6945255615
STP,2013,NA,1263.70423995281
STP,2014,NA,1301.32146445028
STP,2015,NA,1298.10946596396
STP,2016,NA,1342.533807689
STP,2017,NA,1375.59403284199
STP,2018,NA,1413.84348618541
STP,2019,NA,1420.66008316091
STP,2020,NA,1430.84119299096
STP,2021,NA,1428.28676097975
STP,2022,NA,1403.23356704678
STP,2023,NA,1380.60169416257
SUR,1960,NA,3940.0813479359
SUR,1961,NA,3994.89569571431
SUR,1962,NA,3988.11140027838
SUR,1963,NA,4025.39761164569
SUR,1964,NA,4120.48612086465
SUR,1965,NA,4456.89702951005
SUR,1966,NA,5133.97497313157
SUR,1967,NA,5561.3080987637
SUR,1968,NA,5782.53661381848
SUR,1969,NA,5840.34086091936
SUR,1970,NA,5799.86722281584
SUR,1971,NA,5834.02486729504
SUR,1972,NA,5719.04237661422
SUR,1973,NA,5639.38579790557
SUR,1974,NA,5692.08851903754
SUR,1975,NA,5888.95396298107
SUR,1976,NA,6454.72147950716
SUR,1977,NA,7172.62107128024
SUR,1978,NA,7717.46333376568
SUR,1979,NA,7750.38885062687
SUR,1980,NA,7110.25141539986
SUR,1981,NA,7613.41613760027
SUR,1982,NA,7272.42377342797
SUR,1983,NA,6948.36988386005
SUR,1984,NA,6754.87416435162
SUR,1985,NA,6804.88235329589
SUR,1986,NA,6765.64454752431
SUR,1987,NA,6272.92938552246
SUR,1988,NA,6672.84558173621
SUR,1989,NA,6847.85742586796
SUR,1990,NA,6474.95571162121
SUR,1991,NA,6609.4013410012
SUR,1992,NA,6594.9041494915
SUR,1993,NA,6127.17764098658
SUR,1994,NA,6290.15749631679
SUR,1995,NA,6184.2834422862
SUR,1996,NA,6114.83571706509
SUR,1997,NA,6330.13718248353
SUR,1998,NA,6343.51344766536
SUR,1999,NA,6127.31035739875
SUR,2000,NA,6128.31602380553
SUR,2001,NA,6255.55274185687
SUR,2002,NA,6301.31731043167
SUR,2003,NA,6567.84309876847
SUR,2004,NA,7021.98919924338
SUR,2005,NA,7261.8171350196
SUR,2006,NA,7599.35696921481
SUR,2007,NA,7897.25648915828
SUR,2008,NA,8129.11464659446
SUR,2009,NA,8276.69079768793
SUR,2010,NA,8603.90786745855
SUR,2011,NA,9003.28597674886
SUR,2012,NA,9140.92898611536
SUR,2013,NA,9303.46008775809
SUR,2014,NA,9224.24378410547
SUR,2015,NA,8813.61705392067
SUR,2016,NA,8293.31553031406
SUR,2017,NA,8338.69235401862
SUR,2018,NA,8666.64870697797
SUR,2019,NA,8677.30522021731
SUR,2020,NA,7213.10766669943
SUR,2021,NA,6973.89941868115
SUR,2022,NA,7081.33357325783
SUR,2023,NA,7195.10209033209
SVK,1960,NA,NA
SVK,1961,NA,NA
SVK,1962,NA,NA
SVK,1963,NA,NA
SVK,1964,NA,NA
SVK,1965,NA,NA
SVK,1966,NA,NA
SVK,1967,NA,NA
SVK,1968,NA,NA
SVK,1969,NA,NA
SVK,1970,NA,NA
SVK,1971,NA,NA
SVK,1972,NA,NA
SVK,1973,NA,NA
SVK,1974,NA,NA
SVK,1975,NA,NA
SVK,1976,NA,NA
SVK,1977,NA,NA
SVK,1978,NA,NA
SVK,1979,NA,NA
SVK,1980,NA,NA
SVK,1981,NA,NA
SVK,1982,NA,NA
SVK,1983,NA,NA
SVK,1984,NA,NA
SVK,1985,NA,NA
SVK,1986,NA,NA
SVK,1987,NA,NA
SVK,1988,NA,NA
SVK,1989,NA,NA
SVK,1990,NA,8597.46399873616
SVK,1991,NA,7338.79871066771
SVK,1992,NA,6843.30031185734
SVK,1993,4456.2138212278,6946.84551124536
SVK,1994,4482.61963354759,7348.91832054302
SVK,1995,4710.65553705453,7755.62339473121
SVK,1996,5067.48448278621,8212.83202531548
SVK,1997,5247.86974894298,8647.39444587014
SVK,1998,5500.78659816147,8966.21926255304
SVK,1999,5459.32766271657,8914.68322907316
SVK,2000,5604.79123839742,8997.21205983851
SVK,2001,5912.63663617234,9277.35799766772
SVK,2002,6249.5455782705,9690.68462796365
SVK,2003,6309.48637988412,10168.0224775637
SVK,2004,6769.51437736326,10718.2101357286
SVK,2005,7074.38771031604,11412.1592874654
SVK,2006,7520.94039559761,12430.2014562792
SVK,2007,8110.30062816532,13770.9603683827
SVK,2008,8671.9195190946,14497.1115099188
SVK,2009,8645.34554638812,13680.7537015807
SVK,2010,8709.11544929407,14596.1478430022
SVK,2011,8531.06998296229,14950.8735594537
SVK,2012,8550.42978902237,15159.6571004823
SVK,2013,8440.42496544904,15249.8825237603
SVK,2014,8590.79057274729,15647.6491148855
SVK,2015,8820.03650611969,16442.0760860018
SVK,2016,9152.41582018108,16740.7414999051
SVK,2017,9560.53261654804,17195.2888048325
SVK,2018,9936.65239781923,17869.0149419565
SVK,2019,10191.2609453018,18250.9802872053
SVK,2020,10068.0388303491,17763.8564029317
SVK,2021,10346.8608611998,18821.1163135169
SVK,2022,11011.2383850833,18959.6818363057
SVK,2023,10673.6457163897,19238.7622372766
SVN,1960,NA,NA
SVN,1961,NA,NA
SVN,1962,NA,NA
SVN,1963,NA,NA
SVN,1964,NA,NA
SVN,1965,NA,NA
SVN,1966,NA,NA
SVN,1967,NA,NA
SVN,1968,NA,NA
SVN,1969,NA,NA
SVN,1970,NA,NA
SVN,1971,NA,NA
SVN,1972,NA,NA
SVN,1973,NA,NA
SVN,1974,NA,NA
SVN,1975,NA,NA
SVN,1976,NA,NA
SVN,1977,NA,NA
SVN,1978,NA,NA
SVN,1979,NA,NA
SVN,1980,NA,NA
SVN,1981,NA,NA
SVN,1982,NA,NA
SVN,1983,NA,NA
SVN,1984,NA,NA
SVN,1985,NA,NA
SVN,1986,NA,NA
SVN,1987,NA,NA
SVN,1988,NA,NA
SVN,1989,NA,NA
SVN,1990,7079.9487114906,13615.5857769678
SVN,1991,6300.40636371703,12395.9177026624
SVN,1992,6079.92166409339,11735.8460166299
SVN,1993,6941.32099584379,12098.341410018
SVN,1994,7228.91363856401,12757.6301133778
SVN,1995,7884.76095815754,13278.7427797574
SVN,1996,8106.83420365502,13674.1833709721
SVN,1997,8349.2510443099,14400.671212846
SVN,1998,8610.71360829844,14874.2902934445
SVN,1999,9173.95441726159,15646.6889507489
SVN,2000,9135.23240786755,16146.1215958752
SVN,2001,9381.33679556177,16576.7160906192
SVN,2002,9593.82228350025,17099.6583810838
SVN,2003,9924.01202179909,17635.3610248185
SVN,2004,10169.1784589078,18425.2598378487
SVN,2005,10361.3267548247,19102.2771961477
SVN,2006,10461.5935228924,20166.5324125858
SVN,2007,11081.394978608,21485.7811592397
SVN,2008,11381.3472633056,22175.2369942549
SVN,2009,11512.793939689,20307.6185841652
SVN,2010,11574.3621873672,20444.1199248351
SVN,2011,11641.970887566,20535.4157335883
SVN,2012,11363.105448564,19894.8697893882
SVN,2013,10901.0006547362,19704.2184304723
SVN,2014,11067.1206981283,20228.7077025728
SVN,2015,11283.1297747897,20697.2748530619
SVN,2016,11776.4096939732,21309.7120251737
SVN,2017,11992.7200603532,22397.7638081191
SVN,2018,12370.1458189373,23293.9665948387
SVN,2019,12955.2238393119,23943.1796396034
SVN,2020,12034.1929417868,22811.8052853002
SVN,2021,13234.2653846475,24659.2499013385
SVN,2022,13686.1123286307,25276.9355802471
SVN,2023,13807.5116374226,25708.8691396365
SWE,1960,9362.51125082534,16812.1516339638
SWE,1961,9812.38614914888,17683.7975893067
SWE,1962,10080.4366428959,18335.5525150726
SWE,1963,10464.8197099819,19203.9132600174
SWE,1964,10802.4050857332,20361.1524238685
SWE,1965,11150.5839336199,20941.0909432355
SWE,1966,11254.8423208734,21176.4666220693
SWE,1967,11425.7099957893,21721.8399978607
SWE,1968,11827.511208858,22386.0274483069
SWE,1969,12261.4584446802,23342.7425016141
SWE,1970,12572.6940717659,24622.947878957
SWE,1971,12498.9680469157,24685.1047786533
SWE,1972,12885.8067001863,25175.5783894299
SWE,1973,13198.0618355508,26129.4639468973
SWE,1974,13607.2535795176,26887.0053913592
SWE,1975,13932.8026478826,27464.0686210301
SWE,1976,14465.2820901074,27653.9107272497
SWE,1977,14269.8543028838,27116.0070001824
SWE,1978,14128.7780679331,27510.7438516574
SWE,1979,14436.3285183156,28504.8851836266
SWE,1980,14291.7922911737,28930.6721003824
SWE,1981,14471.3936300435,29027.4269109053
SWE,1982,14594.5016702155,29373.0783683788
SWE,1983,14261.4031401457,29917.8065169672
SWE,1984,14504.4179503641,31154.8675252983
SWE,1985,14860.634970856,31775.4021053726
SWE,1986,15535.7760383778,32554.7804658913
SWE,1987,16259.2788243678,33534.5321337656
SWE,1988,16646.9127123378,34234.9882140715
SWE,1989,16715.1423100275,34910.1676505081
SWE,1990,16476.7740189009,34902.9205848639
SWE,1991,16401.5590578709,34268.5547150561
SWE,1992,16054.350590909,33673.4365945351
SWE,1993,15499.4159326057,32786.8795033975
SWE,1994,15666.1276556601,33861.971357929
SWE,1995,15731.0385593841,35063.9008956006
SWE,1996,15991.2759290345,35604.9683604031
SWE,1997,16471.0975216421,36675.2077147134
SWE,1998,17011.888206036,38211.1186220399
SWE,1999,17690.0260076552,39785.3801572029
SWE,2000,18619.2853088906,41561.0967168749
SWE,2001,18726.1831026339,42013.7004264801
SWE,2002,19087.8393194951,42831.0188619575
SWE,2003,19329.0380344008,43474.579217835
SWE,2004,19807.0360826303,45113.8308513761
SWE,2005,20349.7491803579,46188.8411079246
SWE,2006,20841.3567458382,48077.4408695625
SWE,2007,21512.3498931971,49261.2399453051
SWE,2008,21434.7830986804,48427.7563778
SWE,2009,21473.5677450694,45973.5537675417
SWE,2010,22178.9438735428,48204.6580784176
SWE,2011,22450.2190410055,49355.6899419737
SWE,2012,22447.7410438275,48788.8671231037
SWE,2013,22657.5304906043,48927.5973053354
SWE,2014,23079.655973323,49556.7005007699
SWE,2015,23733.2902484686,51197.9529341175
SWE,2016,23976.2075302282,51746.6969632478
SWE,2017,24271.9162497686,51985.932464245
SWE,2018,24435.3157781634,52363.3829181296
SWE,2019,24363.0691972701,53156.8613091273
SWE,2020,23421.4764766768,51715.78104096
SWE,2021,24753.8384370764,54458.3535600817
SWE,2022,25157.3900760257,54878.2919511876
SWE,2023,24401.3563158478,54449.7982042953
SWZ,1960,NA,NA
SWZ,1961,NA,NA
SWZ,1962,NA,NA
SWZ,1963,NA,NA
SWZ,1964,NA,NA
SWZ,1965,NA,NA
SWZ,1966,NA,NA
SWZ,1967,NA,NA
SWZ,1968,NA,NA
SWZ,1969,NA,NA
SWZ,1970,NA,907.193010760447
SWZ,1971,NA,1004.62605418686
SWZ,1972,NA,1030.45837643506
SWZ,1973,NA,1092.31947926656
SWZ,1974,NA,1122.37225672262
SWZ,1975,NA,1241.49542759642
SWZ,1976,NA,1178.82683816201
SWZ,1977,NA,1153.22677947946
SWZ,1978,NA,1130.66205866432
SWZ,1979,NA,1127.91494933731
SWZ,1980,NA,1226.99401501998
SWZ,1981,NA,1360.65919448942
SWZ,1982,NA,1331.61416232861
SWZ,1983,NA,1304.05429586037
SWZ,1984,NA,1340.02264437211
SWZ,1985,NA,1340.79137109949
SWZ,1986,NA,1446.77123661608
SWZ,1987,NA,1594.96994656791
SWZ,1988,NA,1623.27588765044
SWZ,1989,NA,1749.72158516625
SWZ,1990,NA,2033.43213786875
SWZ,1991,NA,1987.74992522957
SWZ,1992,NA,1975.26202755719
SWZ,1993,NA,1978.11226164136
SWZ,1994,NA,2025.82170351005
SWZ,1995,NA,2125.28547140934
SWZ,1996,NA,2163.66818696594
SWZ,1997,NA,2193.58543626071
SWZ,1998,NA,2221.9722866781
SWZ,1999,NA,2262.84213156876
SWZ,2000,NA,2279.16365357531
SWZ,2001,NA,2282.05736333109
SWZ,2002,NA,2363.17915443936
SWZ,2003,NA,2438.16987981592
SWZ,2004,NA,2511.32070846495
SWZ,2005,NA,2647.50508593652
SWZ,2006,NA,2792.13843471862
SWZ,2007,NA,2899.22020182905
SWZ,2008,NA,2903.38102850651
SWZ,2009,NA,2929.97720488048
SWZ,2010,NA,3023.35956185278
SWZ,2011,NA,3074.20267496598
SWZ,2012,NA,3222.72150185206
SWZ,2013,NA,3329.00880495832
SWZ,2014,NA,3367.36337022137
SWZ,2015,NA,3393.53367834668
SWZ,2016,NA,3492.83223049081
SWZ,2017,NA,3552.08584648306
SWZ,2018,NA,3546.53861936884
SWZ,2019,NA,3687.99051427485
SWZ,2020,NA,3542.91502785498
SWZ,2021,NA,3621.25805750801
SWZ,2022,NA,3582.22100266559
SWZ,2023,NA,3726.43642993545
SXM,1960,NA,NA
SXM,1961,NA,NA
SXM,1962,NA,NA
SXM,1963,NA,NA
SXM,1964,NA,NA
SXM,1965,NA,NA
SXM,1966,NA,NA
SXM,1967,NA,NA
SXM,1968,NA,NA
SXM,1969,NA,NA
SXM,1970,NA,NA
SXM,1971,NA,NA
SXM,1972,NA,NA
SXM,1973,NA,NA
SXM,1974,NA,NA
SXM,1975,NA,NA
SXM,1976,NA,NA
SXM,1977,NA,NA
SXM,1978,NA,NA
SXM,1979,NA,NA
SXM,1980,NA,NA
SXM,1981,NA,NA
SXM,1982,NA,NA
SXM,1983,NA,NA
SXM,1984,NA,NA
SXM,1985,NA,NA
SXM,1986,NA,NA
SXM,1987,NA,NA
SXM,1988,NA,NA
SXM,1989,NA,NA
SXM,1990,NA,NA
SXM,1991,NA,NA
SXM,1992,NA,NA
SXM,1993,NA,NA
SXM,1994,NA,NA
SXM,1995,NA,NA
SXM,1996,NA,NA
SXM,1997,NA,NA
SXM,1998,NA,NA
SXM,1999,NA,NA
SXM,2000,NA,NA
SXM,2001,NA,NA
SXM,2002,NA,NA
SXM,2003,NA,NA
SXM,2004,NA,NA
SXM,2005,NA,NA
SXM,2006,NA,NA
SXM,2007,NA,NA
SXM,2008,NA,NA
SXM,2009,NA,37548.9474627441
SXM,2010,NA,38403.0705201664
SXM,2011,NA,39615.1371367338
SXM,2012,NA,39298.9873567827
SXM,2013,NA,38889.7715088035
SXM,2014,NA,38623.1999405819
SXM,2015,NA,37839.6283815163
SXM,2016,NA,37428.7027557069
SXM,2017,NA,33945.4185182499
SXM,2018,NA,31047.7241050626
SXM,2019,NA,33877.976645467
SXM,2020,NA,28920.3773007159
SXM,2021,NA,29834.6350068383
SXM,2022,NA,32316.8721521009
SXM,2023,NA,33066.2495331081
SYC,1960,NA,3169.8719362006
SYC,1961,NA,2931.52295872465
SYC,1962,NA,3094.82323303369
SYC,1963,NA,3322.94260496593
SYC,1964,NA,3432.56045494626
SYC,1965,NA,3311.93105019453
SYC,1966,NA,3679.30050746873
SYC,1967,NA,3608.07514941437
SYC,1968,NA,3787.78708615717
SYC,1969,NA,3698.74352837889
SYC,1970,NA,3934.10745937442
SYC,1971,NA,4466.48702153242
SYC,1972,NA,4635.19530046487
SYC,1973,NA,4978.1966610497
SYC,1974,NA,4952.09433656679
SYC,1975,NA,4992.67635279626
SYC,1976,NA,5689.07506488881
SYC,1977,NA,5226.17270451846
SYC,1978,NA,6294.51380248905
SYC,1979,NA,7226.36841156741
SYC,1980,4788.81057990743,6795.44213443153
SYC,1981,4681.73182018287,6453.04441345632
SYC,1982,4761.04665724378,6282.31243363473
SYC,1983,5845.73499840131,6251.16837292603
SYC,1984,4881.57521482082,6481.83312252185
SYC,1985,5841.56957713159,7091.31069778707
SYC,1986,4306.63637539764,7100.93735358387
SYC,1987,4757.98873252969,7137.55603586632
SYC,1988,4973.96266760874,7489.74029923645
SYC,1989,4470.05751022233,8210.90696953337
SYC,1990,6634.26172366082,8779.85231337378
SYC,1991,6480.67749411928,8902.83798776266
SYC,1992,7827.19880811194,9497.7554107084
SYC,1993,8879.97984126881,9981.2446035158
SYC,1994,7386.36898146464,9481.8805265777
SYC,1995,8552.23616764248,9388.81967720743
SYC,1996,8739.74074868667,10177.0904671696
SYC,1997,9004.44554053468,11284.8459766598
SYC,1998,8846.16270379162,11339.3481297046
SYC,1999,7434.94680978272,11326.9386083063
SYC,2000,4282.48619248073,11703.7535246117
SYC,2001,4923.48378014108,11427.9413083015
SYC,2002,3865.66039587066,11218.2606464315
SYC,2003,4427.10477213884,10677.9692081272
SYC,2004,4837.66677084162,10412.0868936027
SYC,2005,5814.03680214549,11297.3118190493
SYC,2006,6835.43385017421,12105.4475265558
SYC,2007,5655.75638340162,13112.8210098816
SYC,2008,8767.53685857531,12473.2921769121
SYC,2009,8082.40898624538,12116.3783687977
SYC,2010,7936.82207506958,12313.5566919249
SYC,2011,9321.26710885456,13843.7116081878
SYC,2012,9442.94954385399,14135.0010570653
SYC,2013,7216.03569600664,14050.3135581314
SYC,2014,9232.01148662197,14395.6158118771
SYC,2015,8914.04710660393,15333.1051727105
SYC,2016,10642.2043657724,16962.6753972731
SYC,2017,11421.7493400179,17921.5731976918
SYC,2018,12457.9668582291,18628.1862276696
SYC,2019,12563.986223414,19481.6461053742
SYC,2020,12429.6963932104,17048.361729788
SYC,2021,13789.2744386084,17005.0422063679
SYC,2022,12082.5669117328,16188.7813275605
SYC,2023,12326.0027448244,16715.2650923889
SYR,1960,NA,517.131104707469
SYR,1961,NA,556.254997907388
SYR,1962,NA,672.561494844598
SYR,1963,NA,596.198375304358
SYR,1964,NA,631.862193058275
SYR,1965,NA,626.628051461563
SYR,1966,NA,560.706901573536
SYR,1967,NA,588.017555419018
SYR,1968,NA,590.710133908472
SYR,1969,NA,679.257950875701
SYR,1970,1093.19866808859,645.574906678052
SYR,1971,1169.94652494163,680.206357438042
SYR,1972,1384.52047010551,826.2108641919
SYR,1973,1082.6821063595,715.160556387001
SYR,1974,1545.86328169369,869.846666377176
SYR,1975,1589.96699636681,978.291795882869
SYR,1976,1626.72549058052,1061.23601879935
SYR,1977,1793.27821701438,1006.95039324288
SYR,1978,1876.16757348241,1069.74647788341
SYR,1979,1780.93478337065,1043.21855688668
SYR,1980,1897.7447649116,1155.12896457471
SYR,1981,1889.2095759671,1204.04899602826
SYR,1982,1695.94612368682,1197.25082120031
SYR,1983,1604.22673349163,1183.93234814362
SYR,1984,1319.41927590652,1056.12531364619
SYR,1985,1725.65465630912,1114.96333160075
SYR,1986,1544.69730133314,991.110343692121
SYR,1987,1924.2766161186,973.620239150271
SYR,1988,2181.34351122094,1110.62259949839
SYR,1989,1761.39008306592,927.806683995465
SYR,1990,1648.77142228051,931.885068358616
SYR,1991,1611.98474911847,972.285831689207
SYR,1992,1835.67068739455,1065.204692606
SYR,1993,1847.27370238222,1097.11040673676
SYR,1994,1742.90854888508,1142.06397841767
SYR,1995,1831.24229894454,1188.17539496366
SYR,1996,1890.51780149395,1270.05124654802
SYR,1997,1860.39429636164,1299.29856564941
SYR,1998,1919.65624475639,1352.12789604368
SYR,1999,1786.97196522457,1271.32227335953
SYR,2000,1694.8125570199,1248.38488334216
SYR,2001,1566.83880376588,1230.87200021533
SYR,2002,1632.13625632717,1249.00621359351
SYR,2003,1772.87239146802,1307.4814585452
SYR,2004,1915.11736338742,1363.61946683869
SYR,2005,2249.84144594808,1411.63184941498
SYR,2006,1883.55885746016,1420.72293121298
SYR,2007,2011.53472124262,1411.6899137524
SYR,2008,2224.79224898573,1423.59559425951
SYR,2009,2129.74713106659,1484.40523742854
SYR,2010,2149.14207983987,1526.36894402751
SYR,2011,2364.21241329582,1542.71957174916
SYR,2012,1865.8632094055,1142.29080150598
SYR,2013,1264.58435599373,884.329813332104
SYR,2014,1130.71217964271,847.659877206276
SYR,2015,786.838425467793,847.731631942565
SYR,2016,809.421554497205,802.969498335502
SYR,2017,519.128571878785,795.883216970859
SYR,2018,312.560420450564,792.413811698757
SYR,2019,416.395345669961,771.518695271305
SYR,2020,233.61240983883,740.811397013438
SYR,2021,283.323722995287,734.334236323426
SYR,2022,242.229822761451,712.272278200037
SYR,2023,NA,NA
TCA,1960,NA,NA
TCA,1961,NA,NA
TCA,1962,NA,NA
TCA,1963,NA,NA
TCA,1964,NA,NA
TCA,1965,NA,NA
TCA,1966,NA,NA
TCA,1967,NA,NA
TCA,1968,NA,NA
TCA,1969,NA,NA
TCA,1970,NA,NA
TCA,1971,NA,NA
TCA,1972,NA,NA
TCA,1973,NA,NA
TCA,1974,NA,NA
TCA,1975,NA,NA
TCA,1976,NA,NA
TCA,1977,NA,NA
TCA,1978,NA,NA
TCA,1979,NA,NA
TCA,1980,NA,NA
TCA,1981,NA,NA
TCA,1982,NA,NA
TCA,1983,NA,NA
TCA,1984,NA,NA
TCA,1985,NA,NA
TCA,1986,NA,NA
TCA,1987,NA,NA
TCA,1988,NA,NA
TCA,1989,NA,NA
TCA,1990,NA,NA
TCA,1991,NA,NA
TCA,1992,NA,NA
TCA,1993,NA,NA
TCA,1994,NA,NA
TCA,1995,NA,NA
TCA,1996,NA,NA
TCA,1997,NA,NA
TCA,1998,NA,NA
TCA,1999,NA,NA
TCA,2000,NA,NA
TCA,2001,NA,NA
TCA,2002,NA,NA
TCA,2003,NA,NA
TCA,2004,NA,NA
TCA,2005,NA,NA
TCA,2006,NA,NA
TCA,2007,NA,NA
TCA,2008,NA,NA
TCA,2009,NA,NA
TCA,2010,NA,NA
TCA,2011,NA,25215.8650392422
TCA,2012,NA,23975.034869719
TCA,2013,NA,23132.9846383537
TCA,2014,NA,24145.8283072302
TCA,2015,NA,25736.101625461
TCA,2016,NA,26370.3822681677
TCA,2017,NA,24681.724417852
TCA,2018,NA,25034.1163096131
TCA,2019,NA,25382.1833321986
TCA,2020,NA,18073.2852240745
TCA,2021,NA,19331.2436023591
TCA,2022,NA,20259.3160723391
TCA,2023,NA,20346.6552687741
TCD,1960,NA,556.410974884483
TCD,1961,NA,552.927968383641
TCD,1962,NA,570.888731518261
TCD,1963,NA,550.437733422396
TCD,1964,NA,525.815383558217
TCD,1965,NA,518.539510735879
TCD,1966,NA,499.301578607083
TCD,1967,NA,493.436872964327
TCD,1968,NA,481.6105174758
TCD,1969,NA,504.476373164192
TCD,1970,NA,503.283215178759
TCD,1971,NA,481.700060089825
TCD,1972,NA,476.482931287022
TCD,1973,NA,426.401364383199
TCD,1974,NA,437.413638075291
TCD,1975,NA,466.65612367778
TCD,1976,NA,471.063577003181
TCD,1977,NA,472.654630543573
TCD,1978,NA,461.935658366348
TCD,1979,NA,355.318834738027
TCD,1980,NA,333.085913914995
TCD,1981,NA,336.149836771895
TCD,1982,NA,337.866168645107
TCD,1983,NA,371.949547390403
TCD,1984,NA,374.603793045139
TCD,1985,NA,451.663504628142
TCD,1986,NA,420.456662542463
TCD,1987,NA,396.282320672438
TCD,1988,NA,442.400105015875
TCD,1989,NA,448.543347709338
TCD,1990,NA,418.073577118017
TCD,1991,NA,437.462532768457
TCD,1992,NA,452.837955096819
TCD,1993,NA,372.8025112816
TCD,1994,NA,401.253269860237
TCD,1995,NA,388.702782263829
TCD,1996,NA,380.096965706397
TCD,1997,NA,387.95941794581603
TCD,1998,NA,400.89675561707
TCD,1999,NA,384.413940597204
TCD,2000,NA,368.078261898703
TCD,2001,NA,397.356889219968
TCD,2002,NA,416.339854809106
TCD,2003,NA,458.923045624901
TCD,2004,NA,586.537221681774
TCD,2005,NA,661.008702427265
TCD,2006,NA,641.784341007243
TCD,2007,460.358398129999,640.337914179992
TCD,2008,468.272422203846,637.193939261993
TCD,2009,502.35309111778,640.760736157705
TCD,2010,516.752747406665,702.835158960433
TCD,2011,515.900572142056,679.01873437328
TCD,2012,541.629684136077,713.813698623546
TCD,2013,568.589444308127,728.044325802741
TCD,2014,586.386231914783,750.984908083218
TCD,2015,548.132963695417,747.588448455507
TCD,2016,507.29215677602,679.167834353956
TCD,2017,491.7751673822,637.440946195503
TCD,2018,483.612104966971,631.014596004206
TCD,2019,474.844290743674,630.861050028594
TCD,2020,462.042622349186,601.325555951846
TCD,2021,453.542102929532,574.17448671329
TCD,2022,449.962004642476,570.220902592433
TCD,2023,438.011417750793,567.181912180859
TEA,1960,NA,327.135944273297
TEA,1961,NA,283.757140208381
TEA,1962,NA,278.265973090493
TEA,1963,NA,288.755026873473
TEA,1964,NA,312.195955982165
TEA,1965,NA,337.51467327642
TEA,1966,NA,354.752808338824
TEA,1967,NA,340.833761648524
TEA,1968,NA,337.962161126466
TEA,1969,NA,366.40668276227
TEA,1970,NA,404.588244681118
TEA,1971,NA,420.573815840302
TEA,1972,NA,430.481985081394
TEA,1973,NA,455.372764680348
TEA,1974,NA,463.255130485397
TEA,1975,NA,485.032699425199
TEA,1976,NA,490.013335143181
TEA,1977,NA,518.284736909058
TEA,1978,NA,556.964325684984
TEA,1979,NA,586.668625522908
TEA,1980,NA,620.850229690881
TEA,1981,NA,645.331287839505
TEA,1982,NA,675.042654757402
TEA,1983,NA,714.665139386353
TEA,1984,NA,773.375557637384
TEA,1985,NA,821.030945739211
TEA,1986,NA,865.03343458707
TEA,1987,NA,928.051953877325
TEA,1988,NA,1001.07978161755
TEA,1989,NA,1040.57568156318
TEA,1990,NA,1076.61802644978
TEA,1991,NA,1145.25689946194
TEA,1992,NA,1255.18735557792
TEA,1993,NA,1377.51270514456
TEA,1994,NA,1507.31788863151
TEA,1995,707.350499541483,1634.54756505936
TEA,1996,766.350746427651,1759.99566358446
TEA,1997,797.516771328242,1865.6249872838
TEA,1998,803.96972419493,1896.86988571046
TEA,1999,853.048627997551,1996.09083004515
TEA,2000,919.643357052184,2127.29238446054
TEA,2001,965.229828238769,2254.26246671033
TEA,2002,1029.39567669898,2414.24867985638
TEA,2003,1082.10312818038,2607.99601085438
TEA,2004,1153.61294813915,2822.7248294232
TEA,2005,1246.64769127164,3079.46938892851
TEA,2006,1337.64287327759,3393.4214731323
TEA,2007,1473.25233453577,3786.91196733058
TEA,2008,1574.74866575218,4081.04535831456
TEA,2009,1683.83542137801,4373.81355926669
TEA,2010,1835.64807213609,4771.87740170415
TEA,2011,2044.32944248021,5143.65847236272
TEA,2012,2198.51139737547,5485.14226091111
TEA,2013,2351.35354254053,5834.97166627815
TEA,2014,2521.78203822768,6191.75300927299
TEA,2015,2700.23764288652,6556.49872551757
TEA,2016,2896.8311197659,6934.73128744704
TEA,2017,3122.01208607647,7343.90148194083
TEA,2018,3342.80382144456,7772.96857324201
TEA,2019,3532.54925909033,8177.30877474709
TEA,2020,3424.03351876059,8241.55852879592
TEA,2021,3757.00125546306,8840.27899192247
TEA,2022,3824.78495254097,9118.32683314072
TEA,2023,NA,9566.43000302322
TEC,1960,NA,NA
TEC,1961,NA,NA
TEC,1962,NA,NA
TEC,1963,NA,NA
TEC,1964,NA,NA
TEC,1965,NA,NA
TEC,1966,NA,NA
TEC,1967,NA,NA
TEC,1968,NA,NA
TEC,1969,NA,NA
TEC,1970,NA,NA
TEC,1971,NA,NA
TEC,1972,NA,NA
TEC,1973,NA,NA
TEC,1974,NA,NA
TEC,1975,NA,NA
TEC,1976,NA,NA
TEC,1977,NA,NA
TEC,1978,NA,NA
TEC,1979,NA,NA
TEC,1980,NA,NA
TEC,1981,NA,NA
TEC,1982,NA,NA
TEC,1983,NA,NA
TEC,1984,NA,NA
TEC,1985,NA,NA
TEC,1986,NA,NA
TEC,1987,NA,NA
TEC,1988,NA,NA
TEC,1989,NA,5447.46985483509
TEC,1990,NA,5333.63737262908
TEC,1991,NA,4994.2118271273
TEC,1992,NA,4499.62847655471
TEC,1993,NA,4277.40609481551
TEC,1994,NA,3908.54276652662
TEC,1995,NA,3900.74533805405
TEC,1996,2060.31639480791,3935.97961290303
TEC,1997,2154.11284701403,4049.52977401798
TEC,1998,2167.03998338665,4024.28651752456
TEC,1999,2159.05268709741,4123.30692663006
TEC,2000,2267.33652254878,4429.40015831104
TEC,2001,2333.53949959556,4547.57239077933
TEC,2002,2475.66723976863,4777.84263456134
TEC,2003,2639.14953178149,5072.04198299699
TEC,2004,2894.85526267403,5467.24323919498
TEC,2005,3132.15980742,5826.10439437709
TEC,2006,3388.40615595286,6277.47602262934
TEC,2007,3729.28921518196,6755.4719610591
TEC,2008,3979.87454197813,7040.76132216452
TEC,2009,3812.53719597311,6686.53674406756
TEC,2010,4013.59358287604,6972.8894318794
TEC,2011,4291.83930284086,7354.41063374526
TEC,2012,4482.06204985768,7571.75330129263
TEC,2013,4654.88213401259,7784.03505174802
TEC,2014,4723.55683235526,7924.09383545402
TEC,2015,4609.75554444351,8001.11229243002
TEC,2016,4651.80886886706,8108.17857341044
TEC,2017,4868.53239075742,8416.39670864547
TEC,2018,5042.66094575205,8692.46319101588
TEC,2019,5199.63664647147,8887.2907005873
TEC,2020,5066.10664520485,8731.99724313867
TEC,2021,5585.49794249605,9379.93552489632
TEC,2022,5925.50579900111,9590.85509732982
TEC,2023,6384.45678928374,9993.20076360895
TGO,1960,NA,449.342571123456
TGO,1961,NA,495.260470360098
TGO,1962,NA,504.980902456275
TGO,1963,NA,520.58164440682
TGO,1964,NA,582.294454390453
TGO,1965,410.095601737778,654.061732972202
TGO,1966,477.3556056941,691.451959641266
TGO,1967,517.802821658617,701.203612884496
TGO,1968,537.19470835814,706.573764739944
TGO,1969,557.845072318332,752.502896802327
TGO,1970,554.035688864547,744.017512363706
TGO,1971,309.906952944849,720.521016300951
TGO,1972,327.09411034848,753.67150790579
TGO,1973,354.601760663063,762.218127277909
TGO,1974,383.882149018115,779.009571600141
TGO,1975,284.623717826466,778.537116054192
TGO,1976,424.351265161182,744.302164516937
TGO,1977,412.276388045705,777.212650636677
TGO,1978,365.108623244356,842.402349661254
TGO,1979,391.756517789707,778.697805985064
TGO,1980,408.927479361233,867.453987999739
TGO,1981,435.627280596065,813.046118165912
TGO,1982,453.808108216817,758.250855831716
TGO,1983,410.519978264948,693.197430248275
TGO,1984,456.446412873963,707.57203386595
TGO,1985,525.172465870056,723.385264185823
TGO,1986,467.330071792528,712.728451572789
TGO,1987,432.633753895144,694.906734484293
TGO,1988,499.40023325999,719.001777895741
TGO,1989,494.466808751551,726.293484428614
TGO,1990,461.859685165015,703.623896219833
TGO,1991,481.261550668397,678.869787556389
TGO,1992,492.324250214805,633.668979961274
TGO,1993,381.23501215471,541.357021911529
TGO,1994,405.378810974717,620.182575480635
TGO,1995,426.939598499191,640.349863205312
TGO,1996,526.165046033896,671.504221462105
TGO,1997,550.856615861078,744.126581926862
TGO,1998,558.949959009707,706.68952385752
TGO,1999,552.559641712004,704.043789285316
TGO,2000,525.021760551672,679.533367700848
TGO,2001,513.502707566011,667.298281784325
TGO,2002,523.309860189569,675.440744386282
TGO,2003,538.2323811097,702.799200216835
TGO,2004,516.489730132915,678.287546160331
TGO,2005,482.260920175638,630.248628319525
TGO,2006,490.133968541586,629.079855938738
TGO,2007,507.635243392951,603.837896358253
TGO,2008,511.277685644192,610.405655722251
TGO,2009,531.164514608975,625.711836727455
TGO,2010,532.824318493012,644.563730311597
TGO,2011,550.927085668619,663.963778088896
TGO,2012,551.106731649699,687.495795744285
TGO,2013,559.142519522758,709.092304171157
TGO,2014,571.2878880726,730.291525419946
TGO,2015,586.18613604059,751.052405084336
TGO,2016,592.236801109828,763.276549113054
TGO,2017,594.380528720021,774.276909071917
TGO,2018,606.825951601668,791.59353236921
TGO,2019,625.326973967989,810.514132815471
TGO,2020,572.666398937045,806.956490395231
TGO,2021,626.184805307205,835.199051274184
TGO,2022,640.389291964658,862.763712696128
TGO,2023,652.281156673448,896.874686928368
THA,1960,477.501382156084,592.465635112506
THA,1961,477.84177102262,606.205592712551
THA,1962,499.062249861914,632.983035716153
THA,1963,509.383343593608,663.55436582592
THA,1964,522.664424161657,688.017307298417
THA,1965,540.992881949243,722.392299176819
THA,1966,560.213067674058,779.304978301365
THA,1967,600.255559603302,822.065821475732
THA,1968,642.841072277646,863.617164738641
THA,1969,657.807870346557,894.636115562961
THA,1970,665.564665730273,969.511716318085
THA,1971,659.783799169174,989.909220029885
THA,1972,683.112065917614,1005.14454673498
THA,1973,723.037322201724,1079.19199094554
THA,1974,739.042154826372,1099.02939594966
THA,1975,759.974377495888,1125.83955126106
THA,1976,800.47733501713,1202.74424654629
THA,1977,845.00710239257,1291.9197681028
THA,1978,879.104604144522,1394.18134022016
THA,1979,923.903610719424,1438.53929504306
THA,1980,954.284351598401,1482.08742004737
THA,1981,955.83664989794,1538.43127414973
THA,1982,958.430947052297,1589.42168596819
THA,1983,1011.40280352171,1645.99169094684
THA,1984,1036.42555412479,1707.9308019841
THA,1985,1032.07405629517,1754.62716249659
THA,1986,1049.8035677037,1818.90504659625
THA,1987,1121.12808855599,1957.75963674452
THA,1988,1198.64058607807,2180.41358654182
THA,1989,1311.19549162385,2406.26996824545
THA,1990,1456.01399246822,2631.51971095863
THA,1991,1510.14641819492,2810.56702001316
THA,1992,1615.61317702718,2989.85385369019
THA,1993,1724.79750861495,3186.99707103229
THA,1994,1833.41038166476,3391.48986604062
THA,1995,1957.07459583926,3614.93244016732
THA,1996,2027.38858035909,3766.86364433088
THA,1997,1972.31742600894,3614.60848543994
THA,1998,1748.17308538151,3295.36018381294
THA,1999,1796.58140828465,3403.08737356896
THA,2000,1901.38018911176,3514.71662970608
THA,2001,1993.12796271104,3599.02524877358
THA,2002,2096.86950076628,3783.75422073266
THA,2003,2230.03225657931,4018.15538187068
THA,2004,2374.31415379336,4232.77157261934
THA,2005,2452.86802219537,4372.25730206261
THA,2006,2500.72624169258,4551.5250018314
THA,2007,2510.36126682317,4760.66708464831
THA,2008,2561.7365577505698,4805.76393990836
THA,2009,2520.02068814478,4737.45679763314
THA,2010,2639.6318237561,5059.35747831657
THA,2011,2671.37876057777,5070.23740191942
THA,2012,2849.55243223438,5403.87846036273
THA,2013,2859.89308943111,5516.61164164135
THA,2014,2859.94051007964,5541.46599361845
THA,2015,2920.92486372928,5688.85335397884
THA,2016,2991.54266946198,5857.78052935926
THA,2017,3070.90244454868,6076.74307700082
THA,2018,3201.65543669443,6314.19948412043
THA,2019,3321.82389598862,6434.53770518034
THA,2020,3290.38967906256,6035.18627737077
THA,2021,3306.29045651474,6122.49238460162
THA,2022,3509.57688837084,6272.57590996341
THA,2023,3761.83458122125,6393.88744975198
TJK,1960,NA,NA
TJK,1961,NA,NA
TJK,1962,NA,NA
TJK,1963,NA,NA
TJK,1964,NA,NA
TJK,1965,NA,NA
TJK,1966,NA,NA
TJK,1967,NA,NA
TJK,1968,NA,NA
TJK,1969,NA,NA
TJK,1970,NA,NA
TJK,1971,NA,NA
TJK,1972,NA,NA
TJK,1973,NA,NA
TJK,1974,NA,NA
TJK,1975,NA,NA
TJK,1976,NA,NA
TJK,1977,NA,NA
TJK,1978,NA,NA
TJK,1979,NA,NA
TJK,1980,NA,NA
TJK,1981,NA,NA
TJK,1982,NA,NA
TJK,1983,NA,NA
TJK,1984,NA,NA
TJK,1985,NA,1417.66822234171
TJK,1986,NA,1420.20197771086
TJK,1987,NA,1355.73849750343
TJK,1988,NA,1491.07389448452
TJK,1989,NA,1353.85336651245
TJK,1990,NA,1312.94701318034
TJK,1991,NA,1188.37461269952
TJK,1992,NA,827.586884623268
TJK,1993,659.59337863779194,682.727259317268
TJK,1994,410.292656908398,528.04821736829
TJK,1995,483.740864961121,452.904385394465
TJK,1996,334.90360299125,369.934883507426
TJK,1997,441.043070421091,371.661243144454
TJK,1998,502.257562827444,389.089746664022
TJK,1999,453.605863495843,401.406381787908
TJK,2000,538.971439152824,429.537300984643
TJK,2001,553.502581094475,461.681195760256
TJK,2002,591.665385454451,501.80856647117
TJK,2003,620.406381676886,546.391479808684
TJK,2004,647.588830355264,590.957111385699
TJK,2005,673.520713549534,618.333702588577
TJK,2006,698.598117517996,649.163328755334
TJK,2007,722.340524292077,686.48090192413
TJK,2008,744.483814055397,726.185491338269
TJK,2009,764.967460390916,739.212878526331
TJK,2010,783.603201662402,770.604105393791
TJK,2011,800.367281844767,809.368229154093
TJK,2012,814.710934873903,849.519080831738
TJK,2013,827.047596356683,889.882383099979
TJK,2014,821.210486807037,925.970961482804
TJK,2015,681.654907270884,956.916310930656
TJK,2016,752.319881610413,997.352614556708
TJK,2017,768.061673488528,1042.26391757642
TJK,2018,779.831922607642,1094.8002018221
TJK,2019,799.441469795297,1148.34676712493
TJK,2020,807.220379735791,1171.90127480359
TJK,2021,825.927186461905,1254.06999592306
TJK,2022,933.489074176296,1325.75545290849
TJK,2023,NA,1407.1075436221
TKM,1960,NA,NA
TKM,1961,NA,NA
TKM,1962,NA,NA
TKM,1963,NA,NA
TKM,1964,NA,NA
TKM,1965,NA,NA
TKM,1966,NA,NA
TKM,1967,NA,NA
TKM,1968,NA,NA
TKM,1969,NA,NA
TKM,1970,NA,NA
TKM,1971,NA,NA
TKM,1972,NA,NA
TKM,1973,NA,NA
TKM,1974,NA,NA
TKM,1975,NA,NA
TKM,1976,NA,NA
TKM,1977,NA,NA
TKM,1978,NA,NA
TKM,1979,NA,NA
TKM,1980,NA,NA
TKM,1981,NA,NA
TKM,1982,NA,NA
TKM,1983,NA,NA
TKM,1984,NA,NA
TKM,1985,NA,NA
TKM,1986,NA,NA
TKM,1987,NA,2645.64151661642
TKM,1988,NA,2849.29129851136
TKM,1989,NA,2651.25204178569
TKM,1990,NA,3495.74838854006
TKM,1991,NA,3252.31233981197
TKM,1992,NA,2703.31865628693
TKM,1993,NA,2684.18035580245
TKM,1994,NA,2174.38821394629
TKM,1995,NA,1981.94402262254
TKM,1996,NA,2078.71862628194
TKM,1997,NA,1810.78048140778
TKM,1998,NA,1906.90538588317
TKM,1999,NA,2181.15938103368
TKM,2000,NA,2255.01496788934
TKM,2001,NA,2306.30057631688
TKM,2002,NA,2266.6336625636
TKM,2003,NA,2295.29620574541
TKM,2004,NA,2364.26725156856
TKM,2005,NA,2622.61796328876
TKM,2006,NA,2856.77457038028
TKM,2007,NA,3114.06330033038
TKM,2008,NA,3504.34843278483
TKM,2009,NA,3645.43522420841
TKM,2010,NA,3900.14237925855
TKM,2011,NA,4379.74943394339
TKM,2012,NA,4761.0792759807
TKM,2013,NA,5131.16736462999
TKM,2014,NA,5533.03528846527
TKM,2015,NA,5759.497903834
TKM,2016,NA,5977.83828113854
TKM,2017,NA,6222.55590558882
TKM,2018,NA,6460.94356849428
TKM,2019,NA,6718.16608056274
TKM,2020,NA,6965.11226889286
TKM,2021,NA,7248.70763225719
TKM,2022,NA,7551.03650143157
TKM,2023,NA,7880.44528570939
TLA,1960,1742.51489977061,3349.92918580362
TLA,1961,1805.72899845611,3456.29145495887
TLA,1962,1864.75839771499,3502.14997781304
TLA,1963,1877.7632932373,3470.51997495428
TLA,1964,1943.56101341067,3621.03816796643
TLA,1965,2139.34486266795,3719.97713137409
TLA,1966,2195.95882715844,3797.65272729905
TLA,1967,2281.26045298222,3856.71205169844
TLA,1968,2384.65751989949,4026.81799997822
TLA,1969,2381.8042920019,4190.45507557885
TLA,1970,2552.31596002119,4353.67699364497
TLA,1971,2686.32606904288,4539.63399577513
TLA,1972,2827.4569366781,4751.03156867747
TLA,1973,2951.87782900631,5013.79535778503
TLA,1974,3078.9829832038,5213.4152262552
TLA,1975,3014.91607147114,5276.29057654464
TLA,1976,3216.34631492785,5433.01424288981
TLA,1977,3361.90628332883,5559.92969980566
TLA,1978,3405.93618177874,5670.90790879386
TLA,1979,3587.17644544557,5954.68474328324
TLA,1980,4082.47913219508,6223.39423333382
TLA,1981,3973.48163739178,6142.97308760025
TLA,1982,3874.29158436665,5989.44527022636
TLA,1983,3671.93046144677,5715.68768303666
TLA,1984,3694.28203934081,5801.45717613854
TLA,1985,3712.75941210604,5860.16580760851
TLA,1986,3833.6381016042,5943.29686867187
TLA,1987,3719.25453113214,6020.73865599546
TLA,1988,3569.50588953216,5924.95058628046
TLA,1989,3557.03905053577,5905.86388605445
TLA,1990,3657.37126038577,5779.59329541747
TLA,1991,3752.88703344674,5859.36909773116
TLA,1992,3766.44140461957,5914.78617279697
TLA,1993,3783.23682666494,6084.20948701919
TLA,1994,3909.0088213157,6297.21359769309
TLA,1995,3957.65169180509,6233.26957684361
TLA,1996,4032.94509734019,6369.60723899333
TLA,1997,4180.97070105327,6608.7880796002
TLA,1998,4223.56380749199,6695.09398220189
TLA,1999,4185.67126022935,6621.1920560641
TLA,2000,4312.48465896634,6757.28728796869
TLA,2001,4280.07864022933,6676.66916955673
TLA,2002,4225.17497141554,6614.05975576488
TLA,2003,4251.97554538177,6692.95040092918
TLA,2004,4365.13851753196,6961.35350268297
TLA,2005,4494.06671949017,7153.15361720396
TLA,2006,4698.82920478441,7437.25941101066
TLA,2007,4878.11722252566,7742.32550989366
TLA,2008,5039.15883929308,7943.11643315681
TLA,2009,4939.11555778925,7669.35753351247
TLA,2010,5199.57971450289,8090.50190276827
TLA,2011,5431.5401390924,8367.781460192
TLA,2012,5545.21807712208,8495.49142125435
TLA,2013,5680.46069020489,8644.54894750621
TLA,2014,5718.5278037502,8673.9328460047709
TLA,2015,5707.11175324806,8617.55291183431
TLA,2016,5634.56875620211,8504.75980474677
TLA,2017,5724.17424968144,8593.04498940553
TLA,2018,5777.97672042958,8659.7383407411
TLA,2019,5795.51738435746,8646.32841564905
TLA,2020,5338.77476471104,8024.79852750121
TLA,2021,5709.70775294628,8555.35261715519
TLA,2022,5972.63120849553,8841.0983906444
TLA,2023,6086.5838110025,8969.00931487866
TLS,1960,NA,NA
TLS,1961,NA,NA
TLS,1962,NA,NA
TLS,1963,NA,NA
TLS,1964,NA,NA
TLS,1965,NA,NA
TLS,1966,NA,NA
TLS,1967,NA,NA
TLS,1968,NA,NA
TLS,1969,NA,NA
TLS,1970,NA,NA
TLS,1971,NA,NA
TLS,1972,NA,NA
TLS,1973,NA,NA
TLS,1974,NA,NA
TLS,1975,NA,NA
TLS,1976,NA,NA
TLS,1977,NA,NA
TLS,1978,NA,NA
TLS,1979,NA,NA
TLS,1980,NA,NA
TLS,1981,NA,NA
TLS,1982,NA,NA
TLS,1983,NA,NA
TLS,1984,NA,NA
TLS,1985,NA,NA
TLS,1986,NA,NA
TLS,1987,NA,NA
TLS,1988,NA,NA
TLS,1989,NA,NA
TLS,1990,NA,633.182490483019
TLS,1991,NA,684.870530173927
TLS,1992,NA,736.5916481012
TLS,1993,NA,789.90069743491
TLS,1994,NA,823.062424783438
TLS,1995,NA,854.130472722832
TLS,1996,NA,897.360531368488
TLS,1997,NA,907.916565963385
TLS,1998,NA,865.831377976116
TLS,1999,NA,631.072912537913
TLS,2000,1006.22674006061,1117.56429796112
TLS,2001,1045.9490442089,1192.78575791112
TLS,2002,950.502088677953,1028.1319342253
TLS,2003,849.510914324196,964.322564618129
TLS,2004,856.071924765785,955.470548287377
TLS,2005,825.757128128539,964.026614173558
TLS,2006,707.576074575818,897.573763670928
TLS,2007,727.951316060069,961.848462090268
TLS,2008,668.559650817935,1042.86835443002
TLS,2009,737.450172014531,1120.09698448398
TLS,2010,747.139906657571,1195.38086241831
TLS,2011,738.954957412893,1237.48383284275
TLS,2012,734.529443636677,1269.41629276068
TLS,2013,768.484659946863,1281.92864092574
TLS,2014,795.523938323097,1312.96494079465
TLS,2015,766.465886281242,1319.59297370991
TLS,2016,781.303987831088,1333.6585468432
TLS,2017,789.45185247807,1267.08660142883
TLS,2018,790.433993593528,1237.20064730412
TLS,2019,812.997390553429,1507.24748294374
TLS,2020,784.433670999116,1947.83997138866
TLS,2021,751.702574797952,2015.69270191369
TLS,2022,845.101530629763,1578.38322939547
TLS,2023,864.489353971218,1278.41861343542
TMN,1960,924.778592608883,1390.14531857911
TMN,1961,891.696496053312,1400.60877232936
TMN,1962,889.101606944873,1396.17086771399
TMN,1963,955.327520129469,1518.09267746324
TMN,1964,959.258931340964,1634.97370424561
TMN,1965,980.608410215254,1791.28745467885
TMN,1966,983.458354513401,1871.84003702668
TMN,1967,999.675646360974,1964.30262410697
TMN,1968,1001.25195928928,2162.03720541473
TMN,1969,1022.28133966127,2350.47923164531
TMN,1970,1058.56637404675,2477.8918286532
TMN,1971,1102.00781417012,2561.36398867759
TMN,1972,1146.11713478673,2823.5240469428
TMN,1973,1158.53973767654,2893.19928160501
TMN,1974,1266.32331462938,3034.81327641426
TMN,1975,1394.04644835896,3036.60917300102
TMN,1976,1437.64280575166,3426.20963891325
TMN,1977,1488.14402518244,3375.83805097134
TMN,1978,1469.10968354664,3185.17074316052
TMN,1979,1442.1002262932,3060.08469861953
TMN,1980,1457.05766511154,2821.85535590053
TMN,1981,1445.54494776744,2650.97749625221
TMN,1982,1444.59399183529,2857.2831996996
TMN,1983,1529.3243705007,2892.35260947316
TMN,1984,1543.02053204051,2785.68923438507
TMN,1985,1577.87407095033,2803.23692061283
TMN,1986,1497.11893176193,2637.13496544328
TMN,1987,1462.38166366717,2560.5919767501
TMN,1988,1463.8615188779,2507.10830126396
TMN,1989,1449.6253862548,2498.22604018539
TMN,1990,1518.36836596628,2696.86517485712
TMN,1991,1571.15797580234,2641.45291819251
TMN,1992,1629.04961995797,2693.7247006376
TMN,1993,1649.86770604864,2677.43297574165
TMN,1994,1596.63279360715,2678.37157979807
TMN,1995,1580.35832145948,2690.92521397786
TMN,1996,1633.90120530696,2802.56622550088
TMN,1997,1649.65160137467,2854.56145805858
TMN,1998,1699.48364683641,2963.60104208744
TMN,1999,1682.07837560347,3029.93552923419
TMN,2000,1726.39958180024,3153.73687075013
TMN,2001,1767.84408086422,3181.49302743576
TMN,2002,1835.83676474734,3227.36829273704
TMN,2003,1861.86045920745,3239.53993368751
TMN,2004,1925.2367284392,3416.02523810434
TMN,2005,1996.79803787561,3492.87916903373
TMN,2006,2056.87691066669,3603.40003253247
TMN,2007,2203.67664873537,3747.25110315263
TMN,2008,2236.32769023988,3813.44931108796
TMN,2009,2336.36603893148,3835.28946181367
TMN,2010,2413.7685604089,3963.87655746127
TMN,2011,2426.53780476791,3850.06848201192
TMN,2012,2490.99264662116,3911.72268550745
TMN,2013,2455.32579718015,3852.75166806165
TMN,2014,2464.03394351526,3859.59232519643
TMN,2015,2401.48020508086,3809.84668165081
TMN,2016,2437.74855739157,3945.17203810721
TMN,2017,2431.00533358609,3999.49842651849
TMN,2018,2384.93671273881,4002.5621040812
TMN,2019,2352.18580649346,3969.74916041728
TMN,2020,2302.44433647085,3784.54884071019
TMN,2021,2359.17078723551,3887.48246004103
TMN,2022,2410.46001959077,3979.58431965099
TMN,2023,2443.51901728893,4034.7889995472
TON,1960,NA,NA
TON,1961,NA,NA
TON,1962,NA,NA
TON,1963,NA,NA
TON,1964,NA,NA
TON,1965,NA,NA
TON,1966,NA,NA
TON,1967,NA,NA
TON,1968,NA,NA
TON,1969,NA,NA
TON,1970,NA,NA
TON,1971,NA,NA
TON,1972,NA,NA
TON,1973,NA,NA
TON,1974,NA,NA
TON,1975,NA,NA
TON,1976,NA,NA
TON,1977,NA,NA
TON,1978,NA,NA
TON,1979,NA,NA
TON,1980,NA,NA
TON,1981,NA,2589.00420030952
TON,1982,NA,2709.79072078338
TON,1983,NA,2763.00209177797
TON,1984,NA,2811.26339525781
TON,1985,NA,2995.82251662265
TON,1986,NA,3058.48226929304
TON,1987,NA,3138.07890043538
TON,1988,NA,3060.57545238666
TON,1989,NA,3059.09406969715
TON,1990,NA,2987.63681443977
TON,1991,NA,3173.08601429871
TON,1992,NA,3177.04233405346
TON,1993,NA,3293.1350833286
TON,1994,140.511320757286,3454.05448516602
TON,1995,142.626686723663,3667.01863231075
TON,1996,144.535640833537,3668.59579249623
TON,1997,145.634945997987,3632.11238584383
TON,1998,145.728721834465,3689.21665431157
TON,1999,146.602942736872,3749.82343836492
TON,2000,147.282120068416,3866.68567418646
TON,2001,147.277198231944,3901.18054484807
TON,2002,3510.36402748511,4050.98965519019
TON,2003,3573.82648060405,4030.19685240474
TON,2004,3472.30226098986,3928.06022630974
TON,2005,3353.0296218029,3880.07034269632
TON,2006,3475.5738669617,3775.24818175295
TON,2007,3459.53463033401,3665.89520378024
TON,2008,3557.50280872478,3833.60160897114
TON,2009,3545.49220933796,3630.76061461146
TON,2010,3340.77441293242,3653.97780899136
TON,2011,3420.88659112172,3892.76783333257
TON,2012,3381.04886927299,3932.59369314639
TON,2013,3535.61105649055,3962.1694894595
TON,2014,3620.34486224094,4058.815614369
TON,2015,3890.98517304572,4123.90323993332
TON,2016,4157.97218840088,4419.81472868939
TON,2017,4198.69836075326,4568.62468668733
TON,2018,4382.58993301421,4590.84205874676
TON,2019,4424.78682363433,4576.85081914532
TON,2020,4505.4516149578,4656.93166185355
TON,2021,5066.70685450063,4683.2992269484
TON,2022,4020.76131906482,4594.63428376463
TON,2023,NA,NA
TSA,1960,361.386118634894,334.810410744491
TSA,1961,364.997453407244,340.513627678278
TSA,1962,358.063249930481,343.67134207241
TSA,1963,363.578579732712,353.221519804983
TSA,1964,380.291231289107,371.534505557368
TSA,1965,372.158331507098,360.926097098462
TSA,1966,368.910769042693,357.20510365105
TSA,1967,375.093627839468,370.46068785649
TSA,1968,376.630928972794,378.730791749376
TSA,1969,382.21331121547,391.672537116918
TSA,1970,391.254153459901,405.316503511644
TSA,1971,384.564357465797,398.87924542587
TSA,1972,372.086272955977,383.266939724874
TSA,1973,357.838254977511,388.839103084478
TSA,1974,345.574003946654,389.02568159617
TSA,1975,349.384782723506,405.798200819032
TSA,1976,346.462018461956,406.426622909926
TSA,1977,352.900471106248,421.380545890466
TSA,1978,370.73339353861,436.729091494817
TSA,1979,357.050718995466,415.619401888347
TSA,1980,376.8239324727,432.058105931068
TSA,1981,379.285069765544,449.171044722392
TSA,1982,371.730585521944,455.612021891889
TSA,1983,388.193807057312,474.377816038669
TSA,1984,392.225424773887,482.755834661072
TSA,1985,397.298297047131,497.154579617393
TSA,1986,400.059515900665,508.971862725499
TSA,1987,403.948955276046,518.423393585475
TSA,1988,421.17138551846,548.937285782432
TSA,1989,426.731009417962,565.270670754555
TSA,1990,437.249685404708,582.355906519007
TSA,1991,432.792158616027,581.458479130577
TSA,1992,442.905473429725,601.544090475226
TSA,1993,449.401233116331,613.294292263729
TSA,1994,459.201367076838,635.496083160723
TSA,1995,476.581205233135,664.561990654957
TSA,1996,498.364132814928,694.355088218164
TSA,1997,502.931034749787,705.230170545763
TSA,1998,517.624236131036,728.573997021063
TSA,1999,538.407278111866,767.680293168748
TSA,2000,543.716637696416,783.69919762122
TSA,2001,562.101312055882,802.234398643338
TSA,2002,563.898190556713,816.501067909937
TSA,2003,582.737001987925,859.277580607701
TSA,2004,605.269076771841,907.974172228135
TSA,2005,643.952621659207,960.704818388569
TSA,2006,661.967749056849,1017.0953197937
TSA,2007,696.186805177749,1072.61331552929
TSA,2008,712.077892969809,1091.13318851456
TSA,2009,729.149015077102,1149.12438588802
TSA,2010,759.443878516836,1215.12252536694
TSA,2011,798.217862152675,1257.96036752584
TSA,2012,826.808652174075,1306.93553813478
TSA,2013,868.044365067788,1367.53135282614
TSA,2014,908.759260268418,1442.54118457389
TSA,2015,959.947689268691,1528.46685971348
TSA,2016,1019.14503957549,1627.79454176901
TSA,2017,1068.32496654425,1713.25184599246
TSA,2018,1132.23089176962,1800.77676486336
TSA,2019,1177.54662279668,1850.24148817214
TSA,2020,1115.74729056668,1745.81850493103
TSA,2021,1223.11843177854,1879.85017183937
TSA,2022,1292.71526086673,1979.885514151
TSA,2023,1324.40872296694,2093.23865040025
TSS,1960,NA,1141.98543284081
TSS,1961,NA,1127.16476242095
TSS,1962,NA,1165.98340419189
TSS,1963,NA,1208.75916177688
TSS,1964,NA,1237.7051324041
TSS,1965,NA,1263.13014624539
TSS,1966,NA,1256.01964712031
TSS,1967,NA,1214.42742729889
TSS,1968,NA,1219.80463619288
TSS,1969,NA,1294.94759067389
TSS,1970,NA,1359.66320856508
TSS,1971,NA,1426.19931173263
TSS,1972,NA,1429.45337621845
TSS,1973,NA,1450.85261778771
TSS,1974,NA,1517.2887071507
TSS,1975,NA,1471.16854192591
TSS,1976,NA,1504.30968158003
TSS,1977,NA,1503.45127367497
TSS,1978,NA,1458.00273047595
TSS,1979,NA,1470.86852109535
TSS,1980,NA,1482.11487358108
TSS,1981,NA,1426.70173420301
TSS,1982,NA,1366.85210718027
TSS,1983,NA,1292.74558899058
TSS,1984,NA,1284.41328055933
TSS,1985,NA,1272.46024456452
TSS,1986,NA,1259.77791281703
TSS,1987,NA,1260.01942082963
TSS,1988,NA,1278.88160845622
TSS,1989,NA,1272.22627134618
TSS,1990,NA,1266.42346059251
TSS,1991,820.630408889992,1236.92616550154
TSS,1992,792.265061931497,1198.78585081398
TSS,1993,792.876593986327,1155.93918675425
TSS,1994,790.420307840679,1136.79228081257
TSS,1995,814.820520287159,1143.61607992958
TSS,1996,826.908097842426,1170.47387628646
TSS,1997,832.42478049366,1186.54000070211
TSS,1998,842.058290001502,1184.26434110701
TSS,1999,848.463212874134,1178.41228805104
TSS,2000,844.566302879198,1187.42621852881
TSS,2001,856.289832994094,1204.44424792601
TSS,2002,856.80347527102,1246.97673494172
TSS,2003,871.659013063838,1262.99633770536
TSS,2004,897.730815253075,1310.28395192189
TSS,2005,924.956817305157,1351.66736813388
TSS,2006,969.847228086899,1394.83251778616
TSS,2007,994.835865875775,1440.72909584634
TSS,2008,997.086012068938,1474.15437991129
TSS,2009,990.757765225209,1479.59530198451
TSS,2010,1020.06673612448,1525.68233487426
TSS,2011,1017.30614097269,1549.96663373296
TSS,2012,1037.83113320414,1557.58561804325
TSS,2013,1062.38822848178,1593.7723167547
TSS,2014,1071.7000811223,1626.71744583689
TSS,2015,1096.18245004914,1628.91285742916
TSS,2016,1095.03110852693,1606.15677780321
TSS,2017,1098.99514174105,1603.55090891219
TSS,2018,1103.35654499248,1604.48661279378
TSS,2019,1111.42087720171,1604.91206663812
TSS,2020,1060.62605475583,1532.69557630294
TSS,2021,1087.01147879041,1559.00419921084
TSS,2022,1097.86909133006,1576.4084659512
TSS,2023,1097.36652565749,1581.05682915199
TTO,1960,NA,4291.33151924754
TTO,1961,NA,4790.51579523462
TTO,1962,NA,4826.55324892306
TTO,1963,NA,5002.6577659465
TTO,1964,NA,5289.08455611401
TTO,1965,NA,5237.08723837566
TTO,1966,NA,5365.67684824911
TTO,1967,NA,5398.09614270664
TTO,1968,NA,5605.83272123412
TTO,1969,NA,5690.20549050177
TTO,1970,NA,5827.31147025161
TTO,1971,NA,5822.66529120637
TTO,1972,NA,6084.3722447604
TTO,1973,NA,6107.34799949789
TTO,1974,NA,6261.2491709821
TTO,1975,NA,6277.14249686274
TTO,1976,NA,6598.76235282274
TTO,1977,NA,7112.35604683433
TTO,1978,NA,7725.81816276785
TTO,1979,NA,7900.86193877609
TTO,1980,NA,8612.15578354562
TTO,1981,NA,8900.12918941624
TTO,1982,NA,9135.30195561534
TTO,1983,NA,8105.31993450338
TTO,1984,NA,7558.10856116382
TTO,1985,NA,7158.9818195523
TTO,1986,NA,6833.5365881953
TTO,1987,NA,6445.51757775836
TTO,1988,NA,6128.90683648475
TTO,1989,NA,6021.59411328172
TTO,1990,NA,6060.68867588952
TTO,1991,NA,6199.99274007375
TTO,1992,NA,6774.74903683363
TTO,1993,NA,6683.21232126499
TTO,1994,NA,6879.30612193249
TTO,1995,NA,7103.75296238966
TTO,1996,NA,7576.87784770112
TTO,1997,NA,8116.255226338
TTO,1998,NA,8746.26879621874
TTO,1999,NA,9415.92386592851
TTO,2000,NA,10027.1128846253
TTO,2001,NA,10399.4482776793
TTO,2002,NA,11170.5188749668
TTO,2003,NA,12719.6915336038
TTO,2004,NA,13662.8295086723
TTO,2005,NA,15081.5729909563
TTO,2006,NA,17028.1736253313
TTO,2007,NA,17765.9500776632
TTO,2008,NA,18292.7390900279
TTO,2009,NA,17469.0934975054
TTO,2010,NA,17945.4187450448
TTO,2011,NA,17753.7548307468
TTO,2012,NA,18973.3363141699
TTO,2013,NA,19564.8491613038
TTO,2014,NA,20246.5238461771
TTO,2015,NA,20024.754663902
TTO,2016,NA,18459.6367502723
TTO,2017,NA,17537.9540218964
TTO,2018,NA,17399.4608022944
TTO,2019,NA,17400.9710162015
TTO,2020,NA,15789.6138011089
TTO,2021,NA,15616.2902959174
TTO,2022,NA,15868.1008675736
TTO,2023,NA,16061.9004827224
TUN,1960,NA,NA
TUN,1961,NA,1422.01911791993
TUN,1962,NA,1340.3332507983
TUN,1963,NA,1180.78841140727
TUN,1964,NA,1109.84740732615
TUN,1965,424.701325751119,1064.734577967
TUN,1966,412.835092534681,1079.99692830946
TUN,1967,397.336207589314,1057.05200824443
TUN,1968,394.14208145935,1138.64491078789
TUN,1969,423.470492155478,1162.96415201392
TUN,1970,475.862153102139,1187.21474553589
TUN,1971,494.682054285769,1280.09146794825
TUN,1972,550.270850615896,1469.53829675624
TUN,1973,614.722990911685,1422.82584451781
TUN,1974,620.387926429236,1497.83527716021
TUN,1975,699.781764908545,1562.53068820471
TUN,1976,707.275783507708,1641.27430527916
TUN,1977,753.055134199764,1653.43901793638
TUN,1978,776.306513784509,1717.12278120807
TUN,1979,805.161959992871,1788.22383921429
TUN,1980,887.592678474644,1877.33704672611
TUN,1981,929.354095979961,1936.27745370962
TUN,1982,931.609758292469,1884.78471774582
TUN,1983,951.451320508183,1932.42642326986
TUN,1984,982.913964057035,1996.46587010646
TUN,1985,978.162399628263,2055.19411663607
TUN,1986,969.991249426158,1974.71524315474
TUN,1987,960.511525509514,2055.74166466697
TUN,1988,953.340967971833,2009.64036881522
TUN,1989,918.375458833473,2000.28930212012
TUN,1990,980.06330225759,2114.47309080904
TUN,1991,971.797368338643,2151.21130992292
TUN,1992,1016.75198637442,2270.86744293948
TUN,1993,1029.50637355306,2274.64477979221
TUN,1994,1042.25928691584,2305.16426828743
TUN,1995,1056.96920716127,2322.59508752734
TUN,1996,1087.48014075962,2452.91248308547
TUN,1997,1121.13982538043,2551.55386456589
TUN,1998,1164.02555116241,2639.87840884849
TUN,1999,1216.88227689228,2766.57366349293
TUN,2000,1255.41497904051,2864.55075602101
TUN,2001,1376.4163815829,2941.74275551058
TUN,2002,1410.08027736765,2950.20794016332
TUN,2003,1460.21685625689,3058.23292911168
TUN,2004,1521.54755373061,3218.72738670507
TUN,2005,1580.88108597885,3301.94245942789
TUN,2006,1636.91255044077,3444.55582504699
TUN,2007,1711.18386959861,3642.12450341045
TUN,2008,1776.19178194369,3760.12316696001
TUN,2009,1821.05781611518,3835.25509911786
TUN,2010,2502.54725300625,3906.91133143991
TUN,2011,2577.4565043933,3784.74620448381
TUN,2012,2660.66373068501,3900.05126518371
TUN,2013,2708.09184654705,3947.59276091668
TUN,2014,2785.8570532871,4021.60476871861
TUN,2015,2842.75478675616,4014.94773686432
TUN,2016,2893.47697808074,4015.29664102169
TUN,2017,2913.14685348459,4062.22677519573
TUN,2018,2892.9012160026,4128.10393763368
TUN,2019,2932.53406787925,4154.95861594283
TUN,2020,2847.7117568822,3749.26722435797
TUN,2021,2896.64216916125,3902.54258302726
TUN,2022,2942.33156286755,3983.49130488497
TUN,2023,2905.26631406041,3958.56222854122
TUR,1960,NA,2433.64795766479
TUR,1961,NA,2395.05066814989
TUR,1962,NA,2461.13508397299
TUR,1963,NA,2613.44761423936
TUR,1964,NA,2684.79795187659
TUR,1965,NA,2692.14218409619
TUR,1966,NA,2918.88528464921
TUR,1967,NA,2978.66706448119
TUR,1968,NA,3101.20900932124
TUR,1969,NA,3149.65940426992
TUR,1970,NA,3176.00880883904
TUR,1971,NA,3274.15428162962
TUR,1972,NA,3433.85188995088
TUR,1973,NA,3464.79537209951
TUR,1974,NA,3578.49959691341
TUR,1975,NA,3756.48135434753
TUR,1976,NA,4065.58728135886
TUR,1977,NA,4118.25240481207
TUR,1978,NA,4096.63005790493
TUR,1979,NA,3991.93559037465
TUR,1980,NA,3817.19377054419
TUR,1981,NA,3923.74378235456
TUR,1982,NA,3977.6077588603
TUR,1983,NA,4078.35503979309
TUR,1984,NA,4253.1857646653
TUR,1985,NA,4336.22005151852
TUR,1986,NA,4542.53345551319
TUR,1987,3177.84055664918,4873.09953000526
TUR,1988,3152.82948354079,4887.59929309889
TUR,1989,3059.72772955004,4806.64171466079
TUR,1990,3396.56602626977,5154.62432505626
TUR,1991,3401.42233742779,5101.20725011469
TUR,1992,3454.58624398872,5267.51548598504
TUR,1993,3682.08212420713,5573.56502081975
TUR,1994,3426.40680037026,5221.80789335628
TUR,1995,3560.50894601859,5541.74699484825
TUR,1996,3804.89808365771,5861.70189076597
TUR,1997,4064.87775692804,6215.40337957423
TUR,1998,4050.84984003419,6276.80835064274
TUR,1999,3981.93779087358,5991.37218649156
TUR,2000,4109.54014992606,6325.0960882995
TUR,2001,3786.88700840292,5887.68576603671
TUR,2002,3890.04596408049,6192.18555011794
TUR,2003,4157.75835015879,6473.46273839035
TUR,2004,4504.733640879,7028.75556387992
TUR,2005,4738.2252285337,7579.37203227654
TUR,2006,4861.84212453383,8023.15099265417
TUR,2007,5110.12403145856,8414.25350387565
TUR,2008,5060.07580642673,8376.14924620652
TUR,2009,4808.2255605518,7862.87076474477
TUR,2010,5247.65823298064,8396.92342026278
TUR,2011,5802.77267342967,9201.33726059829
TUR,2012,5908.95041457774,9519.81508910914
TUR,2013,6273.16604848428,10195.8475785153
TUR,2014,6382.77745390593,10556.1170411504
TUR,2015,6632.38544470421,11049.9951100942
TUR,2016,6791.40436253227,11264.6145749335
TUR,2017,7101.17572262507,11953.6664174026
TUR,2018,7052.15335415453,12148.2931275476
TUR,2019,7056.57766788699,12073.8690708145
TUR,2020,7213.88677560565,12179.6626536773
TUR,2021,8247.86739463139,13449.9291299333
TUR,2022,9710.55994239905,14055.1031460453
TUR,2023,10988.9523340716,14713.5670729157
TUV,1960,NA,NA
TUV,1961,NA,NA
TUV,1962,NA,NA
TUV,1963,NA,NA
TUV,1964,NA,NA
TUV,1965,NA,NA
TUV,1966,NA,NA
TUV,1967,NA,NA
TUV,1968,NA,NA
TUV,1969,NA,NA
TUV,1970,NA,2435.17474701489
TUV,1971,NA,2387.33440865195
TUV,1972,NA,2337.90270361547
TUV,1973,NA,2297.20893293803
TUV,1974,NA,2203.95816697513
TUV,1975,NA,2066.06812776167
TUV,1976,NA,1956.79791178129
TUV,1977,NA,1804.13909241825
TUV,1978,NA,1702.08841977479
TUV,1979,NA,1641.76535990535
TUV,1980,NA,1590.96075030684
TUV,1981,NA,1597.62775483214
TUV,1982,NA,1317.70001104881
TUV,1983,NA,1412.9006993372
TUV,1984,NA,1496.60501526062
TUV,1985,NA,1442.84746867701
TUV,1986,NA,1731.913772882
TUV,1987,NA,1908.42569769573
TUV,1988,NA,2237.59193215442
TUV,1989,NA,2157.53418798733
TUV,1990,NA,2450.79726036268
TUV,1991,NA,2502.27716517093
TUV,1992,NA,2540.7562718213
TUV,1993,NA,2619.69518382039
TUV,1994,NA,2863.67111176146
TUV,1995,NA,2698.96068050891
TUV,1996,NA,2521.22126914168
TUV,1997,NA,2756.31403388992
TUV,1998,NA,3166.39547155271
TUV,1999,NA,3102.1067626385
TUV,2000,NA,3056.55101983122
TUV,2001,NA,3043.15907920605
TUV,2002,NA,3320.16858154912
TUV,2003,NA,3152.22822039796
TUV,2004,NA,3042.6128529965
TUV,2005,NA,2864.90524160208
TUV,2006,NA,2900.92710155819
TUV,2007,NA,3069.67368184077
TUV,2008,NA,3230.22109521715
TUV,2009,NA,2987.80397939993
TUV,2010,NA,2879.29645720352
TUV,2011,NA,3028.2511217061
TUV,2012,NA,2922.07629963849
TUV,2013,NA,3030.55285189857
TUV,2014,NA,3035.24325598472
TUV,2015,NA,3357.83417700071
TUV,2016,NA,3558.61212970652
TUV,2017,NA,3666.20189700038
TUV,2018,NA,3757.85997284742
TUV,2019,NA,4345.99606453315
TUV,2020,NA,4233.0183205634
TUV,2021,NA,4396.04894488478
TUV,2022,NA,4515.29701517492
TUV,2023,NA,4773.34085526672
TZA,1960,NA,834.492431640625
TZA,1961,NA,820.259765625
TZA,1962,NA,869.289978027344
TZA,1963,NA,897.041076660156
TZA,1964,NA,918.554931640625
TZA,1965,NA,929.989868164063
TZA,1966,NA,1006.95916748047
TZA,1967,NA,1030.11999511719
TZA,1968,NA,1059.94592285156
TZA,1969,NA,1058.02795410156
TZA,1970,NA,547.600341796875
TZA,1971,NA,549.467468261719
TZA,1972,NA,567.920104980469
TZA,1973,NA,581.759033203125
TZA,1974,NA,572.999633789063
TZA,1975,NA,574.565002441406
TZA,1976,NA,572.357055664063
TZA,1977,NA,552.289428710938
TZA,1978,NA,544.240051269531
TZA,1979,NA,539.403015136719
TZA,1980,NA,536.933166503906
TZA,1981,NA,515.711853027344
TZA,1982,NA,498.374603271484
TZA,1983,NA,480.399017333984
TZA,1984,NA,486.725524902344
TZA,1985,NA,476.979888916016
TZA,1986,NA,486.831359863281
TZA,1987,NA,493.825897216797
TZA,1988,NA,513.868591308594
TZA,1989,NA,519.22265625
TZA,1990,360.264251708984,541.544799804688
TZA,1991,358.183471679688,538.966979980469
TZA,1992,349.900421142578,528.781555175781
TZA,1993,345.269744873047,518.66259765625
TZA,1994,337.620178222656,506.972503662109
TZA,1995,341.200897216797,508.840423583984
TZA,1996,358.991973876953,522.333251953125
TZA,1997,382.446228027344,529.954223632813
TZA,1998,425.505676269531,535.363159179688
TZA,1999,434.419769287109,546.605529785156
TZA,2000,427.395202636719,555.348083496094
TZA,2001,428.189697265625,573.400146484375
TZA,2002,441.505187988281,598.421569824219
TZA,2003,438.340911865234,621.720703125
TZA,2004,452.393127441406,650.516540527344
TZA,2005,477.659973144531,680.051208496094
TZA,2006,508.136077880859,704.502746582031
TZA,2007,521.33642578125,731.52001953125
TZA,2008,507.612426757813,752.540466308594
TZA,2009,498.807342529297,772.929565429688
TZA,2010,551.896240234375,801.29931640625
TZA,2011,596.599853515625,838.999267578125
TZA,2012,563.029113769531,851.910705566406
TZA,2013,570.633361816406,882.8115234375
TZA,2014,583.016662597656,913.811218261719
TZA,2015,599.744262695313,939.127319335938
TZA,2016,586.23583984375,970.156127929688
TZA,2017,590.800842285156,1001.88745117188
TZA,2018,608.060424804688,1024.01525878906
TZA,2019,608.801574707031,1051.7666015625
TZA,2020,596.542663574219,1041.25964355469
TZA,2021,592.319580078125,1054.31726074219
TZA,2022,601.654541015625,1070.58532714844
TZA,2023,597.401428222656,1092.86413574219
UGA,1960,NA,NA
UGA,1961,NA,NA
UGA,1962,NA,NA
UGA,1963,NA,NA
UGA,1964,NA,NA
UGA,1965,NA,NA
UGA,1966,NA,NA
UGA,1967,NA,NA
UGA,1968,NA,NA
UGA,1969,NA,NA
UGA,1970,NA,NA
UGA,1971,NA,NA
UGA,1972,NA,NA
UGA,1973,NA,NA
UGA,1974,NA,NA
UGA,1975,NA,NA
UGA,1976,NA,NA
UGA,1977,NA,NA
UGA,1978,NA,NA
UGA,1979,NA,NA
UGA,1980,NA,NA
UGA,1981,NA,NA
UGA,1982,313.541588876086,359.206285547545
UGA,1983,330.892468092517,370.539961015941
UGA,1984,312.578423308976,359.510382451245
UGA,1985,293.748152868153,337.997945432752
UGA,1986,286.714034921703,329.57852173859
UGA,1987,285.373873244712,332.185941474188
UGA,1988,300.036929941608,348.37383295348
UGA,1989,309.953583014886,358.769886121704
UGA,1990,316.394352706828,369.839286985576
UGA,1991,320.934908375218,377.780503685951
UGA,1992,318.325702513199,377.609612721367
UGA,1993,329.33133599459,395.163949168597
UGA,1994,334.51920293113,406.592301920177
UGA,1995,375.304585751617,441.226201168263
UGA,1996,390.858935621223,468.427898950193
UGA,1997,389.674424232372,478.250663988847
UGA,1998,404.387920800468,487.008977266219
UGA,1999,422.057333061041,509.455395054388
UGA,2000,417.079160717098,509.19755319016
UGA,2001,413.777084961217,519.456547890884
UGA,2002,434.303386950453,547.405338919875
UGA,2003,435.971899372214,564.720539196569
UGA,2004,433.457702756038,585.339489080616
UGA,2005,443.972411695647,604.404813057618
UGA,2006,484.4402866666,650.270540867444
UGA,2007,514.700200922912,684.542241787248
UGA,2008,505.429669081941,722.565167003452
UGA,2009,582.763411319457,749.342865535423
UGA,2010,588.7248155453,768.624091660131
UGA,2011,605.866713369235,816.516366587228
UGA,2012,635.801348623805,823.580468285493
UGA,2013,618.564320135655,828.988669729986
UGA,2014,615.660452046182,845.978664791099
UGA,2015,662.309080385934,862.934610355811
UGA,2016,649.18794428743,874.648370639216
UGA,2017,626.669041837749,871.093880017151
UGA,2018,660.946718983764,895.07512785438
UGA,2019,682.864849687286,920.939101515671
UGA,2020,674.255410481001,917.0350317644
UGA,2021,691.824196740877,919.401675217265
UGA,2022,699.743492498415,933.094056370423
UGA,2023,705.682302947548,955.745797275462
UKR,1960,NA,NA
UKR,1961,NA,NA
UKR,1962,NA,NA
UKR,1963,NA,NA
UKR,1964,NA,NA
UKR,1965,NA,NA
UKR,1966,NA,NA
UKR,1967,NA,NA
UKR,1968,NA,NA
UKR,1969,NA,NA
UKR,1970,NA,NA
UKR,1971,NA,NA
UKR,1972,NA,NA
UKR,1973,NA,NA
UKR,1974,NA,NA
UKR,1975,NA,NA
UKR,1976,NA,NA
UKR,1977,NA,NA
UKR,1978,NA,NA
UKR,1979,NA,NA
UKR,1980,NA,NA
UKR,1981,NA,NA
UKR,1982,NA,NA
UKR,1983,NA,NA
UKR,1984,NA,NA
UKR,1985,NA,NA
UKR,1986,NA,NA
UKR,1987,NA,3141.6796875
UKR,1988,NA,3209.2822265625
UKR,1989,NA,3321.19091796875
UKR,1990,1065.46691894531,3102.310546875
UKR,1991,963.416320800781,2826.06469726563
UKR,1992,871.659729003906,2538.85278320313
UKR,1993,645.040893554688,2177.23486328125
UKR,1994,590.972412109375,1687.48449707031
UKR,1995,585.533264160156,1493.38208007813
UKR,1996,535.749877929688,1355.57336425781
UKR,1997,538.963317871094,1326.27795410156
UKR,1998,552.420837402344,1311.59362792969
UKR,1999,545.451721191406,1319.533203125
UKR,2000,563.217529296875,1409.22265625
UKR,2001,618.034851074219,1547.2783203125
UKR,2002,671.462585449219,1644.28125
UKR,2003,747.267028808594,1814.25854492188
UKR,2004,839.952758789063,2042.44494628906
UKR,2005,1012.54504394531,2122.6015625
UKR,2006,1176.08654785156,2298.13232421875
UKR,2007,1382.01147460938,2498.35205078125
UKR,2008,1558.70959472656,2567.69409179688
UKR,2009,1320.77209472656,2188.17016601563
UKR,2010,1417.55456542969,2285.93383789063
UKR,2011,1642.841796875,2418.12084960938
UKR,2012,1779.98413085938,2426.92944335938
UKR,2013,1899.50732421875,2432.41625976563
UKR,2014,1754.9794921875,2308.6435546875
UKR,2015,1419.08544921875,2094.47387695313
UKR,2016,1464.23864746094,2156.0830078125
UKR,2017,1608.62414550781,2217.7529296875
UKR,2018,1768.91125488281,2308.6669921875
UKR,2019,1975.17150878906,2398.07836914063
UKR,2020,2021.94213867188,2324.107421875
UKR,2021,2178.76049804688,2426.6123046875
UKR,2022,1712.88330078125,1874.66296386719
UKR,2023,1988.19152832031,2159.94653320313
URY,1960,NA,6634.19064094179
URY,1961,NA,6714.42564871062
URY,1962,NA,6529.05672885775
URY,1963,NA,6464.23937649481
URY,1964,NA,6548.58687153197
URY,1965,NA,6547.98299761764
URY,1966,NA,6682.54699505643
URY,1967,NA,6380.1382925838
URY,1968,NA,6447.95879059088
URY,1969,NA,6778.45463653142
URY,1970,NA,6894.77166584278
URY,1971,NA,6839.05314002361
URY,1972,NA,6712.49475408714
URY,1973,NA,6694.22057407495
URY,1974,NA,6847.46769966687
URY,1975,NA,7218.47356615208
URY,1976,NA,7453.06660958971
URY,1977,NA,7514.58267665845
URY,1978,NA,7874.42397763508
URY,1979,NA,8322.21087541239
URY,1980,NA,8772.55429720278
URY,1981,NA,8875.41372143275
URY,1982,NA,7976.3987522595
URY,1983,NA,7125.0572968269
URY,1984,NA,7011.48236418771
URY,1985,NA,7080.00108604848
URY,1986,NA,7663.58167679033
URY,1987,NA,8229.87299178332
URY,1988,NA,8302.57484462415
URY,1989,NA,8344.46966462033
URY,1990,NA,8320.3559048693
URY,1991,NA,8565.26927800028
URY,1992,NA,9193.55122074713
URY,1993,NA,9388.10939080161
URY,1994,NA,10019.3479243955
URY,1995,NA,9822.89680356996
URY,1996,NA,10316.2027570949
URY,1997,NA,11138.8676127212
URY,1998,NA,11584.9491858277
URY,1999,NA,11357.0866859804
URY,2000,NA,11096.3309569487
URY,2001,NA,10643.5574019273
URY,2002,NA,9806.7713064359
URY,2003,NA,9878.75684344081
URY,2004,NA,10366.9067382871
URY,2005,NA,11131.3984890038
URY,2006,NA,11574.470540231
URY,2007,NA,12310.482735502
URY,2008,NA,13165.83628166
URY,2009,NA,13691.71420689
URY,2010,NA,14722.3780081191
URY,2011,NA,15443.9961926395
URY,2012,NA,15949.3176985435
URY,2013,NA,16639.4054750651
URY,2014,NA,17122.0364563225
URY,2015,11445.4692223159,17125.9016800298
URY,2016,NA,17357.2349882717
URY,2017,NA,17611.6036681064
URY,2018,NA,17608.9441264801
URY,2019,NA,17758.4384253485
URY,2020,NA,16439.3140406635
URY,2021,NA,17365.2637779599
URY,2022,NA,18213.6956137768
URY,2023,NA,18295.9066764742
USA,1960,NA,18991.5446025928
USA,1961,NA,19108.9353645939
USA,1962,NA,19965.1435753955
USA,1963,NA,20545.7842453942
USA,1964,NA,21437.5840704395
USA,1965,NA,22526.2055148551
USA,1966,NA,23714.9390278431
USA,1967,NA,24044.565127902
USA,1968,NA,24948.3568987924
USA,1969,NA,25471.6161786519
USA,1970,15525.7844546749,25231.1271579892
USA,1971,15916.1874256601,25734.4828350051
USA,1972,16711.1674591226,26798.5336071197
USA,1973,17371.5692160314,28042.5519161527
USA,1974,17069.3783235291,27637.2997746126
USA,1975,17285.1481342575,27309.8688169354
USA,1976,18075.9370926686,28509.1430550141
USA,1977,18651.366356549,29528.9663683544
USA,1978,19262.4486420918,30834.9992317542
USA,1979,19503.8822065717,31462.1003887938
USA,1980,19257.3114490043,31081.6216349433
USA,1981,19333.6547288051,31559.1293394228
USA,1982,19430.5450177844,30696.0834354928
USA,1983,20343.6531575075,31810.921609807
USA,1984,21229.2802289833,33818.8235513622
USA,1985,22131.4411198534,34918.1302012407
USA,1986,22833.0602457805,35794.8877746915
USA,1987,23396.5434666865,36701.9453875331
USA,1988,24153.4799733332,37889.3773471466
USA,1989,24624.0456731451,38911.5418950729
USA,1990,24837.8214627659,39200.0658112434
USA,1991,24552.3728343235,38637.8398140572
USA,1992,25105.3079208152,39447.9472855283
USA,1993,25639.5479937981,40002.4762252856
USA,1994,26308.3002249873,41106.9881843679
USA,1995,26763.9247327981,41710.8207249566
USA,1996,27372.2990638247,42783.8165697825
USA,1997,28063.0929042717,44151.6860414367
USA,1998,29211.0334488534,45596.4306843475
USA,1999,30431.4377006881,47234.2455275229
USA,2000,31610.5112101555,48616.25462578
USA,2001,32074.2798246216,48597.4246142005
USA,2002,32586.1693798151,48967.3661201159
USA,2003,33329.5681714433,49905.5233074236
USA,2004,34267.4797298237,51348.3473376223
USA,2005,35155.4950217872,52649.5713054684
USA,2006,35826.9426193812,53596.3152372
USA,2007,36350.5022306669,54152.8292651299
USA,2008,36062.3191549943,53703.9628961266
USA,2009,35280.8771116436,51863.6183411923
USA,2010,35656.2589594667,52821.4047643404
USA,2011,36000.3691755405,53259.2552138539
USA,2012,36225.8876931484,54080.2286497215
USA,2013,36603.1810794425,54844.2425797154
USA,2014,37364.1408579449,55817.5632471958
USA,2015,38340.950835557,57040.2082136605
USA,2016,38998.4027966942,57658.6708825722
USA,2017,39774.8074929471,58703.1440780161
USA,2018,40650.4809768178,60127.2102762459
USA,2019,41334.6965309443,61400.5481543687
USA,2020,39898.8789423398,59493.1459820135
USA,2021,43330.5217252634,62996.2893837444
USA,2022,44482.3327740662,64342.1179383761
USA,2023,45384.0161699772,65875.177881434
UZB,1960,NA,NA
UZB,1961,NA,NA
UZB,1962,NA,NA
UZB,1963,NA,NA
UZB,1964,NA,NA
UZB,1965,NA,NA
UZB,1966,NA,NA
UZB,1967,NA,NA
UZB,1968,NA,NA
UZB,1969,NA,NA
UZB,1970,NA,NA
UZB,1971,NA,NA
UZB,1972,NA,NA
UZB,1973,NA,NA
UZB,1974,NA,NA
UZB,1975,NA,NA
UZB,1976,NA,NA
UZB,1977,NA,NA
UZB,1978,NA,NA
UZB,1979,NA,NA
UZB,1980,NA,NA
UZB,1981,NA,NA
UZB,1982,NA,NA
UZB,1983,NA,NA
UZB,1984,NA,NA
UZB,1985,NA,NA
UZB,1986,NA,NA
UZB,1987,NA,1483.85177843185
UZB,1988,NA,1575.30319486635
UZB,1989,NA,1582.00842582912
UZB,1990,NA,1569.0107998014
UZB,1991,NA,1524.20427668934
UZB,1992,NA,1320.59769274598
UZB,1993,NA,1260.71649658634
UZB,1994,NA,1169.86899033163
UZB,1995,NA,1136.35843596834
UZB,1996,NA,1134.17871135087
UZB,1997,NA,1172.71784381554
UZB,1998,NA,1204.09081234601
UZB,1999,NA,1238.36591553092
UZB,2000,NA,1269.72137546203
UZB,2001,NA,1306.60633175098
UZB,2002,NA,1341.95995981655
UZB,2003,NA,1381.82572808803
UZB,2004,NA,1466.61348891112
UZB,2005,NA,1549.04577531624
UZB,2006,NA,1643.1464561958
UZB,2007,NA,1773.75803693225
UZB,2008,NA,1904.45855506688
UZB,2009,NA,2025.04298646073
UZB,2010,1195.20500922373,2144.64000565433
UZB,2011,1333.73810717718,2271.00936222974
UZB,2012,1446.83330520269,2395.84036755713
UZB,2013,1548.58220236147,2530.68447898548
UZB,2014,1656.07898097936,2659.99075095143
UZB,2015,1819.35614622981,2803.19018021751
UZB,2016,1935.83959129865,2918.67725852871
UZB,2017,1982.52397246393,2995.76761437609
UZB,2018,2067.21679570785,3108.16187861097
UZB,2019,2150.97511911541,3259.36964632427
UZB,2020,2061.51168260203,3249.05191093933
UZB,2021,2257.34732084395,3442.72484450189
UZB,2022,2459.78753286335,3576.71552716
UZB,2023,2559.4161030553,3725.67414578523
VCT,1960,NA,1886.32867615812
VCT,1961,NA,1937.69876264836
VCT,1962,NA,1977.81973044764
VCT,1963,NA,1826.94948823929
VCT,1964,NA,1868.12096538773
VCT,1965,NA,1860.23610428068
VCT,1966,NA,1837.50150191119
VCT,1967,NA,1643.36334761877
VCT,1968,NA,1731.76374528238
VCT,1969,NA,1763.78570808684
VCT,1970,NA,1934.87879878276
VCT,1971,NA,1973.63270190958
VCT,1972,NA,2460.13810369449
VCT,1973,NA,2167.06343180797
VCT,1974,NA,1958.74772085188
VCT,1975,NA,1794.73156560767
VCT,1976,NA,1965.11159232195
VCT,1977,NA,2207.58884292469
VCT,1978,NA,2405.13717985941
VCT,1979,NA,2469.59167179968
VCT,1980,NA,2512.0737321349998
VCT,1981,NA,2606.46896497627
VCT,1982,NA,2700.13153397121
VCT,1983,NA,2736.24784932873
VCT,1984,NA,2893.47310426376
VCT,1985,NA,3049.08141735958
VCT,1986,NA,3196.98770124886
VCT,1987,NA,3189.97346395772
VCT,1988,NA,3617.34725271639
VCT,1989,NA,3647.95195151703
VCT,1990,NA,3780.96337902128
VCT,1991,NA,3809.92855111594
VCT,1992,NA,4042.58490087582
VCT,1993,NA,4205.9756394851
VCT,1994,NA,4146.76955393898
VCT,1995,NA,4463.73517266995
VCT,1996,NA,4518.34640430572
VCT,1997,NA,4675.81188533373
VCT,1998,NA,4865.3845953016
VCT,1999,NA,4989.05262665376
VCT,2000,NA,5062.8308005303
VCT,2001,NA,5153.33775703972
VCT,2002,NA,5436.01127697085
VCT,2003,NA,5810.31291683019
VCT,2004,NA,6065.79528129188
VCT,2005,NA,6238.03062132233
VCT,2006,NA,6700.48065597991
VCT,2007,NA,6953.11709388397
VCT,2008,NA,7012.88002960716
VCT,2009,NA,6948.77356913743
VCT,2010,NA,6671.2735357515
VCT,2011,NA,6667.81702530981
VCT,2012,NA,6783.80062180219
VCT,2013,NA,6989.48254510922
VCT,2014,NA,7116.35480304653
VCT,2015,NA,7353.73556054184
VCT,2016,NA,7702.61696422722
VCT,2017,NA,7864.94736898375
VCT,2018,NA,8171.70522599219
VCT,2019,NA,8285.71577107771
VCT,2020,NA,8025.28499765773
VCT,2021,NA,8139.63685875735
VCT,2022,NA,8790.37418570094
VCT,2023,NA,9385.71082837004
VEN,1960,NA,NA
VEN,1961,NA,NA
VEN,1962,NA,NA
VEN,1963,NA,NA
VEN,1964,NA,NA
VEN,1965,NA,NA
VEN,1966,NA,NA
VEN,1967,NA,NA
VEN,1968,NA,NA
VEN,1969,NA,NA
VEN,1970,NA,NA
VEN,1971,NA,NA
VEN,1972,NA,NA
VEN,1973,NA,NA
VEN,1974,NA,NA
VEN,1975,NA,NA
VEN,1976,NA,NA
VEN,1977,NA,NA
VEN,1978,NA,NA
VEN,1979,NA,NA
VEN,1980,NA,NA
VEN,1981,NA,NA
VEN,1982,NA,NA
VEN,1983,NA,NA
VEN,1984,NA,NA
VEN,1985,NA,NA
VEN,1986,NA,NA
VEN,1987,NA,NA
VEN,1988,NA,NA
VEN,1989,NA,NA
VEN,1990,NA,NA
VEN,1991,NA,NA
VEN,1992,NA,NA
VEN,1993,NA,NA
VEN,1994,NA,NA
VEN,1995,NA,NA
VEN,1996,NA,NA
VEN,1997,NA,NA
VEN,1998,NA,NA
VEN,1999,NA,NA
VEN,2000,NA,NA
VEN,2001,NA,NA
VEN,2002,NA,NA
VEN,2003,NA,NA
VEN,2004,NA,NA
VEN,2005,NA,NA
VEN,2006,NA,NA
VEN,2007,NA,NA
VEN,2008,NA,NA
VEN,2009,NA,NA
VEN,2010,NA,NA
VEN,2011,NA,NA
VEN,2012,NA,NA
VEN,2013,NA,NA
VEN,2014,NA,NA
VEN,2015,NA,NA
VEN,2016,NA,NA
VEN,2017,NA,NA
VEN,2018,NA,NA
VEN,2019,NA,NA
VEN,2020,NA,NA
VEN,2021,NA,NA
VEN,2022,NA,NA
VEN,2023,NA,NA
VGB,1960,NA,NA
VGB,1961,NA,NA
VGB,1962,NA,NA
VGB,1963,NA,NA
VGB,1964,NA,NA
VGB,1965,NA,NA
VGB,1966,NA,NA
VGB,1967,NA,NA
VGB,1968,NA,NA
VGB,1969,NA,NA
VGB,1970,NA,NA
VGB,1971,NA,NA
VGB,1972,NA,NA
VGB,1973,NA,NA
VGB,1974,NA,NA
VGB,1975,NA,NA
VGB,1976,NA,NA
VGB,1977,NA,NA
VGB,1978,NA,NA
VGB,1979,NA,NA
VGB,1980,NA,NA
VGB,1981,NA,NA
VGB,1982,NA,NA
VGB,1983,NA,NA
VGB,1984,NA,NA
VGB,1985,NA,NA
VGB,1986,NA,NA
VGB,1987,NA,NA
VGB,1988,NA,NA
VGB,1989,NA,NA
VGB,1990,NA,NA
VGB,1991,NA,NA
VGB,1992,NA,NA
VGB,1993,NA,NA
VGB,1994,NA,NA
VGB,1995,NA,NA
VGB,1996,NA,NA
VGB,1997,NA,NA
VGB,1998,NA,NA
VGB,1999,NA,NA
VGB,2000,NA,NA
VGB,2001,NA,NA
VGB,2002,NA,NA
VGB,2003,NA,NA
VGB,2004,NA,NA
VGB,2005,NA,NA
VGB,2006,NA,NA
VGB,2007,NA,NA
VGB,2008,NA,NA
VGB,2009,NA,NA
VGB,2010,NA,NA
VGB,2011,NA,NA
VGB,2012,NA,NA
VGB,2013,NA,NA
VGB,2014,NA,NA
VGB,2015,NA,NA
VGB,2016,NA,NA
VGB,2017,NA,NA
VGB,2018,NA,NA
VGB,2019,NA,NA
VGB,2020,NA,NA
VGB,2021,NA,NA
VGB,2022,NA,NA
VGB,2023,NA,NA
VIR,1960,NA,NA
VIR,1961,NA,NA
VIR,1962,NA,NA
VIR,1963,NA,NA
VIR,1964,NA,NA
VIR,1965,NA,NA
VIR,1966,NA,NA
VIR,1967,NA,NA
VIR,1968,NA,NA
VIR,1969,NA,NA
VIR,1970,NA,NA
VIR,1971,NA,NA
VIR,1972,NA,NA
VIR,1973,NA,NA
VIR,1974,NA,NA
VIR,1975,NA,NA
VIR,1976,NA,NA
VIR,1977,NA,NA
VIR,1978,NA,NA
VIR,1979,NA,NA
VIR,1980,NA,NA
VIR,1981,NA,NA
VIR,1982,NA,NA
VIR,1983,NA,NA
VIR,1984,NA,NA
VIR,1985,NA,NA
VIR,1986,NA,NA
VIR,1987,NA,NA
VIR,1988,NA,NA
VIR,1989,NA,NA
VIR,1990,NA,NA
VIR,1991,NA,NA
VIR,1992,NA,NA
VIR,1993,NA,NA
VIR,1994,NA,NA
VIR,1995,NA,NA
VIR,1996,NA,NA
VIR,1997,NA,NA
VIR,1998,NA,NA
VIR,1999,NA,NA
VIR,2000,NA,NA
VIR,2001,NA,NA
VIR,2002,21875.5218870073,43205.7246740388
VIR,2003,22419.6619652637,43036.1815136022
VIR,2004,23409.8896201141,44466.2872190216
VIR,2005,25234.212969983,46021.5905731819
VIR,2006,26790.3779711075,47671.567182812
VIR,2007,25394.8893868636,49598.125907942704
VIR,2008,24283.5411430015,50174.7528938473
VIR,2009,24863.9771452996,46862.8076001874
VIR,2010,25170.6627819089,47162.7375570431
VIR,2011,24966.5609254221,43320.176769501
VIR,2012,24167.9309438086,36938.1682086351
VIR,2013,23492.4038051845,34663.6460602129
VIR,2014,23268.1728461944,34098.7109972738
VIR,2015,23804.2186571598,34007.3529411765
VIR,2016,23780.2744137102,34614.7482633247
VIR,2017,23302.1144732014,34435.4944455756
VIR,2018,23498.4175388136,35174.1019944986
VIR,2019,25016.2942368976,36309.7438446842
VIR,2020,23957.2594192383,35850.7433148653
VIR,2021,24325.844603882,37313.0484931531
VIR,2022,24186.0109068988,36983.431060272
VIR,2023,NA,NA
VNM,1960,NA,NA
VNM,1961,NA,NA
VNM,1962,NA,NA
VNM,1963,NA,NA
VNM,1964,NA,NA
VNM,1965,NA,NA
VNM,1966,NA,NA
VNM,1967,NA,NA
VNM,1968,NA,NA
VNM,1969,NA,NA
VNM,1970,NA,NA
VNM,1971,NA,NA
VNM,1972,NA,NA
VNM,1973,NA,NA
VNM,1974,NA,NA
VNM,1975,NA,NA
VNM,1976,NA,NA
VNM,1977,NA,NA
VNM,1978,NA,NA
VNM,1979,NA,NA
VNM,1980,NA,NA
VNM,1981,NA,NA
VNM,1982,NA,NA
VNM,1983,NA,NA
VNM,1984,NA,595.491333343053
VNM,1985,NA,603.977495797078
VNM,1986,NA,607.58999788783
VNM,1987,NA,616.715148033271
VNM,1988,NA,635.398203948006
VNM,1989,NA,668.323172497837
VNM,1990,NA,687.860316254161
VNM,1991,NA,713.747210806804
VNM,1992,NA,759.910853953724
VNM,1993,NA,805.606443630458
VNM,1994,555.820883287606,861.122422555836
VNM,1995,586.032861614582,927.625512005765
VNM,1996,629.641466512003,998.924907248853
VNM,1997,657.243519357263,1064.77802859908
VNM,1998,676.808476868987,1110.1126773248
VNM,1999,685.387225978458,1148.04465210832
VNM,2000,698.535823783014,1212.19657794381
VNM,2001,722.139750923543,1273.8052690094
VNM,2002,769.302134591335,1340.51670460271
VNM,2003,822.661744463591,1418.74337471509
VNM,2004,872.522555615667,1510.94449049599
VNM,2005,927.207546825184,1609.96268313651
VNM,2006,983.338966800829,1699.67620343393
VNM,2007,1060.58990099741,1788.9485028957
VNM,2008,1121.24174597107,1856.00519883979
VNM,2009,1129.46338130452,1927.13427057454
VNM,2010,1208.01982428179,2027.58184375924
VNM,2011,1257.71592530498,2132.90453762087
VNM,2012,1303.86044900405,2224.11404253256
VNM,2013,1355.56667726476,2320.08431444934
VNM,2014,1423.30860866042,2439.28655744423
VNM,2015,1529.33937267271,2577.56885340113
VNM,2016,1607.59975033856,2715.57887431272
VNM,2017,1702.03780766968,2868.13680013379
VNM,2018,1799.43141796784,3048.28327602145
VNM,2019,1907.19316863783,3241.07648966529
VNM,2020,1896.76740474565,3303.16949807493
VNM,2021,1921.1703658127,3358.21734764714
VNM,2022,2053.24337925702,3603.86454848348
VNM,2023,2111.06869452917,3760.39771392507
VUT,1960,NA,NA
VUT,1961,NA,NA
VUT,1962,NA,NA
VUT,1963,NA,NA
VUT,1964,NA,NA
VUT,1965,NA,NA
VUT,1966,NA,NA
VUT,1967,NA,NA
VUT,1968,NA,NA
VUT,1969,NA,NA
VUT,1970,NA,NA
VUT,1971,NA,NA
VUT,1972,NA,NA
VUT,1973,NA,NA
VUT,1974,NA,NA
VUT,1975,NA,NA
VUT,1976,NA,NA
VUT,1977,NA,NA
VUT,1978,NA,NA
VUT,1979,NA,2945.84276839669
VUT,1980,NA,2550.89858735467
VUT,1981,NA,2604.28011751948
VUT,1982,NA,2594.70929363016
VUT,1983,NA,2608.93239624515
VUT,1984,NA,2788.76968941965
VUT,1985,NA,2746.54222304121
VUT,1986,NA,2673.41876072726
VUT,1987,NA,2530.44415483704
VUT,1988,NA,2424.5311059814
VUT,1989,NA,2399.6672416003
VUT,1990,NA,2613.88857994846
VUT,1991,NA,2629.91166309721
VUT,1992,NA,2631.76192140948
VUT,1993,NA,2587.0267039921
VUT,1994,NA,2755.42371758639
VUT,1995,NA,2719.42786074845
VUT,1996,NA,2721.27101129192
VUT,1997,NA,2794.06558923154
VUT,1998,NA,2768.49452460382
VUT,1999,NA,2720.84088285459
VUT,2000,NA,2816.55467270142
VUT,2001,NA,2653.20552077911
VUT,2002,1808.55483202273,2453.23063016525
VUT,2003,1807.35423455169,2496.20135524205
VUT,2004,1803.56431644237,2533.08456900312
VUT,2005,1805.36147912527,2603.5705693897
VUT,2006,1813.81667594164,2756.32885029318
VUT,2007,1792.64107564252,2767.00051145415
VUT,2008,1806.8873930451,2849.60529447634
VUT,2009,1812.66649980769,2862.54154137255
VUT,2010,1818.92641376484,2831.4561125716
VUT,2011,1835.43198063212,2857.67479579179
VUT,2012,1849.98540609422,2823.80523018966
VUT,2013,1870.46462771424,2774.47446807163
VUT,2014,1911.600732601,2798.19313971776
VUT,2015,1880.68969093452,2746.59171880997
VUT,2016,1999.14396076673,2812.11360434484
VUT,2017,1916.70933924051,2920.84492140374
VUT,2018,1933.4505450664,2934.41548444085
VUT,2019,1897.93126889867,2959.73897696398
VUT,2020,NA,2747.30576044379
VUT,2021,NA,2642.67305152596
VUT,2022,NA,2631.5518630347
VUT,2023,NA,2627.97526807247
WLD,1960,NA,3663.7701527623
WLD,1961,NA,3757.69357007506
WLD,1962,NA,3888.28860469546
WLD,1963,NA,3997.78336817062
WLD,1964,NA,4172.37726312288
WLD,1965,NA,4316.53376060606
WLD,1966,NA,4457.012310958
WLD,1967,NA,4529.96517324662
WLD,1968,NA,4701.09574866365
WLD,1969,NA,4879.87449960408
WLD,1970,2856.52824986397,4958.71552045109
WLD,1971,2925.21289309179,5063.1230843807
WLD,1972,3037.82370904471,5240.99620386351
WLD,1973,3140.74237753051,5467.33381788283
WLD,1974,3121.1439972032,5466.14136004859
WLD,1975,3138.53563159414,5395.81384275473
WLD,1976,3235.18253078999,5574.44154057211
WLD,1977,3296.92020993539,5697.05671330475
WLD,1978,3369.71752539826,5830.98162353434
WLD,1979,3433.49169696973,5968.19065755011
WLD,1980,3453.05572551696,5974.27298745109
WLD,1981,3438.92895671363,5983.21087724751
WLD,1982,3429.02875513883,5896.62829900794
WLD,1983,3473.20707135403,5944.08249055152
WLD,1984,3527.03277771305,6113.50132011624
WLD,1985,3592.00146003641,6229.49990683662
WLD,1986,3672.63039704805,6317.66501850081
WLD,1987,3729.33116458593,6438.32934931266
WLD,1988,3806.99477860836,6612.63699507698
WLD,1989,3867.73838950559,6739.72203988008
WLD,1990,3924.57725625111,6803.46923482251
WLD,1991,3916.20267589735,6771.78886041371
WLD,1992,3959.57391537946,6796.9438491341
WLD,1993,3977.75389715501,6813.00428035926
WLD,1994,4038.10545884189,6933.47221586059
WLD,1995,4092.86274567682,7041.51087766755
WLD,1996,4180.35035930738,7185.89246984118
WLD,1997,4259.61642470843,7361.43597647897
WLD,1998,4332.72340493741,7462.64757676217
WLD,1999,4441.7185551978,7623.19337595981
WLD,2000,4572.29117612139,7860.786848845
WLD,2001,4629.40782602086,7913.75899811837
WLD,2002,4684.62024484101,7991.6121387853
WLD,2003,4752.8183409683,8133.26787994696
WLD,2004,4868.07161927097,8388.57164000348
WLD,2005,4994.17681030843,8615.66970392056
WLD,2006,5109.68570126794,8886.35781026098
WLD,2007,5248.15373366647,9158.834795914
WLD,2008,5276.85709464146,9229.51987381124
WLD,2009,5198.45917366071,8992.39991499057
WLD,2010,5305.51612132125,9285.12470951529
WLD,2011,5406.8790989597,9479.09259545649
WLD,2012,5470.63090569002,9612.70030162851
WLD,2013,5549.29729892753,9767.04072293629
WLD,2014,5642.0265030077,9951.54042382443
WLD,2015,5744.72332404683,10142.1434788123
WLD,2016,5847.61308511613,10306.9442164806
WLD,2017,5983.70821259121,10542.823670637
WLD,2018,6111.04143352251,10772.3083641934
WLD,2019,6202.85371312122,10946.228001277
WLD,2020,5864.05080383576,10523.9210942655
WLD,2021,6241.23619912078,11100.2937029545
WLD,2022,6417.90997485573,11361.0504299664
WLD,2023,6531.30485732285,11578.7800104043
WSM,1960,NA,NA
WSM,1961,NA,NA
WSM,1962,NA,NA
WSM,1963,NA,NA
WSM,1964,NA,NA
WSM,1965,NA,NA
WSM,1966,NA,NA
WSM,1967,NA,NA
WSM,1968,NA,NA
WSM,1969,NA,NA
WSM,1970,NA,2426.50140905931
WSM,1971,NA,2713.75861507558
WSM,1972,NA,2718.01973633836
WSM,1973,NA,2876.83917859234
WSM,1974,NA,2519.47781408786
WSM,1975,NA,2361.78247984541
WSM,1976,NA,2520.01001063196
WSM,1977,NA,2459.15342216343
WSM,1978,NA,2586.58842793436
WSM,1979,NA,2842.21967740579
WSM,1980,NA,2642.83412063183
WSM,1981,NA,2384.5320209018
WSM,1982,NA,2350.19488924474
WSM,1983,NA,2357.06875047975
WSM,1984,NA,2386.24368254951
WSM,1985,NA,2478.98471196715
WSM,1986,NA,2612.12337560311
WSM,1987,NA,2615.34940653937
WSM,1988,NA,2567.13985910386
WSM,1989,NA,2655.65474358004
WSM,1990,NA,2534.12204893501
WSM,1991,NA,2471.07143007975
WSM,1992,NA,2452.18685335209
WSM,1993,NA,2531.28193070432
WSM,1994,NA,2447.20260205264
WSM,1995,NA,2589.40524057852
WSM,1996,NA,2751.65426684601
WSM,1997,NA,2746.33660844689
WSM,1998,NA,2785.31171323751
WSM,1999,NA,2824.55330392791
WSM,2000,NA,2945.37217923198
WSM,2001,NA,3137.46403765812
WSM,2002,NA,3291.3424477268
WSM,2003,NA,3444.99857743289
WSM,2004,NA,3535.73813824914
WSM,2005,NA,3755.78242822467
WSM,2006,NA,3820.92239453139
WSM,2007,NA,3818.25503804332
WSM,2008,NA,3925.8743329936
WSM,2009,2891.23405718684,3875.94291686166
WSM,2010,2850.34966747897,4081.15535978003
WSM,2011,2862.11836868212,4201.45663738908
WSM,2012,2746.18707260763,4007.91092846814
WSM,2013,2849.12094760682,3976.39289268132
WSM,2014,2836.36436381476,3967.23730470679
WSM,2015,2827.37159756191,4084.36083819933
WSM,2016,2959.19425727541,4373.23792440391
WSM,2017,3048.14358956524,4393.37316255965
WSM,2018,2932.53919538019,4321.00518344962
WSM,2019,2920.92655678271,4466.08075482035
WSM,2020,2985.00710240773,4283.0728033797805
WSM,2021,3254.3807164387,3945.71948874755
WSM,2022,3105.52096763598,3710.62462714769
WSM,2023,3209.69458582044,4003.07590158729
XD,1960,NA,10295.883196853
XD,1961,NA,10624.968956425
XD,1962,NA,11083.9650881718
XD,1963,NA,11504.4026797396
XD,1964,NA,12091.5124351846
XD,1965,NA,12615.7364186254
XD,1966,NA,13179.020216149
XD,1967,NA,13552.3256863641
XD,1968,NA,14217.7784614197
XD,1969,NA,14875.4674733881
XD,1970,8450.37947574511,15184.7013790328
XD,1971,8728.94540616188,15610.4896906445
XD,1972,9167.31790612319,16313.4559229288
XD,1973,9585.1746068572,17186.6844773279
XD,1974,9556.94275216889,17233.9592742453
XD,1975,9696.78557649711,17061.9739608902
XD,1976,10067.3570977124,17765.6060614595
XD,1977,10322.9020071223,18310.2600849457
XD,1978,10648.00765436,18939.8539405611
XD,1979,10928.9982785886,19557.0921467305
XD,1980,10939.3632060736,19654.811123812
XD,1981,10994.8978433659,19882.7878470901
XD,1982,11089.3361498545,19706.0602992056
XD,1983,11397.3823818932,20133.9430130715
XD,1984,11704.5441706113,20939.7515836419
XD,1985,12077.4466497046,21541.7283056283
XD,1986,12499.533668826,22070.129829884
XD,1987,12889.6855376825,22700.9281353033
XD,1988,13360.1090859749,23597.8808669879
XD,1989,13740.7353531871,24343.0862300414
XD,1990,14038.1698188438,24827.5821668667
XD,1991,14098.6964526126,24861.5359728868
XD,1992,14391.8745061879,25056.8020768906
XD,1993,14575.3072279685,25161.9752774714
XD,1994,14934.4073955927,25734.0732614093
XD,1995,15241.8796763403,26281.5705098371
XD,1996,15629.4452619464,26890.1444081501
XD,1997,16016.8925656555,27677.8242448318
XD,1998,16450.6622417719,28276.7048775566
XD,1999,17037.6675276128,29137.7623621406
XD,2000,17643.2783396002,30227.7396295462
XD,2001,17991.7105880098,30555.2102418971
XD,2002,18307.2447233078,30899.1348068323
XD,2003,18644.1941639572,31445.0152204834
XD,2004,19134.3955824612,32378.0546064549
XD,2005,19631.1242173314,33169.9395398545
XD,2006,20064.2020997536,34044.1248005209
XD,2007,20513.5717115171,34786.347201686
XD,2008,20533.0660780987,34779.4822398795
XD,2009,20126.4803118355,33409.0487305645
XD,2010,20416.9605359041,34274.1828391662
XD,2011,20619.7659184523,34826.2859921415
XD,2012,20749.4712755422,35130.8015824535
XD,2013,20936.1007551286,35478.37119258
XD,2014,21244.763237739,36034.5293859659
XD,2015,21598.8006848134,36650.4490056998
XD,2016,21928.214727056,37099.8521867273
XD,2017,22369.4387534433,37850.4095135213
XD,2018,22813.9701084917,38622.6942530784
XD,2019,23138.8261894246,39238.8060369159
XD,2020,21881.7743972249,37554.0889748248
XD,2021,23336.7544016972,39793.3650873258
XD,2022,24050.3874496264,40772.6790481027
XD,2023,24427.3656379914,41278.2912920735
XKX,1960,NA,NA
XKX,1961,NA,NA
XKX,1962,NA,NA
XKX,1963,NA,NA
XKX,1964,NA,NA
XKX,1965,NA,NA
XKX,1966,NA,NA
XKX,1967,NA,NA
XKX,1968,NA,NA
XKX,1969,NA,NA
XKX,1970,NA,NA
XKX,1971,NA,NA
XKX,1972,NA,NA
XKX,1973,NA,NA
XKX,1974,NA,NA
XKX,1975,NA,NA
XKX,1976,NA,NA
XKX,1977,NA,NA
XKX,1978,NA,NA
XKX,1979,NA,NA
XKX,1980,NA,NA
XKX,1981,NA,NA
XKX,1982,NA,NA
XKX,1983,NA,NA
XKX,1984,NA,NA
XKX,1985,NA,NA
XKX,1986,NA,NA
XKX,1987,NA,NA
XKX,1988,NA,NA
XKX,1989,NA,NA
XKX,1990,NA,NA
XKX,1991,NA,NA
XKX,1992,NA,NA
XKX,1993,NA,NA
XKX,1994,NA,NA
XKX,1995,NA,NA
XKX,1996,NA,NA
XKX,1997,NA,NA
XKX,1998,NA,NA
XKX,1999,NA,NA
XKX,2000,NA,NA
XKX,2001,NA,NA
XKX,2002,NA,NA
XKX,2003,NA,NA
XKX,2004,NA,NA
XKX,2005,NA,NA
XKX,2006,NA,NA
XKX,2007,NA,NA
XKX,2008,2301.78679208164,2543.59926351696
XKX,2009,2453.7294489146,2680.86121521141
XKX,2010,2537.55687961073,2822.63359634011
XKX,2011,2618.62102165938,2995.64952029477
XKX,2012,2674.97368557277,3021.35142613995
XKX,2013,2755.59527226326,3163.47189486431
XKX,2014,2925.55524380653,3279.02499043758
XKX,2015,2995.24768617069,3520.62850699375
XKX,2016,3126.18640849765,3739.17562318261
XKX,2017,3196.96467703046,3890.17807271082
XKX,2018,3325.14808284043,4009.12140760339
XKX,2019,3528.60442871639,4219.06693858503
XKX,2020,3613.80095623022,3990.94390114906
XKX,2021,3886.82512508438,4429.87349503716
XKX,2022,4061.56435093235,4666.3913779077
XKX,2023,4216.97452468559,4888.63522764435
XM,1960,NA,NA
XM,1961,NA,NA
XM,1962,NA,NA
XM,1963,NA,NA
XM,1964,NA,NA
XM,1965,NA,NA
XM,1966,NA,NA
XM,1967,NA,642.136339057381
XM,1968,NA,647.103762833505
XM,1969,NA,666.337806244661
XM,1970,NA,667.694798084865
XM,1971,NA,681.163434175495
XM,1972,NA,675.441521972986
XM,1973,NA,668.325479388281
XM,1974,NA,688.863770613314
XM,1975,NA,688.118614283213
XM,1976,NA,691.61412010484
XM,1977,NA,693.333454597071
XM,1978,NA,674.64383280435
XM,1979,NA,659.440960633838
XM,1980,NA,663.735504875671
XM,1981,NA,669.365894748003
XM,1982,NA,661.576600214665
XM,1983,NA,653.878262406545
XM,1984,NA,631.572435577803
XM,1985,NA,618.771540309881
XM,1986,NA,618.980054445491
XM,1987,NA,633.629925449564
XM,1988,NA,638.158289042182
XM,1989,NA,620.440348381131
XM,1990,NA,587.987990681615
XM,1991,NA,580.013371242991
XM,1992,NA,562.570967123795
XM,1993,524.663513314438,551.011975255862
XM,1994,476.0994583717,543.794500030119
XM,1995,497.501720969944,554.762809913548
XM,1996,520.638567304635,569.590533614364
XM,1997,511.299335089455,587.669313868326
XM,1998,542.429626904449,594.396799450095
XM,1999,520.908923956865,593.000502427942
XM,2000,495.099504760985,595.736836461037
XM,2001,502.539954033856,604.592767334068
XM,2002,510.746786043407,616.062304725903
XM,2003,531.48531239549,627.304938172516
XM,2004,553.204465278628,647.073628204924
XM,2005,579.960999356267,669.992081174442
XM,2006,577.194301416788,688.79612847704
XM,2007,602.178569712135,709.850321837742
XM,2008,620.975352623186,728.036625685512
XM,2009,635.338797965677,736.923431896773
XM,2010,648.646604996065,766.441379598308
XM,2011,619.106123927292,751.204633160986
XM,2012,603.285608307221,708.135310633467
XM,2013,585.844725899396,715.28728739233
XM,2014,585.652951847919,728.61558844232
XM,2015,564.951586879473,705.461511003203
XM,2016,567.487862026504,701.334623366362
XM,2017,558.89605701528,703.849829130957
XM,2018,549.659534338509,707.797827783632
XM,2019,565.893025799186,717.5246852737
XM,2020,540.020019323033,699.867964986009
XM,2021,544.192988065727,695.983303529678
XM,2022,549.080277473197,702.753973893292
XM,2023,535.857286405915,699.366859579584
XN,1960,460.247494048125,541.198561597846
XN,1961,465.240056438192,545.170277042064
XN,1962,463.958414145961,551.958354073744
XN,1963,473.124293019053,571.31125029455
XN,1964,490.377633873834,593.705025122623
XN,1965,487.683521580622,591.433151258129
XN,1966,489.780271637546,585.655354079328
XN,1967,496.296086181354,581.232209950899
XN,1968,499.20687190917,589.69908703856
XN,1969,504.643662127057,621.356863525288
XN,1970,512.8519808375,650.446154947394
XN,1971,512.709016026163,666.166884970225
XN,1972,504.647496231647,662.067732233536
XN,1973,494.354798263187,675.827424513052
XN,1974,485.835835816631,691.466186864685
XN,1975,490.649661921758,698.298238952427
XN,1976,498.101947534021,718.784165668235
XN,1977,508.818614851816,741.195600685946
XN,1978,524.208279018942,750.583236003626
XN,1979,507.683930459352,743.50319987206
XN,1980,529.668844106187,762.317715490087
XN,1981,527.980698972535,757.61522768529
XN,1982,522.832931892515,754.806363860459
XN,1983,536.53205132982,752.568337432818
XN,1984,542.612952294484,753.617722763495
XN,1985,544.897102384503,764.148492606521
XN,1986,554.694878927913,774.041430239784
XN,1987,559.905999900576,782.61129953374
XN,1988,579.706698958469,815.11825207892
XN,1989,585.779879802752,825.128257832579
XN,1990,595.996978414952,845.831669066405
XN,1991,597.903511833353,843.543524491894
XN,1992,609.985665467681,855.018731642323
XN,1993,618.01425185272,855.677811633073
XN,1994,628.2212969135,870.257736886816
XN,1995,646.905869375179,895.096307626118
XN,1996,672.009451847693,931.686768414786
XN,1997,679.494575660156,948.436414964165
XN,1998,698.639166025243,970.824399157023
XN,1999,720.733823938078,1002.17619901362
XN,2000,730.592670612988,1023.47003051099
XN,2001,750.770948221079,1046.81913859897
XN,2002,756.373479489166,1073.25093468452
XN,2003,779.437476905442,1116.06420157097
XN,2004,805.052903990066,1173.20961612207
XN,2005,844.993095836815,1229.63564340848
XN,2006,871.506616190916,1292.12847911088
XN,2007,911.816913148039,1356.8539645856
XN,2008,936.790905529832,1394.64826573588
XN,2009,958.72284224979,1452.53175010443
XN,2010,997.386477233012,1525.69383368958
XN,2011,1040.1927007007,1571.45370578698
XN,2012,1080.43690229103,1625.50329601707
XN,2013,1125.2445194306,1690.44900111561
XN,2014,1168.79269043697,1765.41194025762
XN,2015,1223.22610457557,1841.84526127088
XN,2016,1280.90545552561,1918.02606901038
XN,2017,1331.19874616954,1993.50001483349
XN,2018,1387.57425886753,2072.43733980431
XN,2019,1431.51606621347,2127.52778960941
XN,2020,1367.85042205773,2023.50424369151
XN,2021,1464.91822020715,2131.15699187599
XN,2022,1536.0559251566,2228.04437455405
XN,2023,1573.53625026108,2322.16569185251
XT,1960,NA,1015.98362652962
XT,1961,NA,1015.11964604187
XT,1962,NA,1030.40236523022
XT,1963,NA,1049.86760160882
XT,1964,NA,1113.92287245643
XT,1965,NA,1170.88661056441
XT,1966,NA,1211.80361694032
XT,1967,NA,1226.6011915757001
XT,1968,NA,1279.22109534067
XT,1969,NA,1350.36424806151
XT,1970,NA,1426.24086976782
XT,1971,NA,1482.70952776772
XT,1972,NA,1559.19916638988
XT,1973,NA,1641.93135197249
XT,1974,NA,1709.20543774114
XT,1975,NA,1751.2774652411
XT,1976,NA,1831.80068250083
XT,1977,NA,1878.00682276993
XT,1978,NA,1915.49903921931
XT,1979,NA,1987.8085269612
XT,1980,NA,2045.11290704172
XT,1981,NA,2047.330901723
XT,1982,NA,2071.69250640154
XT,1983,NA,2064.18792232391
XT,1984,NA,2138.38523218184
XT,1985,NA,2200.5677032472
XT,1986,NA,2241.78647658737
XT,1987,NA,2310.69131844954
XT,1988,NA,2347.02689119171
XT,1989,NA,2375.72710959383
XT,1990,NA,2400.9102546406
XT,1991,NA,2437.6730342259
XT,1992,NA,2512.2135024024
XT,1993,NA,2625.30697717837
XT,1994,NA,2735.52946849983
XT,1995,1492.4081023464,2821.67491317247
XT,1996,1559.41803737549,2960.96670654637
XT,1997,1624.60869672373,3104.59429747047
XT,1998,1639.34386334532,3160.96041849993
XT,1999,1670.2616531848,3227.62476508189
XT,2000,1759.32938186,3385.41848495362
XT,2001,1787.31056373025,3467.73286872276
XT,2002,1838.58448611909,3601.25165395214
XT,2003,1897.19922953888,3779.59043001843
XT,2004,1996.21499332259,4040.88961686785
XT,2005,2111.14622507999,4306.56083878227
XT,2006,2244.32896140818,4638.26086011408
XT,2007,2411.68123175489,5036.71294379497
XT,2008,2523.37521893748,5309.44482273674
XT,2009,2579.39733797435,5448.9363158691
XT,2010,2769.19080770095,5866.38250361723
XT,2011,2994.52057792996,6221.6958887103
XT,2012,3146.40515725838,6520.45287038627
XT,2013,3300.83595182745,6824.43988947578
XT,2014,3432.68751673997,7099.86764347974
XT,2015,3557.65140588388,7359.58786997586
XT,2016,3691.38023616011,7635.18739610202
XT,2017,3883.65400028974,7979.62479616187
XT,2018,4054.73623581858,8308.52049403489
XT,2019,4195.70734822597,8588.75425941534
XT,2020,4023.71892408313,8499.78691038916
XT,2021,4382.78298570513,9109.74712237171
XT,2022,4527.42847286089,9387.30591617272
XT,2023,NA,9780.01458190227
XY,1960,NA,NA
XY,1961,NA,NA
XY,1962,NA,NA
XY,1963,NA,NA
XY,1964,NA,NA
XY,1965,NA,NA
XY,1966,NA,NA
XY,1967,NA,NA
XY,1968,NA,NA
XY,1969,NA,NA
XY,1970,NA,NA
XY,1971,NA,NA
XY,1972,NA,NA
XY,1973,NA,NA
XY,1974,NA,NA
XY,1975,NA,NA
XY,1976,NA,NA
XY,1977,NA,NA
XY,1978,NA,NA
XY,1979,NA,NA
XY,1980,NA,NA
XY,1981,NA,NA
XY,1982,NA,NA
XY,1983,NA,NA
XY,1984,NA,NA
XY,1985,NA,NA
XY,1986,NA,NA
XY,1987,NA,NA
XY,1988,NA,NA
XY,1989,NA,NA
XY,1990,NA,NA
XY,1991,NA,NA
XY,1992,NA,NA
XY,1993,NA,NA
XY,1994,NA,NA
XY,1995,NA,NA
XY,1996,NA,NA
XY,1997,NA,NA
XY,1998,NA,NA
XY,1999,NA,NA
XY,2000,NA,NA
XY,2001,NA,NA
XY,2002,NA,NA
XY,2003,NA,NA
XY,2004,NA,NA
XY,2005,NA,NA
XY,2006,NA,NA
XY,2007,NA,NA
XY,2008,NA,NA
XY,2009,NA,NA
XY,2010,NA,NA
XY,2011,NA,NA
XY,2012,NA,NA
XY,2013,NA,NA
XY,2014,NA,NA
XY,2015,NA,NA
XY,2016,NA,NA
XY,2017,NA,NA
XY,2018,NA,NA
XY,2019,NA,NA
XY,2020,NA,NA
XY,2021,NA,NA
XY,2022,NA,NA
XY,2023,NA,NA
YEM,1960,NA,NA
YEM,1961,NA,NA
YEM,1962,NA,NA
YEM,1963,NA,NA
YEM,1964,NA,NA
YEM,1965,NA,NA
YEM,1966,NA,NA
YEM,1967,NA,NA
YEM,1968,NA,NA
YEM,1969,NA,NA
YEM,1970,NA,NA
YEM,1971,NA,NA
YEM,1972,NA,NA
YEM,1973,NA,NA
YEM,1974,NA,NA
YEM,1975,NA,NA
YEM,1976,NA,NA
YEM,1977,NA,NA
YEM,1978,NA,NA
YEM,1979,NA,NA
YEM,1980,NA,NA
YEM,1981,NA,NA
YEM,1982,NA,NA
YEM,1983,NA,NA
YEM,1984,NA,NA
YEM,1985,NA,NA
YEM,1986,NA,NA
YEM,1987,NA,NA
YEM,1988,NA,NA
YEM,1989,NA,NA
YEM,1990,1343.71456281075,1722.20804603751
YEM,1991,1459.10268936515,1761.79473713817
YEM,1992,1413.45826645334,1835.26369433182
YEM,1993,1524.46913569543,1838.26523617821
YEM,1994,1007.36432806299,1890.73714903489
YEM,1995,1172.59653704919,1927.40468487887
YEM,1996,1413.90445688789,1949.97903724732
YEM,1997,1351.87212418284,1987.60771112175
YEM,1998,1640.43860023956,2041.65169736742
YEM,1999,1426.73183575718,2053.77836722442
YEM,2000,1283.50768178599,2114.6525823037
YEM,2001,1404.09762674435,2129.7524709271
YEM,2002,1461.44361764823,2148.86820679085
YEM,2003,1465.06697069996,2164.84028042254
YEM,2004,1461.42594544531,2185.7692431503
YEM,2005,1449.97790938085,2237.61638583134
YEM,2006,1565.72724679597,2234.72145551311
YEM,2007,1682.00398305425,2235.72953632143
YEM,2008,1735.68882727993,2244.02361513149
YEM,2009,1894.24687075966,2257.44759202018
YEM,2010,1923.47446314395,2356.19957378133
YEM,2011,1692.83408480766,1994.83660778618
YEM,2012,1769.24716578989,1981.45797496849
YEM,2013,1760.87371665206,2014.72887966873
YEM,2014,1709.47463607187,1950.16251980681
YEM,2015,1377.07906055764,1362.17379435676
YEM,2016,1327.16965546774,1197.95864387491
YEM,2017,1300.03995900841,1103.4563343966
YEM,2018,1268.80610154982,1079.3293698114
YEM,2019,NA,1069.78648981973
YEM,2020,NA,951.130341070454
YEM,2021,NA,916.12989253681
YEM,2022,NA,903.53363397836
YEM,2023,NA,859.209303110809
ZAF,1960,1932.01435636987,3993.43679652042
ZAF,1961,1918.87554150683,4032.2227245037
ZAF,1962,1920.65813612502,4155.85711467972
ZAF,1963,1983.51694986184,4329.07391977209
ZAF,1964,2081.40554076951,4532.23430548773
ZAF,1965,2090.93597337246,4664.09699107786
ZAF,1966,2121.82316553538,4722.49942007925
ZAF,1967,2148.94638093536,4906.85685086378
ZAF,1968,2236.17552038567,4953.80064833126
ZAF,1969,2319.11387401783,5029.64691362757
ZAF,1970,2397.3284765971,5135.5615026895
ZAF,1971,2437.70533749945,5200.7432180827
ZAF,1972,2470.10758199433,5137.37692437712
ZAF,1973,2582.45455007292,5220.82176643606
ZAF,1974,2642.33954140678,5385.83133677931
ZAF,1975,2663.45852043598,5327.51843473453
ZAF,1976,2633.25046750151,5301.98639575895
ZAF,1977,2540.72739283497,5155.68575875517
ZAF,1978,2512.85104598969,5168.06930314104
ZAF,1979,2506.30496055702,5220.72505658187
ZAF,1980,2640.01786073514,5399.54067871187
ZAF,1981,2738.02796344755,5498.59203384975
ZAF,1982,2700.47430795738,5291.38261097586
ZAF,1983,2686.14581210705,5015.37142372166
ZAF,1984,2713.95955385227,5091.71936365917
ZAF,1985,2534.21346967508,4865.05694085787
ZAF,1986,2458.36958167001,4712.81869464239
ZAF,1987,2474.78305692868,4664.13011613961
ZAF,1988,2528.0399997291,4714.22284174624
ZAF,1989,2522.07598833106,4687.291051902
ZAF,1990,2523.37706649768,4544.23023212165
ZAF,1991,2453.62673673485,4396.36069450543
ZAF,1992,2375.64475385408,4225.814328485
ZAF,1993,2372.83871156459,4193.59826135345
ZAF,1994,2428.27434797448,4258.26184733408
ZAF,1995,2541.15409471409,4337.29729686998
ZAF,1996,2620.57873234903,4465.50649854807
ZAF,1997,2673.71959405042,4527.04992403877
ZAF,1998,2687.52695462476,4494.85711232358
ZAF,1999,2704.59566056638,4552.85007973031
ZAF,2000,2790.87333256822,4700.87555500704
ZAF,2001,2863.64362859344,4786.482450463
ZAF,2002,2926.64738075566,4916.81498068625
ZAF,2003,2979.67329962434,5011.62223150169
ZAF,2004,3133.88850423383,5187.35683424034
ZAF,2005,3292.59285317499,5406.07581377638
ZAF,2006,3545.15187583192,5650.9883176549
ZAF,2007,3736.59128772638,5891.42069421698
ZAF,2008,3738.48495480575,6009.71963138635
ZAF,2009,3598.40506129415,5847.05811084505
ZAF,2010,3758.2954469863,5953.94506512821
ZAF,2011,3862.59150955229,6067.12482726885
ZAF,2012,3928.83229159546,6121.55783860713
ZAF,2013,3924.37723618645,6170.87670863373
ZAF,2014,3887.5092778289,6155.00589462516
ZAF,2015,3892.36467286065,6112.27382485974
ZAF,2016,3882.24684198651,6095.295060428
ZAF,2017,3923.06239390757,6125.6920507497
ZAF,2018,3979.61388794625,6117.2701406047
ZAF,2019,3964.68391046959,6032.82972598668
ZAF,2020,3662.05562354671,5569.58483319272
ZAF,2021,3827.87807275593,5756.19549409213
ZAF,2022,3866.87072561405,5783.86090401536
ZAF,2023,3843.40860379836,5747.41965032482
ZMB,1960,NA,1187.70460116133
ZMB,1961,NA,1166.74596436267
ZMB,1962,NA,1102.4458219947
ZMB,1963,NA,1103.10813202806
ZMB,1964,NA,1199.39219025665
ZMB,1965,NA,1355.45680953779
ZMB,1966,NA,1239.68921603925
ZMB,1967,NA,1295.60864749847
ZMB,1968,NA,1270.07901687655
ZMB,1969,NA,1224.90387889791
ZMB,1970,NA,1246.65383007205
ZMB,1971,NA,1211.70972726075
ZMB,1972,NA,1286.57716971439
ZMB,1973,NA,1238.05913338778
ZMB,1974,NA,1279.53707253685
ZMB,1975,NA,1213.57721788882
ZMB,1976,NA,1250.5415032312
ZMB,1977,NA,1157.75814389903
ZMB,1978,NA,1129.47163480066
ZMB,1979,NA,1062.9629308153
ZMB,1980,NA,1062.93600223771
ZMB,1981,NA,1094.46195855082
ZMB,1982,NA,1030.04718157436
ZMB,1983,NA,977.759709968015
ZMB,1984,NA,944.930593972368
ZMB,1985,NA,931.808263595704
ZMB,1986,NA,910.944542362099
ZMB,1987,NA,908.680042753164
ZMB,1988,NA,939.599679398111
ZMB,1989,NA,905.747380200891
ZMB,1990,NA,878.589205998477
ZMB,1991,NA,856.761723583768
ZMB,1992,NA,821.850104215064
ZMB,1993,NA,857.039669609389
ZMB,1994,NA,764.639411345433
ZMB,1995,NA,768.035201563368
ZMB,1996,NA,796.018059633101
ZMB,1997,NA,805.53240180321
ZMB,1998,NA,781.663383813883
ZMB,1999,NA,796.377985981253
ZMB,2000,NA,804.48463418783
ZMB,2001,NA,822.020935308251
ZMB,2002,NA,833.021177549004
ZMB,2003,NA,863.650190656785
ZMB,2004,NA,895.475258534826
ZMB,2005,NA,929.079255855905
ZMB,2006,NA,968.563565019492
ZMB,2007,NA,1013.08567432637
ZMB,2008,NA,1053.58612301068
ZMB,2009,NA,1110.71918102486
ZMB,2010,NA,1183.41712409199
ZMB,2011,NA,1208.46424569634
ZMB,2012,NA,1258.78938578996
ZMB,2013,NA,1280.77012176778
ZMB,2014,NA,1299.01241762504
ZMB,2015,603.812058167838,1295.87788680068
ZMB,2016,NA,1303.57513869133
ZMB,2017,NA,1308.76829240086
ZMB,2018,NA,1321.25045711573
ZMB,2019,NA,1301.18132976178
ZMB,2020,NA,1228.73500113195
ZMB,2021,NA,1269.10821808895
ZMB,2022,NA,1298.8480495593
ZMB,2023,NA,1330.85998216751
ZWE,1960,NA,1136.47127085805
ZWE,1961,NA,1171.05203800967
ZWE,1962,NA,1151.0788328245
ZWE,1963,NA,1184.99899699303
ZWE,1964,NA,1135.5056094232
ZWE,1965,NA,1154.27107725284
ZWE,1966,NA,1135.49484325682
ZWE,1967,NA,1192.38410497335
ZWE,1968,NA,1178.12910842312
ZWE,1969,NA,1283.24326215818
ZWE,1970,NA,1525.24499086181
ZWE,1971,NA,1612.17868348534
ZWE,1972,NA,1693.61550232852
ZWE,1973,NA,1683.66943501132
ZWE,1974,NA,1738.11537915866
ZWE,1975,NA,1651.35208056141
ZWE,1976,NA,1609.30120459705
ZWE,1977,NA,1461.14780315799
ZWE,1978,NA,1401.16042055375
ZWE,1979,NA,1424.71763012991
ZWE,1980,NA,1539.01307384678
ZWE,1981,NA,1626.1619281116
ZWE,1982,NA,1605.23660956789
ZWE,1983,NA,1569.89269546597
ZWE,1984,NA,1486.16439269174
ZWE,1985,NA,1535.33572552354
ZWE,1986,NA,1515.9484853641
ZWE,1987,NA,1483.50575886295
ZWE,1988,NA,1545.85497423912
ZWE,1989,NA,1579.79623635923
ZWE,1990,NA,1644.76971212984
ZWE,1991,NA,1691.12400308824
ZWE,1992,NA,1495.83463360423
ZWE,1993,NA,1489.62921450639
ZWE,1994,NA,1625.27489638828
ZWE,1995,NA,1612.79519721935
ZWE,1996,NA,1750.57993742626
ZWE,1997,NA,1764.07413462982
ZWE,1998,NA,1779.83287281089
ZWE,1999,NA,1736.9388610477
ZWE,2000,NA,1668.42629652647
ZWE,2001,NA,1681.15753890747
ZWE,2002,NA,1516.96797300533
ZWE,2003,NA,1244.26624252479
ZWE,2004,NA,1159.34533235308
ZWE,2005,NA,1082.84189897767
ZWE,2006,NA,1032.70126370387
ZWE,2007,NA,981.948498265975
ZWE,2008,NA,798.773288408642
ZWE,2009,877.397212424696,882.279747653547
ZWE,2010,922.253639116711,1054.39791499785
ZWE,2011,927.292666252028,1187.31840676659
ZWE,2012,1128.08904813376,1352.13513611008
ZWE,2013,1098.92196499368,1375.85134222253
ZWE,2014,1056.25861352606,1377.25456014874
ZWE,2015,1241.0606615884,1386.42284717709
ZWE,2016,1095.42276485698,1379.62834257428
ZWE,2017,1094.8054764552,1415.35133209501
ZWE,2018,1106.7241875423,1464.31529361767
ZWE,2019,1025.85861962548,1350.30985088104
ZWE,2020,986.225762160864,1224.27231433409
ZWE,2021,983.877050060013,1305.22011277711
ZWE,2022,1010.57763676842,1361.91453034818
ZWE,2023,1014.61780655131,1410.7373112787
